work_id,mp_name,house,state,constituency,vendor_id,work_category,recommended_date,sanction_date,sanctioned_amount,expenditure_amount,completion_percent,beneficiary_ids,tenure_end,is_anomaly,anomaly_type
W-895408,AASHTIKAR PATIL NAGESH BAPURAO,Lok Sabha,Maharashtra,HINGOLI,V-243175,Sanitation,2024-05-15,2024-06-09,29645685.57,20523041.06,82,"B-108302,B-523421,B-592264,B-158437,B-875054",,False,
W-100818,AASHTIKAR PATIL NAGESH BAPURAO,Lok Sabha,Maharashtra,HINGOLI,V-264852,Education,2026-08-12,2026-08-29,136994307.6,130943604.17,57,"B-803404,B-273809,B-355342,B-579335,B-987146",,False,
W-910203,AASHTIKAR PATIL NAGESH BAPURAO,Lok Sabha,Maharashtra,HINGOLI,V-519290,Health,2024-05-30,2024-06-13,22698001.62,18075024.4,85,"B-672158,B-896999,B-112466",,False,
W-941432,ABDUL RASHID SHEIKH,Lok Sabha,Jammu And Kashmir,BARAMULLAH,V-696489,Sanitation,2022-01-18,2022-02-14,32234788.07,23023077.62,57,"B-654231,B-192261,B-98978",,False,
W-992238,ABDUL RASHID SHEIKH,Lok Sabha,Jammu And Kashmir,BARAMULLAH,V-883307,Education,2026-07-06,2026-07-07,44995643.43,31538145.37,80,"B-595125,B-177250,B-590316,B-321236",,False,
W-689942,ABDUL RASHID SHEIKH,Lok Sabha,Jammu And Kashmir,BARAMULLAH,V-731206,Other,2022-02-27,2022-03-25,21452341.53,20793287.24,60,"B-560589,B-449741,B-394084",,False,
W-636104,ABDUL RASHID SHEIKH,Lok Sabha,Jammu And Kashmir,BARAMULLAH,V-611567,Other,2023-11-16,2023-11-28,55316831.72,44527472.75,83,"B-862741,B-636266",,False,
W-609472,ABHAY KUMAR SINHA,Lok Sabha,Bihar,AURANGABAD_BR,V-315847,Road,2022-07-07,2021-07-18,12310453.57,8813911.83,67,"B-343841,B-912312,B-620854,B-424866,B-455302",,True,delayed_completion
W-697276,ABHAY KUMAR SINHA,Lok Sabha,Bihar,AURANGABAD_BR,V-646910,Road,2024-06-06,2024-07-03,39061366.76,33959982.83,83,"B-168503,B-112642,B-301450",,False,
W-940654,ABHAY KUMAR SINHA,Lok Sabha,Bihar,AURANGABAD_BR,V-921529,Sanitation,2023-09-27,2023-10-06,36397369.09,29170387.77,82,"B-69327,B-243178,B-318436,B-130693",,False,
W-262695,ABHAY KUMAR SINHA,Lok Sabha,Bihar,AURANGABAD_BR,V-560960,Health,2026-01-20,2026-01-21,29388323.04,20213139.42,43,"B-333848,B-958287,B-804554",,False,
W-959661,ABHAY KUMAR SINHA,Lok Sabha,Bihar,AURANGABAD_BR,V-638728,Sanitation,2022-12-27,2023-01-18,29107487.54,24349225.87,63,"B-497118,B-836067",,False,
W-954668,ABHIJIT GANGOPADHYAY,Lok Sabha,West Bengal,TAMLUK,V-207578,Road,2023-12-04,2023-12-23,22842557.36,20756721.42,95,"B-321045,B-8579,B-801529,B-945499",,False,
W-408727,ABHIJIT GANGOPADHYAY,Lok Sabha,West Bengal,TAMLUK,V-DUP-006,Education,2021-09-30,2021-10-14,33181382.02,30481304.36,54,"B-940862,B-804137",,True,duplicate_vendor
W-456355,ABHIJIT GANGOPADHYAY,Lok Sabha,West Bengal,TAMLUK,V-645232,Education,2022-02-10,2022-02-10,15425137.31,10484709.46,82,"B-824549,B-127402,B-927228,B-14759",,False,
W-605821,ABHIJIT GANGOPADHYAY,Lok Sabha,West Bengal,TAMLUK,V-69427,Sanitation,2024-11-06,2024-11-22,36407751.86,25602647.87,89,"B-759692,B-266415,B-538429,B-484984",,False,
W-437384,ABHIJIT GANGOPADHYAY,Lok Sabha,West Bengal,TAMLUK,V-352290,Other,2024-06-02,2024-06-07,6557403.98,5769110.41,65,"B-451182,B-626219,B-416774",,False,
W-712732,ABHIJIT GANGOPADHYAY,Lok Sabha,West Bengal,TAMLUK,V-438647,Road,2022-04-01,2022-04-14,9342033.88,7001844.95,76,"B-320182,B-345604,B-496232,B-802375",,False,
W-500683,ABHIJIT GANGOPADHYAY,Lok Sabha,West Bengal,TAMLUK,V-873762,Health,2024-07-09,2024-07-21,22508733.58,15281730.09,55,"B-859557,B-657397",,False,
W-460589,Abu Taher Khan,Lok Sabha,West Bengal,MURSHIDABAD,V-734314,Other,2025-09-17,2025-09-21,52205109.72,37419573.87,62,"B-557303,B-283455,B-140040,B-439992",,False,
W-389520,Abu Taher Khan,Lok Sabha,West Bengal,MURSHIDABAD,V-974565,Water,2023-04-10,2023-05-08,29105633.39,20616539.36,70,"B-918417,B-799134,B-258242",,False,
W-727837,Abu Taher Khan,Lok Sabha,West Bengal,MURSHIDABAD,V-606398,Other,2023-09-21,2023-09-21,29633690.86,26297612.19,81,"B-464342,B-303767,B-281376,B-720713",,False,
W-518405,Abu Taher Khan,Lok Sabha,West Bengal,MURSHIDABAD,V-424349,Education,2024-08-15,2024-08-25,17798546.6,14999766.61,73,"B-445345,B-702352",,False,
W-646488,Abu Taher Khan,Lok Sabha,West Bengal,MURSHIDABAD,V-158648,Health,2021-10-29,2021-11-20,17522019.43,13793621.8,40,"B-83279,B-36218,B-161133,B-595078,B-340239",,False,
W-747428,ADHIKARI SOUMENDU,Lok Sabha,West Bengal,KANTHI,V-267089,Water,2025-07-02,2025-08-03,87051585.89,73275687.75,62,"B-616295,B-65853,B-306006",,False,
W-243137,ADHIKARI SOUMENDU,Lok Sabha,West Bengal,KANTHI,V-267914,Health,2022-01-24,2022-02-13,46511500.85,30582487.5,44,"B-354847,B-962305,B-207043,B-184405,B-344864",,False,
W-465437,ADHIKARI SOUMENDU,Lok Sabha,West Bengal,KANTHI,V-193479,Education,2023-12-25,2024-01-10,12701913.26,11537181.16,38,"B-665016,B-686246",,False,
W-874674,ADITYA YADAV,Lok Sabha,Uttar Pradesh,BADAUN,V-666977,Education,2025-09-17,2025-09-17,19287167.74,13429311.57,89,"B-270382,B-38703,B-794038",,False,
W-953640,ADITYA YADAV,Lok Sabha,Uttar Pradesh,BADAUN,V-314483,Health,2025-09-05,2025-09-16,54460286.94,47480614.67,41,"B-853350,B-50563",,False,
W-308627,ADITYA YADAV,Lok Sabha,Uttar Pradesh,BADAUN,V-236573,Water,2026-05-20,2026-05-28,32275371.49,40473357.35,97,"B-159573,B-354457,B-602137,B-636676,B-359416",,True,cost_overrun
W-955293,ADITYA YADAV,Lok Sabha,Uttar Pradesh,BADAUN,V-747290,Sanitation,2025-01-22,2025-08-16,40242173.82,38321974.59,49,"B-459706,B-734225,B-718159,B-772542,B-186867",,True,sanction_delay
W-475431,Adv Adoor Prakash,Lok Sabha,Kerala,ATTINGAL,V-118715,Health,2025-04-04,2025-04-22,8352987.66,6135006.15,95,"B-209430,B-361003,B-703442,B-787255,B-972488",,False,
W-274134,Adv Adoor Prakash,Lok Sabha,Kerala,ATTINGAL,V-738225,Water,2022-11-16,2022-11-21,68761002.29,45713724.23,53,"B-652184,B-500420,B-558632",,False,
W-580932,Adv Adoor Prakash,Lok Sabha,Kerala,ATTINGAL,V-752462,Other,2022-01-30,2022-03-05,33578723.0,31706826.65,40,"B-436114,B-679703,B-677929,B-142243",,False,
W-426283,Adv Adoor Prakash,Lok Sabha,Kerala,ATTINGAL,V-704214,Other,2025-01-22,2025-02-22,35572287.05,33610026.89,42,"B-902243,B-836845,B-3742,B-288073",,False,
W-454324,Adv Dean Kuriakose,Lok Sabha,Kerala,IDUKKI,V-178845,Water,2024-01-27,2024-02-27,18842389.33,18139597.1,44,"B-655621,B-304644,B-373408",,False,
W-132923,Adv Dean Kuriakose,Lok Sabha,Kerala,IDUKKI,V-695394,Health,2023-01-22,2023-02-16,33526403.79,35299645.34,88,"B-773465,B-720300,B-65878",,False,
W-119983,Adv Dean Kuriakose,Lok Sabha,Kerala,IDUKKI,V-908093,Water,2026-08-13,2026-09-16,42825836.56,41571156.06,82,"B-356829,B-108684,B-563185",,False,
W-772758,Adv Dean Kuriakose,Lok Sabha,Kerala,IDUKKI,V-197718,Health,2026-06-18,2026-07-03,5483778.76,3589675.96,43,"B-924615,B-513336",,False,
W-728674,Adv Dean Kuriakose,Lok Sabha,Kerala,IDUKKI,V-793025,Water,2023-12-08,2023-12-17,45586591.55,39825693.73,43,"B-125727,B-504333,B-731430,B-666308,B-625481",,False,
W-235643,ADV GOWAAL KAGADA PADAVI,Lok Sabha,Maharashtra,NANDURBAR(ST),V-446912,Road,2024-11-24,2024-12-19,68289907.29,47341913.9,61,"B-513490,B-562219",,False,
W-974740,ADV GOWAAL KAGADA PADAVI,Lok Sabha,Maharashtra,NANDURBAR(ST),V-79226,Health,2024-04-26,2024-05-28,24235701.13,18932949.21,94,"B-219380,B-735673,B-574082",,False,
W-489583,ADV GOWAAL KAGADA PADAVI,Lok Sabha,Maharashtra,NANDURBAR(ST),V-550717,Road,2025-12-01,2025-12-18,54551619.14,47391456.75,54,"B-352279,B-346558,B-583024,B-116240,B-967566",,True,duplicate_vendor
W-713902,ADV K FRANCIS GEORGE,Lok Sabha,Kerala,KOTTAYAM,V-539837,Water,2026-06-17,2026-07-09,14486230.81,9501317.99,82,"B-516823,B-329756,B-960698,B-16593",,False,
W-328381,ADV K FRANCIS GEORGE,Lok Sabha,Kerala,KOTTAYAM,V-604286,Road,2026-02-26,2026-03-08,30556188.12,27896260.92,85,"B-78487,B-400108,B-889921",,False,
W-421222,ADV K FRANCIS GEORGE,Lok Sabha,Kerala,KOTTAYAM,V-238532,Water,2022-05-03,2022-06-19,10053010.37,8544910.24,57,"B-77291,B-923688,B-134425,B-39055,B-751112",,False,
W-970947,ADV K FRANCIS GEORGE,Lok Sabha,Kerala,KOTTAYAM,V-890377,Other,2022-07-12,2022-08-07,30247703.16,23779190.03,71,"B-396236,B-275839",,False,
W-614571,ADV K FRANCIS GEORGE,Lok Sabha,Kerala,KOTTAYAM,V-290159,Education,2025-09-22,2025-10-24,81958573.43,70905413.88,60,"B-377822,B-575117,B-204614,B-473487,B-510619",,False,
W-554703,ADV K FRANCIS GEORGE,Lok Sabha,Kerala,KOTTAYAM,V-687323,Other,2022-01-27,2022-02-05,20476938.94,14984758.86,62,"B-646300,B-634057,B-9556",,False,
W-643972,AFZAL ANSARI,Lok Sabha,Uttar Pradesh,GHAZIPUR,V-265553,Other,2022-03-12,2022-03-17,9130343.93,8709620.02,71,"B-202975,B-723965",,False,
W-705337,AFZAL ANSARI,Lok Sabha,Uttar Pradesh,GHAZIPUR,V-615808,Road,2026-04-07,2026-04-16,122930159.27,86136230.84,62,"B-940032,B-920528",,False,
W-524393,AFZAL ANSARI,Lok Sabha,Uttar Pradesh,GHAZIPUR,V-412649,Health,2026-08-07,2026-09-09,17626992.17,11779774.88,61,"B-619125,B-868166",,False,
W-161401,AFZAL ANSARI,Lok Sabha,Uttar Pradesh,GHAZIPUR,V-105084,Sanitation,2023-10-03,2023-10-04,69710004.63,58910353.6,66,"B-793938,B-963946,B-154368,B-550005",,False,
W-488375,AGA SYED RUHULLAH MEHDI,Lok Sabha,Jammu And Kashmir,SRINAGAR,V-640385,Education,2021-11-29,2021-12-02,14471938.22,9654916.19,85,"B-367190,B-722998,B-984746",,False,
W-183524,AGA SYED RUHULLAH MEHDI,Lok Sabha,Jammu And Kashmir,SRINAGAR,V-612758,Other,2025-03-28,2025-04-21,11236694.45,10431919.4,41,"B-649964,B-875414,B-643112,B-608257,B-555798",,False,
W-114685,AGA SYED RUHULLAH MEHDI,Lok Sabha,Jammu And Kashmir,SRINAGAR,V-661777,Other,2021-11-06,2021-11-14,14121912.38,12916868.99,94,"B-210963,B-656824,B-118956,B-718192",,False,
W-295665,AGA SYED RUHULLAH MEHDI,Lok Sabha,Jammu And Kashmir,SRINAGAR,V-115278,Sanitation,2026-06-25,2026-07-16,56275207.69,51045484.94,74,"B-525976,B-604326,B-403457,B-584137",,False,
W-248169,AGA SYED RUHULLAH MEHDI,Lok Sabha,Jammu And Kashmir,SRINAGAR,V-394216,Road,2025-04-18,2025-05-16,30576291.24,25063188.63,67,"B-450799,B-855041,B-877398,B-12793,B-355828",,False,
W-499511,AGA SYED RUHULLAH MEHDI,Lok Sabha,Jammu And Kashmir,SRINAGAR,V-342241,Other,2022-07-15,2022-08-13,5998575.42,7362469.97,92,"B-447886,B-11715,B-885415,B-374969",,True,cost_overrun
W-605669,AGA SYED RUHULLAH MEHDI,Lok Sabha,Jammu And Kashmir,SRINAGAR,V-909717,Health,2025-05-09,2025-05-17,13584380.6,9456407.6,51,"B-719269,B-90046,B-656804",,False,
W-829577,Ajay Bhatt,Lok Sabha,Uttarakhand,NAINITAL UDHAM SINGH NAG.,V-803393,Other,2025-04-06,2025-04-30,36855595.99,27949780.2,48,B-DUP-009,,True,duplicate_beneficiary
W-858388,Ajay Bhatt,Lok Sabha,Uttarakhand,NAINITAL UDHAM SINGH NAG.,V-518252,Other,2025-05-28,2025-06-26,7103024.92,6146629.77,47,"B-33479,B-920660,B-943814,B-577459,B-637033",,False,
W-788046,Ajay Bhatt,Lok Sabha,Uttarakhand,NAINITAL UDHAM SINGH NAG.,V-24788,Health,2025-10-05,2025-10-23,22493701.93,19319004.22,39,"B-120360,B-44239,B-174633",,False,
W-710364,Ajay Bhatt,Lok Sabha,Uttarakhand,NAINITAL UDHAM SINGH NAG.,V-697086,Water,2024-06-17,2024-07-12,11773556.82,8439209.19,71,"B-826860,B-913315,B-223747,B-931015",,False,
W-431914,Ajay Bhatt,Lok Sabha,Uttarakhand,NAINITAL UDHAM SINGH NAG.,V-666541,Health,2021-11-11,2021-12-11,68039120.34,47191521.3,93,"B-945171,B-104283,B-601072,B-85050",,False,
W-880660,Ajay Kumar Mandal,Lok Sabha,Bihar,BHAGALPUR,V-127883,Road,2024-08-28,2024-08-29,57356545.35,48944329.33,40,"B-395030,B-221316",,False,
W-504262,Ajay Kumar Mandal,Lok Sabha,Bihar,BHAGALPUR,V-314675,Water,2022-05-02,2022-05-06,4332964.25,3634932.68,69,"B-380193,B-624510,B-236162",,False,
W-917645,Ajay Kumar Mandal,Lok Sabha,Bihar,BHAGALPUR,V-275525,Education,2026-08-27,2026-09-19,6646682.4,5995937.09,66,"B-260594,B-354984,B-846821,B-747183,B-802721",,False,
W-323345,Ajay Kumar Mandal,Lok Sabha,Bihar,BHAGALPUR,V-961029,Sanitation,2025-03-09,2025-03-27,48594920.54,41201972.91,65,"B-707989,B-847541",,False,
W-646739,Ajay Kumar Mandal,Lok Sabha,Bihar,BHAGALPUR,V-775066,Other,2022-11-13,2022-12-12,10421583.37,7176762.7,42,"B-760572,B-358867,B-813884,B-688459",,False,
W-740935,Ajay Kumar Mandal,Lok Sabha,Bihar,BHAGALPUR,V-680656,Road,2023-12-16,2024-01-02,18912304.09,14905557.33,75,"B-811116,B-56794,B-956581,B-372989,B-226200",,False,
W-410333,Ajay Tamta,Lok Sabha,Uttarakhand,ALMORA(SC),V-34951,Other,2021-10-20,2021-11-21,27322650.7,24795291.66,72,"B-991277,B-975175,B-670640",,False,
W-447748,Ajay Tamta,Lok Sabha,Uttarakhand,ALMORA(SC),V-119293,Road,2024-08-22,2024-09-04,18535648.3,18083163.65,35,"B-565666,B-658405,B-687945,B-494454",,False,
W-427045,Ajay Tamta,Lok Sabha,Uttarakhand,ALMORA(SC),V-630407,Other,2026-01-02,2026-02-04,19033771.64,13116132.65,51,"B-324925,B-799871,B-854890,B-469854,B-256771",,True,duplicate_vendor
W-799692,Ajay Tamta,Lok Sabha,Uttarakhand,ALMORA(SC),V-608102,Other,2023-04-22,2023-05-14,13973784.25,9645183.15,64,"B-43942,B-138189,B-614617,B-207033",,False,
W-375658,Ajay Tamta,Lok Sabha,Uttarakhand,ALMORA(SC),V-411790,Road,2022-07-19,2022-08-12,20592284.43,13468587.21,40,"B-379592,B-477686,B-1650",,False,
W-800373,Ajay Tamta,Lok Sabha,Uttarakhand,ALMORA(SC),V-341250,Sanitation,2023-08-13,2023-09-10,6311687.18,4717787.21,94,"B-711529,B-745389,B-890403",,False,
W-969143,Ajay Tamta,Lok Sabha,Uttarakhand,ALMORA(SC),V-469270,Water,2023-01-01,2023-01-16,40495173.5,30356641.47,66,"B-758151,B-199792,B-453340,B-839938,B-297890",,False,
W-706418,AJENDRA SINGH LODHI,Lok Sabha,Uttar Pradesh,HAMIRPUR_UP,V-751994,Sanitation,2024-09-16,2024-10-17,21246545.96,13848325.4,37,"B-850578,B-172075",,False,
W-571963,AJENDRA SINGH LODHI,Lok Sabha,Uttar Pradesh,HAMIRPUR_UP,V-110307,Road,2024-08-28,2024-09-25,28301263.11,25881193.73,71,"B-44867,B-87097,B-224285,B-361361,B-935063",,False,
W-106333,AJENDRA SINGH LODHI,Lok Sabha,Uttar Pradesh,HAMIRPUR_UP,V-334101,Water,2024-11-18,2024-11-28,22595234.85,15113648.46,86,"B-823269,B-114947,B-359825,B-939625",,False,
W-420674,AJENDRA SINGH LODHI,Lok Sabha,Uttar Pradesh,HAMIRPUR_UP,V-642331,Sanitation,2022-12-15,2023-01-17,24122930.7,21826325.7,91,"B-439536,B-279624,B-731149,B-309121,B-396564",,False,
W-116025,AJENDRA SINGH LODHI,Lok Sabha,Uttar Pradesh,HAMIRPUR_UP,V-56859,Sanitation,2021-12-21,2022-01-18,11460496.23,7601173.31,86,"B-572390,B-485725,B-931765",,False,
W-721282,AJENDRA SINGH LODHI,Lok Sabha,Uttar Pradesh,HAMIRPUR_UP,V-20094,Water,2026-02-24,2026-02-27,23570364.06,19245089.75,42,"B-562938,B-726681,B-742123,B-925609",,False,
W-946324,AJENDRA SINGH LODHI,Lok Sabha,Uttar Pradesh,HAMIRPUR_UP,V-799944,Sanitation,2025-10-03,2025-10-22,14968165.09,13933464.68,73,"B-602698,B-913733,B-159703",,False,
W-814057,AKHILESH YADAV,Lok Sabha,Uttar Pradesh,KANNAUJ,V-121232,Health,2025-01-17,2025-01-18,9551854.62,8151380.42,35,"B-592774,B-58345",,False,
W-154387,AKHILESH YADAV,Lok Sabha,Uttar Pradesh,KANNAUJ,V-540312,Water,2022-10-04,2022-11-03,27853866.07,24627297.46,60,"B-223215,B-594408",,False,
W-212427,AKHILESH YADAV,Lok Sabha,Uttar Pradesh,KANNAUJ,V-594254,Education,2022-09-01,2022-09-04,108859279.31,77351698.91,57,"B-395648,B-132624,B-531552,B-551584,B-444239",,False,
W-579227,AKSHAYA YADAV,Lok Sabha,Uttar Pradesh,FIROZABAD,V-DUP-007,Education,2021-10-08,2021-11-01,27046373.02,21812242.09,59,"B-904419,B-660318",,True,duplicate_vendor
W-486985,AKSHAYA YADAV,Lok Sabha,Uttar Pradesh,FIROZABAD,V-294932,Road,2023-12-13,2024-01-16,25259736.47,18736786.66,43,"B-494641,B-509076",,False,
W-719247,AKSHAYA YADAV,Lok Sabha,Uttar Pradesh,FIROZABAD,V-87481,Water,2026-06-13,2026-07-04,47148836.51,40153169.88,61,"B-662483,B-519378,B-204230",,False,
W-726702,AKSHAYA YADAV,Lok Sabha,Uttar Pradesh,FIROZABAD,V-64490,Health,2024-11-23,2024-12-27,5197016.16,4079129.8,60,"B-9699,B-721973,B-941028,B-279921,B-424504",,False,
W-342727,AKSHAYA YADAV,Lok Sabha,Uttar Pradesh,FIROZABAD,V-500795,Water,2025-10-02,2025-11-04,15378458.97,11604946.54,70,"B-629907,B-490194,B-710994,B-348051,B-833396",,False,
W-434976,AKSHAYA YADAV,Lok Sabha,Uttar Pradesh,FIROZABAD,V-475129,Road,2026-03-01,2026-03-11,26234578.86,21157237.71,60,"B-877795,B-93661",,False,
W-592400,ALFRED KANNGAM S ARTHUR,Lok Sabha,Manipur,OUTER MANIPUR(ST),V-732603,Water,2023-04-02,2023-04-17,20986333.8,17976560.24,67,"B-775079,B-363052,B-878224",,False,
W-460690,ALFRED KANNGAM S ARTHUR,Lok Sabha,Manipur,OUTER MANIPUR(ST),V-245751,Other,2022-01-25,2022-02-11,34439827.62,30758653.54,69,B-DUP-001,,True,duplicate_beneficiary
W-235567,ALFRED KANNGAM S ARTHUR,Lok Sabha,Manipur,OUTER MANIPUR(ST),V-728769,Road,2026-01-01,2026-02-02,54423172.24,44420131.43,79,"B-638678,B-176983,B-279688,B-549758",,False,
W-967876,ALFRED KANNGAM S ARTHUR,Lok Sabha,Manipur,OUTER MANIPUR(ST),V-DUP-011,Water,2021-09-11,2021-10-08,36415666.33,27448990.5,66,"B-51070,B-507009,B-984419,B-426039,B-553629",,True,duplicate_vendor
W-306295,Alok Kumar Suman,Lok Sabha,Bihar,GOPALGANJ (SC),V-252481,Education,2024-02-24,2024-03-29,41920543.42,39097649.57,59,"B-339860,B-664878,B-435782",,True,sanction_delay
W-605286,Alok Kumar Suman,Lok Sabha,Bihar,GOPALGANJ (SC),V-404986,Education,2021-12-10,2022-01-03,56327362.96,47781225.32,44,"B-21207,B-395456,B-46892,B-945272",,False,
W-906483,Alok Kumar Suman,Lok Sabha,Bihar,GOPALGANJ (SC),V-839976,Road,2023-02-18,2023-03-07,21846010.18,21109398.32,57,"B-75162,B-602190",,False,
W-287830,Alok Kumar Suman,Lok Sabha,Bihar,GOPALGANJ (SC),V-270935,Other,2026-01-19,2026-02-03,21454540.0,16147057.93,82,"B-317542,B-850354,B-466547,B-365467,B-725062",,False,
W-982185,Alok Kumar Suman,Lok Sabha,Bihar,GOPALGANJ (SC),V-448704,Sanitation,2024-11-12,2024-11-17,4716543.44,3669413.06,78,"B-803622,B-6335,B-140910,B-62052,B-124576",,False,
W-964545,ALOK SHARMA,Lok Sabha,Madhya Pradesh,BHOPAL,V-952203,Other,2023-02-12,2023-02-25,19756826.93,13363839.05,85,"B-14537,B-491377,B-817624,B-674136,B-233372",,False,
W-857476,ALOK SHARMA,Lok Sabha,Madhya Pradesh,BHOPAL,V-182222,Road,2022-09-04,2022-09-19,27041721.8,21765283.94,91,"B-943445,B-540442",,False,
W-216380,ALOK SHARMA,Lok Sabha,Madhya Pradesh,BHOPAL,V-628305,Water,2022-12-30,2023-01-05,12018685.1,11409868.93,92,"B-300986,B-25762",,False,
W-819531,ALOK SHARMA,Lok Sabha,Madhya Pradesh,BHOPAL,V-213039,Health,2025-07-27,2025-08-04,59221986.99,44202081.72,46,"B-273863,B-108754,B-179647",,False,
W-686738,ALOK SHARMA,Lok Sabha,Madhya Pradesh,BHOPAL,V-975061,Other,2026-02-19,2026-03-11,10017077.83,8141737.54,35,"B-695011,B-221210",,False,
W-919518,ALOK SHARMA,Lok Sabha,Madhya Pradesh,BHOPAL,V-668783,Water,2024-06-25,2024-07-03,18208701.35,16904670.03,87,B-DUP-008,,True,duplicate_beneficiary
W-358047,AMAR SHARADRAO KALE,Lok Sabha,Maharashtra,WARDHA,V-403029,Health,2026-06-16,2026-06-26,16911002.7,15737218.77,70,"B-321070,B-815136,B-965588",,False,
W-876837,AMAR SHARADRAO KALE,Lok Sabha,Maharashtra,WARDHA,V-224851,Education,2022-04-24,2022-05-14,23877540.43,19707701.52,65,"B-383007,B-300918,B-644299,B-184628",,False,
W-954340,AMAR SHARADRAO KALE,Lok Sabha,Maharashtra,WARDHA,V-516107,Road,2026-07-21,2026-07-21,33591512.17,32003353.58,59,"B-641063,B-198310,B-977320,B-344963",,False,
W-717577,AMAR SHARADRAO KALE,Lok Sabha,Maharashtra,WARDHA,V-433235,Health,2023-06-11,2023-06-24,27123458.66,20663257.28,45,"B-746507,B-660340,B-840038",,False,
W-138187,AMAR SHARADRAO KALE,Lok Sabha,Maharashtra,WARDHA,V-744423,Water,2022-10-02,2022-10-11,25504546.85,24383926.83,36,"B-815041,B-943289,B-149123,B-674477",,False,
W-611066,AMAR SHARADRAO KALE,Lok Sabha,Maharashtra,WARDHA,V-979521,Education,2024-12-16,2024-12-30,19256939.19,16320207.31,53,"B-679707,B-814102,B-369475,B-319081",,False,
W-607708,AMARSING TISSO,Lok Sabha,Assam,Diphu (ST),V-193004,Other,2026-01-06,2026-02-01,37276681.18,35341954.24,66,"B-170715,B-481269,B-998229,B-993901",,False,
W-876570,AMARSING TISSO,Lok Sabha,Assam,Diphu (ST),V-910105,Water,2023-04-20,2023-05-23,35406819.09,32151576.56,63,"B-158889,B-552983,B-869941,B-698187,B-58986",,False,
W-800810,AMARSING TISSO,Lok Sabha,Assam,Diphu (ST),V-237742,Road,2024-09-11,2024-09-14,73581499.73,65612362.54,84,"B-648735,B-888459,B-459747",,False,
W-523439,AMBICA G LAKSHMINARAYANA VALMIKI,Lok Sabha,Andhra Pradesh,ANANTAPUR,V-647840,Health,2025-11-08,2025-12-08,37657016.9,36629454.93,63,"B-288420,B-745538",,False,
W-860987,AMBICA G LAKSHMINARAYANA VALMIKI,Lok Sabha,Andhra Pradesh,ANANTAPUR,V-144238,Education,2022-03-12,2022-03-14,10823371.71,7338141.68,83,"B-133836,B-712122",,False,
W-714496,AMBICA G LAKSHMINARAYANA VALMIKI,Lok Sabha,Andhra Pradesh,ANANTAPUR,V-DUP-000,Health,2021-10-03,2021-10-21,98645702.45,94221595.61,83,"B-235807,B-637074,B-573890",,True,duplicate_vendor
W-256610,AMBICA G LAKSHMINARAYANA VALMIKI,Lok Sabha,Andhra Pradesh,ANANTAPUR,V-746632,Sanitation,2023-11-10,2023-11-18,22677318.8,17529380.86,37,"B-305890,B-446489,B-309495,B-213747,B-962126",,False,
W-164607,AMBICA G LAKSHMINARAYANA VALMIKI,Lok Sabha,Andhra Pradesh,ANANTAPUR,V-602449,Road,2025-08-02,2025-08-14,10183310.87,8888511.62,41,"B-71900,B-117366,B-576098,B-41403,B-583647",,False,
W-217948,AMBICA G LAKSHMINARAYANA VALMIKI,Lok Sabha,Andhra Pradesh,ANANTAPUR,V-584665,Sanitation,2023-06-13,2023-07-05,20902848.05,19556718.45,82,"B-424901,B-800358,B-753718,B-792392",,False,
W-994533,Amol Ramsing Kolhe,Lok Sabha,Maharashtra,SHIRUR,V-779172,Health,2022-04-27,2022-05-09,35800533.59,33351911.04,90,"B-456644,B-32539,B-56231",,False,
W-678533,Amol Ramsing Kolhe,Lok Sabha,Maharashtra,SHIRUR,V-89702,Sanitation,2023-08-05,2023-08-25,13280262.35,10371755.05,41,"B-941002,B-455098,B-193349",,False,
W-577094,Amol Ramsing Kolhe,Lok Sabha,Maharashtra,SHIRUR,V-961800,Health,2025-12-16,2026-01-16,15398733.14,10962449.21,76,"B-865992,B-373218",,False,
W-399664,Amol Ramsing Kolhe,Lok Sabha,Maharashtra,SHIRUR,V-979506,Sanitation,2022-02-13,2022-02-24,26541111.7,23537213.06,60,"B-52190,B-751052,B-592894,B-298128,B-707434",,False,
W-888343,Amol Ramsing Kolhe,Lok Sabha,Maharashtra,SHIRUR,V-451025,Health,2026-04-12,2026-05-16,30516320.95,22820088.9,82,"B-292014,B-244962,B-566055",,False,
W-452879,Amol Ramsing Kolhe,Lok Sabha,Maharashtra,SHIRUR,V-765794,Health,2024-04-24,2024-04-28,15775049.61,13246431.21,46,"B-446511,B-938880,B-782292,B-86836,B-458197",,False,
W-797468,Amol Ramsing Kolhe,Lok Sabha,Maharashtra,SHIRUR,V-686700,Other,2025-07-11,2025-08-04,8952988.66,7577990.79,38,"B-290166,B-313324,B-107490",,False,
W-320706,AMRARAM,Lok Sabha,Rajasthan,SIKAR,V-504918,Other,2023-03-05,2023-04-05,50761476.35,45591309.84,93,"B-201526,B-667740,B-379908,B-925723",,False,
W-715865,AMRARAM,Lok Sabha,Rajasthan,SIKAR,V-714189,Health,2024-11-07,2024-12-11,46168057.55,43675395.35,52,"B-123252,B-264019,B-402659",,False,
W-614221,AMRARAM,Lok Sabha,Rajasthan,SIKAR,V-579383,Water,2023-07-04,2023-07-23,24329131.34,23112465.27,54,"B-347748,B-540550,B-223243",,False,
W-398050,AMRARAM,Lok Sabha,Rajasthan,SIKAR,V-11524,Health,2023-05-29,2023-07-02,7791848.97,6583689.92,80,"B-569747,B-733430,B-531217,B-844905",,False,
W-885864,AMRARAM,Lok Sabha,Rajasthan,SIKAR,V-40655,Health,2025-05-20,2025-05-20,35812572.18,26130742.86,53,"B-266019,B-886646,B-308157",,False,
W-398791,AMRINDER SINGH RAJA WARRING,Lok Sabha,Punjab,LUDHIANA,V-38477,Other,2026-08-27,2026-09-30,33143042.38,28921187.76,50,"B-74145,B-335371,B-738886,B-222060,B-139978",,False,
W-517831,AMRINDER SINGH RAJA WARRING,Lok Sabha,Punjab,LUDHIANA,V-392817,Sanitation,2024-10-23,2024-11-23,33971639.67,30910952.77,63,"B-956809,B-186644",,False,
W-228896,AMRINDER SINGH RAJA WARRING,Lok Sabha,Punjab,LUDHIANA,V-396895,Water,2023-12-12,2023-12-31,34032443.49,23265431.63,61,"B-378910,B-376162,B-99033,B-5022",,False,
W-642445,AMRINDER SINGH RAJA WARRING,Lok Sabha,Punjab,LUDHIANA,V-334753,Water,2024-02-08,2024-03-12,45117874.46,36960634.1,92,"B-346896,B-570310,B-963568",,False,
W-951171,ANAND BHADAURIYA,Lok Sabha,Uttar Pradesh,DHAURAHRA,V-15197,Road,2022-04-21,2022-04-30,13835753.29,10420371.07,66,"B-521057,B-431287",,False,
W-253086,ANAND BHADAURIYA,Lok Sabha,Uttar Pradesh,DHAURAHRA,V-722788,Road,2024-05-29,2024-06-27,71833677.87,55806610.61,41,"B-463968,B-13901,B-341308,B-242282,B-708720",,False,
W-384972,ANAND BHADAURIYA,Lok Sabha,Uttar Pradesh,DHAURAHRA,V-554508,Road,2026-07-02,2026-08-02,60595568.83,43526813.81,77,"B-814550,B-394842,B-636534,B-933427,B-192735",,False,
W-261592,ANAND KUMAR,Lok Sabha,Uttar Pradesh,BAHRAICH(SC),V-126582,Road,2025-02-14,2025-02-25,39840097.58,31566819.92,68,"B-736476,B-851926,B-886629,B-848210,B-354180",,False,
W-894413,ANAND KUMAR,Lok Sabha,Uttar Pradesh,BAHRAICH(SC),V-103419,Education,2025-10-10,2025-11-08,46782016.93,34427588.89,48,"B-243199,B-947543,B-352824",,False,
W-618504,ANAND KUMAR,Lok Sabha,Uttar Pradesh,BAHRAICH(SC),V-698412,Health,2022-03-01,2022-05-23,19459452.14,15730143.92,66,"B-921559,B-815436,B-895378,B-346827",,True,sanction_delay
W-956132,ANAND KUMAR,Lok Sabha,Uttar Pradesh,BAHRAICH(SC),V-782797,Education,2024-02-15,2024-02-22,40183433.34,30504963.89,50,"B-97522,B-395942,B-69133,B-693069,B-720278",,False,
W-749820,ANANTA NAYAK,Lok Sabha,Odisha,KEONJHAR(ST),V-257988,Road,2023-04-26,2023-05-20,10758534.89,7850942.29,72,"B-752225,B-955961",,False,
W-254615,ANANTA NAYAK,Lok Sabha,Odisha,KEONJHAR(ST),V-262204,Health,2023-09-08,2023-09-16,29640510.82,27574972.1,71,"B-71581,B-582666,B-85935",,False,
W-517611,ANANTA NAYAK,Lok Sabha,Odisha,KEONJHAR(ST),V-423148,Road,2024-08-22,2024-05-11,24572413.95,20992441.72,61,"B-132600,B-215372,B-423549",,True,delayed_completion
W-363089,ANANTA NAYAK,Lok Sabha,Odisha,KEONJHAR(ST),V-782415,Road,2022-10-19,2022-11-19,31888365.26,29729912.25,82,"B-89362,B-533728,B-45705",,False,
W-912824,ANANTA NAYAK,Lok Sabha,Odisha,KEONJHAR(ST),V-111584,Water,2024-01-09,2024-01-17,49405175.08,39522704.94,91,"B-101394,B-411212,B-527099,B-341254,B-357363",,False,
W-161508,Andimuthu Raja,Lok Sabha,Tamil Nadu,NILGIRIS(SC),V-719745,Education,2025-03-19,2025-03-19,43341789.24,30539099.72,75,"B-262864,B-422898,B-158313,B-601959",,False,
W-835697,Andimuthu Raja,Lok Sabha,Tamil Nadu,NILGIRIS(SC),V-803904,Other,2023-02-14,2023-03-10,6552746.62,5856396.25,85,"B-587902,B-557140,B-460834",,False,
W-563859,Andimuthu Raja,Lok Sabha,Tamil Nadu,NILGIRIS(SC),V-541015,Road,2023-10-30,2023-11-30,22214924.81,18793028.45,49,"B-319216,B-457880",,False,
W-106238,Andimuthu Raja,Lok Sabha,Tamil Nadu,NILGIRIS(SC),V-11530,Sanitation,2024-04-25,2024-04-30,32283051.13,28367810.82,38,"B-186937,B-289668",,False,
W-678452,Andimuthu Raja,Lok Sabha,Tamil Nadu,NILGIRIS(SC),V-313901,Sanitation,2025-10-19,2025-11-05,23699173.4,23160860.35,51,"B-897022,B-577972",,False,
W-316779,Andimuthu Raja,Lok Sabha,Tamil Nadu,NILGIRIS(SC),V-485161,Other,2025-03-04,2025-03-04,18173314.79,17768375.39,70,"B-399736,B-359812,B-878806,B-628089",,False,
W-523557,ANDREW J. SYNGKON,Lok Sabha,Meghalaya,SHILLONG,V-324283,Road,2024-10-07,2024-10-13,25403498.47,21506234.61,36,"B-51729,B-591755",,False,
W-973709,ANDREW J. SYNGKON,Lok Sabha,Meghalaya,SHILLONG,V-708043,Water,2022-01-31,2022-03-01,18129243.88,13301594.6,88,"B-375644,B-124829,B-576210,B-447768",,False,
W-177434,ANDREW J. SYNGKON,Lok Sabha,Meghalaya,SHILLONG,V-725584,Health,2022-08-05,2022-08-11,18880092.14,14740347.7,68,"B-535141,B-425322,B-263096,B-534221,B-161875",,False,
W-158938,ANDREW J. SYNGKON,Lok Sabha,Meghalaya,SHILLONG,V-869614,Sanitation,2024-08-27,2024-09-14,7038632.72,7506441.52,88,"B-517318,B-652721,B-469348",,True,cost_overrun
W-904524,ANDREW J. SYNGKON,Lok Sabha,Meghalaya,SHILLONG,V-345786,Sanitation,2026-06-29,2026-07-24,28058532.79,22120221.77,94,"B-145741,B-581799,B-549168,B-223090,B-146679",,False,
W-988504,ANGOMCHA BIMOL AKOIJAM,Lok Sabha,Manipur,INNER MANIPUR,V-DUP-011,Other,2021-09-26,2021-10-26,23671941.82,22515622.04,49,"B-38562,B-910856",,True,duplicate_vendor
W-306014,ANGOMCHA BIMOL AKOIJAM,Lok Sabha,Manipur,INNER MANIPUR,V-29037,Education,2022-10-09,2022-10-25,33251030.43,29661692.04,74,"B-847094,B-104991,B-905716,B-861097,B-1736",,False,
W-538308,ANGOMCHA BIMOL AKOIJAM,Lok Sabha,Manipur,INNER MANIPUR,V-718118,Health,2025-09-03,2025-09-16,16614466.13,20545353.53,70,"B-134525,B-535339,B-912441,B-596411",,True,cost_overrun
W-498565,ANGOMCHA BIMOL AKOIJAM,Lok Sabha,Manipur,INNER MANIPUR,V-243592,Health,2023-01-02,2023-01-27,20143408.14,18297805.49,92,"B-176675,B-634702,B-856895,B-554555",,False,
W-208257,ANGOMCHA BIMOL AKOIJAM,Lok Sabha,Manipur,INNER MANIPUR,V-931951,Education,2023-10-21,2023-12-04,33732042.41,31988473.14,40,"B-685911,B-321299,B-616378,B-832190,B-580735",,True,sanction_delay
W-813214,ANGOMCHA BIMOL AKOIJAM,Lok Sabha,Manipur,INNER MANIPUR,V-846017,Other,2024-05-09,2024-06-05,18852111.07,12875136.3,35,"B-140308,B-392853",,False,
W-380165,ANIL BALUNI,Lok Sabha,Uttarakhand,GARHWAL,V-461057,Sanitation,2024-10-06,2024-10-06,19334124.51,18535158.29,71,"B-842280,B-853247,B-654910,B-27241",,False,
W-467216,ANIL BALUNI,Lok Sabha,Uttarakhand,GARHWAL,V-165858,Education,2024-05-23,2024-05-25,25815995.83,19993920.16,47,"B-698876,B-316817,B-859673",,False,
W-548754,ANIL BALUNI,Lok Sabha,Uttarakhand,GARHWAL,V-354961,Education,2025-05-05,2025-05-31,23420324.44,16481997.0,42,"B-772555,B-562829,B-797126",,False,
W-184268,ANIL BALUNI,Lok Sabha,Uttarakhand,GARHWAL,V-298026,Sanitation,2026-01-12,2026-02-17,32705332.15,31564454.69,52,"B-95353,B-354250,B-655800,B-546979",,False,
W-454432,ANIL BALUNI,Lok Sabha,Uttarakhand,GARHWAL,V-516743,Water,2021-11-25,2021-12-01,44989223.07,40429858.0,41,"B-869578,B-722315,B-452812,B-769239",,False,
W-677011,ANIL YESHWANT DESAI,Lok Sabha,Maharashtra,MUMBAI SOUTH CENTRAL,V-131803,Sanitation,2026-01-06,2026-02-06,12872598.49,12549594.62,72,"B-118431,B-947543,B-736680,B-445134,B-764629",,False,
W-620514,ANIL YESHWANT DESAI,Lok Sabha,Maharashtra,MUMBAI SOUTH CENTRAL,V-419257,Education,2021-10-14,2021-11-16,6843669.99,4610589.41,60,"B-813808,B-151027",,False,
W-203321,ANIL YESHWANT DESAI,Lok Sabha,Maharashtra,MUMBAI SOUTH CENTRAL,V-126361,Other,2022-02-23,2022-03-05,14162392.96,11789575.0,60,B-DUP-004,,True,duplicate_beneficiary
W-200297,ANIL YESHWANT DESAI,Lok Sabha,Maharashtra,MUMBAI SOUTH CENTRAL,V-658461,Sanitation,2025-07-25,2025-08-23,27792746.83,36052393.7,84,"B-213665,B-643044,B-272511,B-113321",,False,
W-749237,ANIL YESHWANT DESAI,Lok Sabha,Maharashtra,MUMBAI SOUTH CENTRAL,V-614253,Health,2022-08-08,2022-08-13,37477947.14,27492859.08,62,"B-654066,B-601679",,False,
W-768613,ANIL YESHWANT DESAI,Lok Sabha,Maharashtra,MUMBAI SOUTH CENTRAL,V-456719,Road,2023-04-19,2023-05-18,3651605.22,3077555.33,66,"B-945352,B-137435,B-683847,B-917082",,False,
W-941497,ANIL YESHWANT DESAI,Lok Sabha,Maharashtra,MUMBAI SOUTH CENTRAL,V-819482,Sanitation,2024-10-26,2024-11-05,22484725.33,17369750.94,85,"B-113138,B-742816,B-509135",,False,
W-445432,ANIL YESHWANT DESAI,Lok Sabha,Maharashtra,MUMBAI SOUTH CENTRAL,V-95354,Road,2025-05-05,2025-05-31,20979314.03,18983687.96,37,"B-307119,B-160145",,False,
W-682299,ANITA NAGARSINGH CHOUHAN,Lok Sabha,Madhya Pradesh,RATLAM(ST),V-87829,Other,2024-06-30,2024-07-26,61756206.17,50960025.12,55,"B-106616,B-583087,B-814435,B-417036",,False,
W-470865,ANITA NAGARSINGH CHOUHAN,Lok Sabha,Madhya Pradesh,RATLAM(ST),V-854188,Water,2022-01-19,2022-01-30,5686073.35,3998525.48,49,"B-759543,B-138776",,False,
W-725978,ANITA NAGARSINGH CHOUHAN,Lok Sabha,Madhya Pradesh,RATLAM(ST),V-421241,Other,2022-11-04,2022-11-06,6969620.98,6318159.18,89,"B-569491,B-595397,B-595300",,False,
W-707440,ANITA NAGARSINGH CHOUHAN,Lok Sabha,Madhya Pradesh,RATLAM(ST),V-196053,Health,2025-01-27,2025-02-05,23370546.03,19276401.93,64,"B-443614,B-415630,B-612134",,False,
W-878934,ANITA NAGARSINGH CHOUHAN,Lok Sabha,Madhya Pradesh,RATLAM(ST),V-53103,Health,2023-05-31,2023-06-28,10625580.43,7368617.9,61,"B-381454,B-796190,B-560639",,False,
W-863244,ANITA NAGARSINGH CHOUHAN,Lok Sabha,Madhya Pradesh,RATLAM(ST),V-790250,Road,2022-10-26,2022-11-01,37856973.04,30628946.88,93,"B-794484,B-934963,B-90636,B-869113,B-579093",,False,
W-794763,ANITA SUBHADARSHINI,Lok Sabha,Odisha,ASKA,V-53628,Education,2024-06-01,2024-06-17,18452614.15,12925123.44,85,"B-135073,B-110251,B-310630,B-260967,B-279634",,False,
W-364228,ANITA SUBHADARSHINI,Lok Sabha,Odisha,ASKA,V-10762,Sanitation,2023-04-03,2023-04-14,5433060.2,3621325.91,91,"B-100823,B-222107,B-861397",,False,
W-768473,ANITA SUBHADARSHINI,Lok Sabha,Odisha,ASKA,V-835570,Road,2022-04-28,2022-05-25,27871017.29,23843484.88,38,"B-900657,B-278339,B-390906,B-11529,B-829787",,False,
W-207073,ANITA SUBHADARSHINI,Lok Sabha,Odisha,ASKA,V-446109,Health,2022-06-30,2022-07-27,17218411.54,12396309.67,47,B-DUP-012,,True,duplicate_beneficiary
W-984368,ANITA SUBHADARSHINI,Lok Sabha,Odisha,ASKA,V-900098,Health,2026-03-25,2026-04-09,20890619.46,17984201.67,80,"B-235758,B-232734",,False,
W-585263,ANITA SUBHADARSHINI,Lok Sabha,Odisha,ASKA,V-530545,Health,2025-11-26,2025-12-30,18192667.14,13511617.61,88,B-DUP-009,,True,duplicate_beneficiary
W-471693,ANITA SUBHADARSHINI,Lok Sabha,Odisha,ASKA,V-715626,Education,2023-06-26,2023-07-12,18792789.6,13015508.7,61,"B-604573,B-504721",,False,
W-415205,ANITA SUBHADARSHINI,Lok Sabha,Odisha,ASKA,V-667139,Sanitation,2022-10-25,2022-11-16,19413820.62,15136296.63,44,"B-375834,B-735081,B-425459,B-601644,B-638404",,False,
W-471546,Annpurna Devi,Lok Sabha,Jharkhand,KODARMA,V-598806,Water,2025-07-20,2025-07-30,11376614.72,10209079.9,89,"B-497289,B-625859,B-641772",,False,
W-901031,Annpurna Devi,Lok Sabha,Jharkhand,KODARMA,V-369354,Other,2023-04-28,2023-05-13,20063909.56,17411432.37,67,"B-172949,B-619037",,False,
W-701149,Annpurna Devi,Lok Sabha,Jharkhand,KODARMA,V-DUP-004,Water,2021-09-02,2021-09-14,38135903.9,29398614.08,92,"B-403658,B-410788,B-839827,B-76293",,True,duplicate_vendor
W-763508,Annpurna Devi,Lok Sabha,Jharkhand,KODARMA,V-240623,Sanitation,2021-12-15,2021-12-28,6812645.44,5691285.68,59,"B-678500,B-924705",,False,
W-178332,Annpurna Devi,Lok Sabha,Jharkhand,KODARMA,V-683106,Sanitation,2025-04-07,2025-04-27,46217175.68,43875743.67,66,"B-152751,B-820293,B-834976",,False,
W-566999,Annpurna Devi,Lok Sabha,Jharkhand,KODARMA,V-151517,Education,2024-07-10,2024-07-16,43226352.84,32980825.53,74,"B-590140,B-52180,B-85870,B-106321",,False,
W-971327,ANOOP PRADHAN BALMIKI,Lok Sabha,Uttar Pradesh,HATHRAS (SC),V-878268,Other,2022-07-23,2022-08-22,30667501.13,22430349.08,90,"B-245463,B-904233,B-409266,B-103458",,False,
W-408598,ANOOP PRADHAN BALMIKI,Lok Sabha,Uttar Pradesh,HATHRAS (SC),V-68721,Water,2023-06-18,2023-06-22,25168054.97,18644503.51,81,"B-548325,B-172459",,False,
W-513483,ANOOP PRADHAN BALMIKI,Lok Sabha,Uttar Pradesh,HATHRAS (SC),V-702543,Water,2026-01-01,2026-01-10,14671470.8,12803250.61,90,"B-669117,B-356005,B-225283,B-149656,B-632706",,False,
W-924271,ANOOP PRADHAN BALMIKI,Lok Sabha,Uttar Pradesh,HATHRAS (SC),V-97486,Sanitation,2025-01-16,2025-01-23,25849485.74,21426278.94,68,"B-216152,B-190278,B-178247,B-593843",,False,
W-856855,ANOOP PRADHAN BALMIKI,Lok Sabha,Uttar Pradesh,HATHRAS (SC),V-242070,Sanitation,2025-11-05,2025-12-08,49908487.35,48109230.12,80,"B-379246,B-508834,B-828802",,False,
W-762022,Anto Antony,Lok Sabha,Kerala,PATHANAMTHITTA,V-915297,Health,2024-12-01,2024-12-13,52773272.06,50602146.65,62,"B-728366,B-127687,B-106396,B-871286,B-942261",,False,
W-586706,Anto Antony,Lok Sabha,Kerala,PATHANAMTHITTA,V-17567,Other,2025-06-07,2025-06-18,30378316.66,25204918.88,54,"B-528303,B-890946,B-92197,B-318071",,False,
W-537016,Anto Antony,Lok Sabha,Kerala,PATHANAMTHITTA,V-446835,Education,2026-02-12,2026-02-27,36959577.16,28098766.83,73,"B-934328,B-611681,B-305059,B-340667,B-180910",,False,
W-948596,Anto Antony,Lok Sabha,Kerala,PATHANAMTHITTA,V-465310,Water,2024-03-09,2024-03-23,26153834.12,24973736.11,90,"B-282781,B-106581,B-764858",,False,
W-385073,ANUP SANJAY DHOTRE,Lok Sabha,Maharashtra,AKOLA,V-480859,Education,2024-12-18,2024-12-18,12180545.1,9268455.57,62,"B-700462,B-404564,B-808946,B-187738,B-354843",,False,
W-588038,ANUP SANJAY DHOTRE,Lok Sabha,Maharashtra,AKOLA,V-447714,Road,2026-08-20,2026-09-18,7629212.7,5307251.08,77,"B-958509,B-170773,B-767821,B-107298,B-91212",,False,
W-511083,ANUP SANJAY DHOTRE,Lok Sabha,Maharashtra,AKOLA,V-918817,Health,2024-06-04,2024-06-08,37694581.4,29353549.11,62,"B-546941,B-654798,B-281717,B-175445,B-689188",,False,
W-549339,ANUP SANJAY DHOTRE,Lok Sabha,Maharashtra,AKOLA,V-109253,Water,2026-02-09,2026-04-25,22943951.37,16079304.26,73,"B-482806,B-313671,B-207356",,False,
W-106505,ANUP SANJAY DHOTRE,Lok Sabha,Maharashtra,AKOLA,V-116673,Education,2025-09-05,2025-09-26,11964228.54,11460023.15,52,"B-440138,B-971857,B-12648,B-305972,B-77050",,False,
W-777192,ANUP SANJAY DHOTRE,Lok Sabha,Maharashtra,AKOLA,V-517793,Health,2023-07-27,2023-07-29,12240257.18,8513578.45,70,"B-161106,B-312429,B-260122,B-134148,B-497379",,False,
W-219532,ANUP SANJAY DHOTRE,Lok Sabha,Maharashtra,AKOLA,V-126957,Water,2024-11-27,2024-12-06,22716484.76,21398932.95,48,"B-469881,B-666154,B-757044,B-127446",,False,
W-902779,ANUP SANJAY DHOTRE,Lok Sabha,Maharashtra,AKOLA,V-60167,Education,2024-02-05,2024-02-08,18895738.95,17473544.81,70,"B-851854,B-425594",,False,
W-280577,Anurag Sharma,Lok Sabha,Uttar Pradesh,JHANSI,V-984047,Education,2023-08-18,2023-09-10,27405726.65,26646564.61,79,"B-7241,B-757821,B-833898",,False,
W-330632,Anurag Sharma,Lok Sabha,Uttar Pradesh,JHANSI,V-69585,Water,2023-04-22,2023-06-18,76682605.88,60592784.32,69,"B-459055,B-469268",,False,
W-808009,Anurag Sharma,Lok Sabha,Uttar Pradesh,JHANSI,V-779356,Road,2026-06-07,2026-06-19,42176667.47,32332693.99,76,"B-19233,B-745571,B-252534",,False,
W-247923,Anurag Singh Thakur,Lok Sabha,Himachal Pradesh,HAMIRPUR_HP,V-283285,Health,2025-08-27,2025-08-28,4393524.49,2856543.03,40,"B-865538,B-238515,B-573400",,False,
W-131778,Anurag Singh Thakur,Lok Sabha,Himachal Pradesh,HAMIRPUR_HP,V-563679,Other,2022-12-16,2023-01-12,34533327.71,22843680.79,55,"B-959420,B-950959,B-179024,B-80654",,False,
W-328713,Anurag Singh Thakur,Lok Sabha,Himachal Pradesh,HAMIRPUR_HP,V-541879,Sanitation,2025-04-27,2025-05-25,38291902.93,27012650.73,36,"B-888334,B-531606",,False,
W-609311,Anurag Singh Thakur,Lok Sabha,Himachal Pradesh,HAMIRPUR_HP,V-819304,Road,2022-04-28,2022-05-28,5422402.83,4997455.2,68,"B-798310,B-126945,B-317918,B-401841",,False,
W-400825,Anurag Singh Thakur,Lok Sabha,Himachal Pradesh,HAMIRPUR_HP,V-667879,Education,2024-06-18,2024-07-16,15897795.04,10820190.42,60,"B-224708,B-727833,B-869987",,False,
W-721529,Anurag Singh Thakur,Lok Sabha,Himachal Pradesh,HAMIRPUR_HP,V-253669,Health,2023-11-10,2023-12-14,31289252.92,22996322.62,55,"B-864457,B-354457,B-233492,B-167605,B-487045",,True,sanction_delay
W-867383,Anurag Singh Thakur,Lok Sabha,Himachal Pradesh,HAMIRPUR_HP,V-998764,Water,2026-07-26,2026-08-12,18994060.6,17048836.61,78,"B-265757,B-319351,B-796047",,False,
W-418259,Appalanaidu Kalisetti,Lok Sabha,Andhra Pradesh,VIZIANAGARAM,V-909727,Education,2021-12-15,2021-12-17,4514748.63,4410133.74,59,"B-598652,B-93733,B-63108,B-100071,B-787953",,False,
W-859534,Appalanaidu Kalisetti,Lok Sabha,Andhra Pradesh,VIZIANAGARAM,V-750137,Road,2025-10-03,2025-11-06,32602140.85,26019140.61,74,"B-597972,B-907005,B-717671,B-20072,B-632469",,False,
W-912781,Appalanaidu Kalisetti,Lok Sabha,Andhra Pradesh,VIZIANAGARAM,V-583511,Education,2023-04-11,2023-04-17,45161048.3,43894125.68,88,"B-60736,B-184779,B-136037,B-800895,B-725130",,False,
W-409660,Appalanaidu Kalisetti,Lok Sabha,Andhra Pradesh,VIZIANAGARAM,V-710534,Other,2024-04-10,2024-04-25,63987062.22,46253899.85,46,"B-581502,B-77973,B-674163",,False,
W-447868,ARUN BHARTI,Lok Sabha,Bihar,JAMUI(SC),V-2294,Water,2022-11-06,2022-12-02,21174191.94,19539158.74,56,"B-466409,B-937219,B-496672,B-95268",,False,
W-563944,ARUN BHARTI,Lok Sabha,Bihar,JAMUI(SC),V-391948,Road,2022-08-07,2022-08-20,11157222.8,8248868.77,43,"B-953965,B-168390,B-487065,B-555130",,False,
W-695424,ARUN BHARTI,Lok Sabha,Bihar,JAMUI(SC),V-125784,Road,2023-11-28,2023-12-09,109904384.3,91896704.27,74,"B-996705,B-997582,B-755575,B-881281",,False,
W-684535,ARUN BHARTI,Lok Sabha,Bihar,JAMUI(SC),V-301594,Other,2024-07-29,2024-07-31,18633276.01,12118193.23,35,"B-819697,B-665926",,False,
W-161902,ARUN BHARTI,Lok Sabha,Bihar,JAMUI(SC),V-577627,Health,2023-11-13,2023-12-14,9490460.73,8192886.52,82,"B-636390,B-617125",,False,
W-518502,ARUN BHARTI,Lok Sabha,Bihar,JAMUI(SC),V-906925,Other,2025-10-30,2025-11-30,23590462.22,18992338.13,85,"B-76770,B-980729,B-249252",,False,
W-615672,ARUN GOVIL,Lok Sabha,Uttar Pradesh,MEERUT,V-305299,Other,2025-11-21,2025-12-02,28744362.0,24474676.54,51,"B-168297,B-442903,B-547055",,False,
W-541217,ARUN GOVIL,Lok Sabha,Uttar Pradesh,MEERUT,V-280736,Water,2026-01-26,2026-02-23,57195044.55,54723645.81,89,"B-192884,B-837705,B-118111,B-289004",,False,
W-492569,ARUN GOVIL,Lok Sabha,Uttar Pradesh,MEERUT,V-717460,Road,2026-06-26,2026-07-22,7846948.85,5399153.77,41,"B-787432,B-558260,B-296472",,False,
W-984916,ARUN GOVIL,Lok Sabha,Uttar Pradesh,MEERUT,V-113349,Health,2022-10-06,2022-11-22,6910893.88,6436019.86,81,"B-974424,B-756474,B-504085,B-1874,B-292092",,False,
W-297534,ARUN GOVIL,Lok Sabha,Uttar Pradesh,MEERUT,V-7033,Sanitation,2025-06-24,2025-06-27,11633129.05,9581044.78,85,"B-414442,B-306334",,False,
W-261178,ARUN GOVIL,Lok Sabha,Uttar Pradesh,MEERUT,V-95707,Other,2023-05-30,2023-06-14,15845133.61,12397508.85,37,"B-64823,B-440093",,False,
W-202474,ARUN GOVIL,Lok Sabha,Uttar Pradesh,MEERUT,V-304871,Water,2024-08-01,2024-08-17,9887440.81,8309050.46,92,"B-10735,B-460485,B-362189,B-680712,B-105152",,False,
W-102253,ARUN GOVIL,Lok Sabha,Uttar Pradesh,MEERUT,V-DUP-007,Sanitation,2021-09-05,2021-10-07,8202047.25,7980175.86,45,"B-904238,B-773181,B-656468",,True,duplicate_vendor
W-759951,ARUN NEHRU,Lok Sabha,Tamil Nadu,PERAMBALUR,V-684355,Sanitation,2026-07-16,2026-07-30,25160959.47,19937576.27,83,"B-54784,B-586439,B-642725,B-246140",,False,
W-140724,ARUN NEHRU,Lok Sabha,Tamil Nadu,PERAMBALUR,V-503380,Education,2021-12-11,2022-01-12,12237581.17,11721366.64,79,"B-292112,B-839140,B-806017",,False,
W-438976,ARUN NEHRU,Lok Sabha,Tamil Nadu,PERAMBALUR,V-469762,Sanitation,2026-05-24,2026-06-04,35258257.73,28165895.06,94,"B-628330,B-376501,B-182006,B-32030",,False,
W-177884,ARUN NEHRU,Lok Sabha,Tamil Nadu,PERAMBALUR,V-959780,Education,2023-03-20,2023-04-05,63554187.14,55126179.01,56,"B-996181,B-119997,B-720989,B-580701",,False,
W-196910,ARUN NEHRU,Lok Sabha,Tamil Nadu,PERAMBALUR,V-832276,Education,2023-04-18,2020-05-26,10054014.49,7682183.65,67,"B-933482,B-639405,B-685080",,False,
W-476758,ARUNA. D. K,Lok Sabha,Telangana,MAHABUBNAGAR,V-959692,Road,2022-04-28,2022-05-20,15384577.67,11992585.41,92,"B-546961,B-703840",,False,
W-502830,ARUNA. D. K,Lok Sabha,Telangana,MAHABUBNAGAR,V-749071,Other,2022-01-15,2022-02-16,24272529.04,15814140.15,70,"B-307020,B-527336,B-269825,B-209094",,False,
W-168597,ARUNA. D. K,Lok Sabha,Telangana,MAHABUBNAGAR,V-756511,Road,2025-11-02,2025-12-04,15844816.31,13241203.14,76,"B-688845,B-646746",,False,
W-520303,ARUNA. D. K,Lok Sabha,Telangana,MAHABUBNAGAR,V-243933,Road,2024-01-29,2024-02-09,20680973.11,19802239.84,80,"B-30546,B-156275",,False,
W-721358,ARUNA. D. K,Lok Sabha,Telangana,MAHABUBNAGAR,V-844385,Education,2022-03-14,2022-03-21,35825077.0,23351004.65,63,"B-106210,B-452834,B-847717,B-788186",,False,
W-472910,ARUNA. D. K,Lok Sabha,Telangana,MAHABUBNAGAR,V-383283,Sanitation,2025-02-03,2025-03-07,34257026.86,32201331.0,55,"B-993930,B-915434,B-105755,B-841876,B-738506",,False,
W-859999,ARUP CHAKRABORTY,Lok Sabha,West Bengal,BANKURA,V-835572,Other,2022-10-30,2022-11-19,51976505.75,48846930.18,70,"B-862558,B-758938,B-315801",,False,
W-694998,ARUP CHAKRABORTY,Lok Sabha,West Bengal,BANKURA,V-572980,Road,2023-12-01,2023-12-04,20861791.42,19143150.27,65,"B-465054,B-271979,B-849611",,False,
W-878573,ARUP CHAKRABORTY,Lok Sabha,West Bengal,BANKURA,V-235930,Water,2025-04-10,2025-04-29,3521641.57,3430457.88,79,"B-783489,B-133337,B-776119,B-632292",,False,
W-662712,ARUP CHAKRABORTY,Lok Sabha,West Bengal,BANKURA,V-614271,Other,2022-03-13,2022-03-27,52673837.27,40669198.03,42,"B-531364,B-485036,B-46358",,False,
W-943838,ARUP CHAKRABORTY,Lok Sabha,West Bengal,BANKURA,V-63991,Road,2024-01-09,2024-01-13,17231223.99,15719488.81,48,"B-684366,B-3696,B-654053,B-332623,B-551977",,False,
W-466135,Arvind Dharmapuri,Lok Sabha,Telangana,NIZAMABAD,V-136916,Water,2022-05-12,2022-06-01,160317388.65,139564165.53,44,"B-730213,B-129096",,False,
W-128417,Arvind Dharmapuri,Lok Sabha,Telangana,NIZAMABAD,V-969198,Education,2026-05-24,2026-06-20,92019228.98,61030037.76,72,"B-533517,B-942939,B-170147,B-101388",,False,
W-302933,Arvind Dharmapuri,Lok Sabha,Telangana,NIZAMABAD,V-354695,Education,2023-01-31,2023-03-05,27652755.7,19930107.37,66,"B-293054,B-376287,B-288103",,True,duplicate_beneficiary
W-941091,Arvind Ganpat Sawant,Lok Sabha,Maharashtra,MUMBAI SOUTH,V-573054,Education,2024-10-25,2024-11-28,74416934.78,50353671.39,70,"B-597209,B-23829,B-600756,B-957823",,False,
W-952159,Arvind Ganpat Sawant,Lok Sabha,Maharashtra,MUMBAI SOUTH,V-825287,Other,2022-11-26,2022-12-26,17633824.44,15152698.84,56,"B-305697,B-317867,B-126047",,False,
W-952285,Arvind Ganpat Sawant,Lok Sabha,Maharashtra,MUMBAI SOUTH,V-786419,Road,2025-12-10,2025-12-25,54214240.78,35881512.69,47,"B-729745,B-305659,B-217790,B-208795",,False,
W-305564,Asaduddin Owaisi,Lok Sabha,Telangana,HYDERABAD,V-721390,Other,2025-07-21,2025-08-22,70702113.55,58436455.69,44,"B-354989,B-694083",,False,
W-270089,Asaduddin Owaisi,Lok Sabha,Telangana,HYDERABAD,V-688070,Other,2025-07-30,2025-08-29,9760046.36,7623445.23,69,"B-128882,B-185176,B-920885,B-19995,B-136437",,False,
W-116499,Asaduddin Owaisi,Lok Sabha,Telangana,HYDERABAD,V-939579,Education,2021-10-04,2021-11-07,16389330.51,15892541.48,38,"B-106007,B-416686,B-180691,B-DUP-015",,True,duplicate_beneficiary
W-387376,Asaduddin Owaisi,Lok Sabha,Telangana,HYDERABAD,V-749894,Water,2022-09-02,2022-09-29,26456995.22,19694471.09,46,"B-354548,B-276515",,False,
W-453125,Asaduddin Owaisi,Lok Sabha,Telangana,HYDERABAD,V-410365,Other,2024-11-25,2024-12-01,22956514.36,21492118.39,40,"B-423136,B-220243",,False,
W-635267,ASHISH DUBEY,Lok Sabha,Madhya Pradesh,JABALPUR,V-299883,Road,2022-06-27,2022-06-30,23704721.53,16013817.27,69,"B-831942,B-909515,B-226821,B-950736,B-579194",,False,
W-216802,ASHISH DUBEY,Lok Sabha,Madhya Pradesh,JABALPUR,V-858233,Sanitation,2024-03-13,2024-03-28,17415916.48,16669224.41,85,"B-841728,B-904544,B-831794,B-615516",,False,
W-463483,ASHISH DUBEY,Lok Sabha,Madhya Pradesh,JABALPUR,V-294787,Road,2022-10-08,2022-10-09,26246417.21,18424530.89,87,"B-80850,B-131714",,False,
W-375057,ASHISH DUBEY,Lok Sabha,Madhya Pradesh,JABALPUR,V-23910,Water,2022-03-10,2022-04-13,21909431.96,15822386.94,58,"B-125243,B-596267,B-6720,B-950801",,False,
W-200316,ASHISH DUBEY,Lok Sabha,Madhya Pradesh,JABALPUR,V-542649,Health,2023-04-26,2023-05-28,39752109.21,38657876.79,37,"B-496773,B-95918",,False,
W-924241,ASHISH DUBEY,Lok Sabha,Madhya Pradesh,JABALPUR,V-262431,Health,2023-07-23,2023-07-24,13851348.85,9705482.3,91,"B-835860,B-869513",,False,
W-557613,ASHISH DUBEY,Lok Sabha,Madhya Pradesh,JABALPUR,V-16126,Road,2025-05-30,2025-06-05,3385054.76,2835416.67,57,"B-275442,B-273311,B-236903,B-931287,B-851724",,False,
W-595088,Ashok Kumar Rawat,Lok Sabha,Uttar Pradesh,MISRIKH(SC),V-DUP-002,Health,2021-10-14,2021-10-30,33179044.75,26360343.5,48,"B-13603,B-871550,B-53717,B-979639",,False,
W-698647,Ashok Kumar Rawat,Lok Sabha,Uttar Pradesh,MISRIKH(SC),V-694681,Other,2022-03-27,2022-04-25,23989585.19,21695105.17,58,"B-467227,B-81442",,False,
W-660040,Ashok Kumar Rawat,Lok Sabha,Uttar Pradesh,MISRIKH(SC),V-210945,Health,2023-06-14,2023-06-28,7847122.64,5931186.9,46,"B-160324,B-249345",,False,
W-235859,Ashok Kumar Rawat,Lok Sabha,Uttar Pradesh,MISRIKH(SC),V-493029,Health,2022-01-07,2022-01-13,81249247.42,64468898.56,76,"B-111841,B-313480,B-953214,B-850120,B-286129",,False,
W-937888,Ashok Kumar Yadav,Lok Sabha,Bihar,MADHUBANI,V-769753,Other,2026-02-27,2026-03-14,56870169.48,55635456.38,41,"B-398543,B-161633,B-980330",,False,
W-120707,Ashok Kumar Yadav,Lok Sabha,Bihar,MADHUBANI,V-533762,Health,2023-03-29,2023-04-14,29181203.88,23029304.21,94,"B-857501,B-641661",,False,
W-531760,Ashok Kumar Yadav,Lok Sabha,Bihar,MADHUBANI,V-917402,Sanitation,2021-12-11,2021-12-31,17399587.52,12618691.81,78,"B-677818,B-179490,B-228996,B-734105",,False,
W-923476,Ashok Kumar Yadav,Lok Sabha,Bihar,MADHUBANI,V-276652,Health,2025-04-10,2025-04-11,42814039.12,41694783.52,36,"B-819093,B-29127,B-681996",,False,
W-259533,Asit Kumar Mal,Lok Sabha,West Bengal,BOLPUR(SC),V-323674,Other,2025-03-25,2025-04-09,35573871.36,31010166.36,75,"B-883026,B-131282,B-235557,B-26652,B-108291",,False,
W-153533,Asit Kumar Mal,Lok Sabha,West Bengal,BOLPUR(SC),V-289955,Other,2022-10-12,2022-11-05,82507299.1,65203619.43,57,"B-456740,B-734221,B-93917,B-551885",,False,
W-793584,Asit Kumar Mal,Lok Sabha,West Bengal,BOLPUR(SC),V-973669,Sanitation,2024-07-22,2024-08-03,42081490.81,37581680.0,65,"B-706799,B-55781,B-565668",,False,
W-798907,Asit Kumar Mal,Lok Sabha,West Bengal,BOLPUR(SC),V-52250,Education,2022-02-14,2022-03-04,52677664.13,47194828.94,48,"B-63224,B-754349,B-283468",,False,
W-363447,Asit Kumar Mal,Lok Sabha,West Bengal,BOLPUR(SC),V-5538,Road,2026-04-08,2026-04-21,61475659.06,88417810.14,95,"B-85515,B-393507",,True,cost_overrun
W-926056,ATUL GARG,Lok Sabha,Uttar Pradesh,GHAZIABAD,V-844324,Water,2026-05-03,2026-05-13,15068703.87,10427560.34,78,"B-9682,B-258138,B-745981,B-518655",,False,
W-833857,ATUL GARG,Lok Sabha,Uttar Pradesh,GHAZIABAD,V-461278,Sanitation,2023-04-05,2023-04-29,12831015.33,8636266.93,60,"B-40607,B-83313,B-110382",,False,
W-741412,ATUL GARG,Lok Sabha,Uttar Pradesh,GHAZIABAD,V-745537,Water,2024-03-14,2024-04-08,24039104.15,21559151.86,57,"B-508240,B-466893,B-915469,B-81990,B-804151",,True,sanction_delay
W-894968,ATUL GARG,Lok Sabha,Uttar Pradesh,GHAZIABAD,V-372976,Water,2023-05-06,2023-05-21,18986562.19,17482519.59,51,"B-50692,B-481209",,False,
W-163584,ATUL GARG,Lok Sabha,Uttar Pradesh,GHAZIABAD,V-294673,Education,2025-03-29,2025-04-10,29793090.7,21099387.59,49,"B-325316,B-133416,B-461023",,False,
W-899104,ATUL GARG,Lok Sabha,Uttar Pradesh,GHAZIABAD,V-120268,Education,2022-10-06,2022-10-19,31728758.21,23146317.85,90,"B-83637,B-867171,B-761726,B-292453,B-203379",,False,
W-817405,ATUL GARG,Lok Sabha,Uttar Pradesh,GHAZIABAD,V-118146,Water,2023-09-28,2023-10-08,22112553.2,16363851.67,57,"B-571444,B-883089",,False,
W-202360,AVIMANYU SETHI,Lok Sabha,Odisha,BHADRAK(SC),V-703079,Education,2023-03-30,2023-04-20,103462322.41,96857996.6,74,"B-68949,B-276377,B-106553,B-136830",,False,
W-120490,AVIMANYU SETHI,Lok Sabha,Odisha,BHADRAK(SC),V-87953,Other,2026-05-06,2026-05-22,11553183.17,10901898.16,72,B-DUP-011,,True,duplicate_beneficiary
W-317716,AVIMANYU SETHI,Lok Sabha,Odisha,BHADRAK(SC),V-493232,Other,2024-01-12,2024-01-29,31249494.42,25065449.44,83,B-DUP-013,,True,duplicate_beneficiary
W-539039,AWADHESH PRASAD,Lok Sabha,Uttar Pradesh,FAIZABAD,V-369525,Health,2024-09-30,2024-10-29,34970444.7,23984718.84,78,"B-455689,B-241782",,False,
W-105814,AWADHESH PRASAD,Lok Sabha,Uttar Pradesh,FAIZABAD,V-513537,Water,2023-08-23,2023-09-19,61425733.01,57112796.8,82,"B-398149,B-746537,B-640421,B-396083,B-220899",,False,
W-319972,AWADHESH PRASAD,Lok Sabha,Uttar Pradesh,FAIZABAD,V-818316,Sanitation,2023-07-07,2023-08-06,49868822.29,47059545.58,44,"B-101356,B-7681,B-41501",,False,
W-882805,AZAD KIRTI JHA,Lok Sabha,West Bengal,BARDHAMAN-DURGAPUR,V-DUP-013,Education,2021-10-20,2021-10-27,72739637.88,51966013.79,45,"B-423482,B-36899,B-511925,B-95084",,True,duplicate_vendor
W-726474,AZAD KIRTI JHA,Lok Sabha,West Bengal,BARDHAMAN-DURGAPUR,V-914884,Road,2025-08-05,2025-08-27,65613120.11,51371810.16,92,"B-970051,B-225743",,False,
W-635875,AZAD KIRTI JHA,Lok Sabha,West Bengal,BARDHAMAN-DURGAPUR,V-78153,Other,2021-12-25,2021-12-25,40407349.99,28823935.92,76,"B-442475,B-355289,B-427964,B-190141",,False,
W-380696,B K PARTHASARATHI,Lok Sabha,Andhra Pradesh,HINDUPUR,V-69019,Education,2023-02-16,2023-03-21,81036311.61,59749467.17,35,"B-783303,B-811214,B-643878",,False,
W-514176,B K PARTHASARATHI,Lok Sabha,Andhra Pradesh,HINDUPUR,V-223463,Other,2024-11-14,2024-11-29,34126213.43,25031627.63,82,"B-433388,B-43930,B-579780,B-748230,B-592865",,False,
W-660185,B K PARTHASARATHI,Lok Sabha,Andhra Pradesh,HINDUPUR,V-847126,Health,2026-06-01,2026-06-28,23554027.97,24294495.67,84,"B-653381,B-451418,B-872178,B-81700,B-634970",,True,cost_overrun
W-371493,B K PARTHASARATHI,Lok Sabha,Andhra Pradesh,HINDUPUR,V-560525,Other,2024-10-29,2024-11-05,20972881.63,13662173.55,69,"B-632556,B-536997,B-549409,B-791260",,False,
W-761746,BABU SINGH KUSHWAHA,Lok Sabha,Uttar Pradesh,JAUNPUR,V-694372,Other,2023-05-24,2023-06-12,38700594.16,31278115.67,60,"B-102117,B-224383,B-985288,B-451012",,False,
W-815431,BABU SINGH KUSHWAHA,Lok Sabha,Uttar Pradesh,JAUNPUR,V-775221,Other,2026-03-06,2026-03-24,26824764.72,23547654.17,74,"B-344954,B-352997",,False,
W-908892,BABU SINGH KUSHWAHA,Lok Sabha,Uttar Pradesh,JAUNPUR,V-509084,Other,2022-05-01,2022-05-06,16951667.51,13274968.69,60,"B-492055,B-646072",,False,
W-358004,BABU SINGH KUSHWAHA,Lok Sabha,Uttar Pradesh,JAUNPUR,V-889481,Other,2023-10-30,2023-11-01,6673232.86,5944776.3,49,"B-750368,B-856861",,False,
W-537386,BABU SINGH KUSHWAHA,Lok Sabha,Uttar Pradesh,JAUNPUR,V-590403,Sanitation,2022-10-03,2022-11-05,57114740.75,45949743.55,40,"B-334153,B-518348",,False,
W-978616,BACHHAV SHOBHA DINESH,Lok Sabha,Maharashtra,DHULE,V-210388,Road,2022-06-12,2022-06-20,26686915.62,18535732.74,36,"B-135899,B-20057,B-324461,B-314713,B-643996",,False,
W-983279,BACHHAV SHOBHA DINESH,Lok Sabha,Maharashtra,DHULE,V-229233,Health,2025-08-12,2025-08-26,48814082.3,35348596.96,59,"B-181160,B-739854,B-523713,B-333736,B-6253",,False,
W-684306,BACHHAV SHOBHA DINESH,Lok Sabha,Maharashtra,DHULE,V-821967,Health,2023-06-22,2023-07-05,28787492.87,19045475.6,40,"B-968232,B-536353",,False,
W-114727,BACHHAV SHOBHA DINESH,Lok Sabha,Maharashtra,DHULE,V-852649,Sanitation,2023-09-24,2023-10-16,41976509.21,38129729.04,44,"B-823724,B-839879",,False,
W-544200,BAG MITALI,Lok Sabha,West Bengal,ARAMBAG(SC),V-21146,Other,2025-08-30,2025-09-04,36878011.93,32834844.58,92,"B-914903,B-753730,B-368698,B-436712,B-734037",,False,
W-356012,BAG MITALI,Lok Sabha,West Bengal,ARAMBAG(SC),V-670587,Education,2022-05-11,2022-05-12,47800239.83,39390314.29,88,"B-966832,B-788119,B-64863,B-850962,B-938211",,False,
W-812012,BAG MITALI,Lok Sabha,West Bengal,ARAMBAG(SC),V-15687,Sanitation,2022-12-14,2022-12-15,35710515.64,32042561.6,85,"B-554714,B-326021,B-789413,B-356362",,False,
W-496373,BAG MITALI,Lok Sabha,West Bengal,ARAMBAG(SC),V-296016,Water,2024-08-23,2024-09-06,8711914.92,6347951.74,42,"B-741700,B-165352,B-177158",,False,
W-189959,BAG MITALI,Lok Sabha,West Bengal,ARAMBAG(SC),V-171258,Health,2026-07-18,2026-08-10,17164317.67,14457035.08,65,"B-395879,B-864230,B-479483,B-576407,B-55446",,False,
W-517733,BAIJAYANT PANDA,Lok Sabha,Odisha,KENDRAPARA,V-506480,Sanitation,2022-04-08,2022-05-10,20550421.06,20032162.82,58,"B-531315,B-760267,B-361118",,False,
W-144593,BAIJAYANT PANDA,Lok Sabha,Odisha,KENDRAPARA,V-378294,Education,2021-12-08,2021-12-30,83591758.59,67408210.51,39,"B-991137,B-23151,B-369455,B-638969,B-564917",,False,
W-916999,BAIJAYANT PANDA,Lok Sabha,Odisha,KENDRAPARA,V-856653,Water,2024-01-11,2024-01-14,26779208.36,21050699.77,72,"B-268957,B-800547,B-379810,B-59403,B-107438",,False,
W-172109,BAIJAYANT PANDA,Lok Sabha,Odisha,KENDRAPARA,V-155562,Road,2024-03-10,2024-03-19,8526284.46,7758677.06,71,"B-716052,B-582991,B-164257",,False,
W-102682,BAIJAYANT PANDA,Lok Sabha,Odisha,KENDRAPARA,V-584263,Health,2026-08-01,2026-09-04,6817327.53,6418955.95,82,"B-842507,B-822089,B-805731",,False,
W-454405,BAJRANG MANOHAR SONWANE,Lok Sabha,Maharashtra,BEED,V-499300,Sanitation,2024-11-04,2024-11-25,13372687.97,8935888.0,65,"B-124995,B-804043,B-138725",,False,
W-731712,BAJRANG MANOHAR SONWANE,Lok Sabha,Maharashtra,BEED,V-799271,Education,2023-02-21,2023-03-21,78284767.13,51683183.36,87,"B-137935,B-339631,B-361254,B-245080,B-166608",,False,
W-660375,BAJRANG MANOHAR SONWANE,Lok Sabha,Maharashtra,BEED,V-641859,Education,2024-04-02,2022-08-28,48401269.53,32273513.6,58,"B-302687,B-774170,B-339412",,True,delayed_completion
W-721677,BAJRANG MANOHAR SONWANE,Lok Sabha,Maharashtra,BEED,V-556018,Sanitation,2024-02-07,2024-02-25,25010887.02,23409712.91,50,"B-876966,B-777861",,False,
W-563830,BALABHADRA MAJHI,Lok Sabha,Odisha,NABARANGPUR(ST),V-328623,Road,2021-12-14,2022-01-05,14236619.12,10200630.73,36,"B-456261,B-916809,B-864877,B-221562,B-220342",,False,
W-318216,BALABHADRA MAJHI,Lok Sabha,Odisha,NABARANGPUR(ST),V-175932,Other,2025-02-27,2025-03-27,16747679.25,12817936.66,94,"B-893666,B-122275,B-215550,B-675892",,False,
W-777245,BALABHADRA MAJHI,Lok Sabha,Odisha,NABARANGPUR(ST),V-948812,Road,2021-12-23,2021-12-27,51107038.43,49618508.21,45,"B-609250,B-599823,B-26937,B-624628,B-985345",,False,
W-642408,BALABHADRA MAJHI,Lok Sabha,Odisha,NABARANGPUR(ST),V-132648,Sanitation,2022-10-11,2022-11-12,14496273.73,11011569.66,85,"B-830809,B-849579",,False,
W-787767,BALABHADRA MAJHI,Lok Sabha,Odisha,NABARANGPUR(ST),V-236194,Water,2022-05-16,2022-05-23,8436742.77,5734457.93,46,"B-935451,B-564242",,False,
W-524794,BALABHADRA MAJHI,Lok Sabha,Odisha,NABARANGPUR(ST),V-188079,Education,2023-07-30,2023-08-01,1182881.46,1155251.26,40,"B-875279,B-311318",,False,
W-941573,BALABHADRA MAJHI,Lok Sabha,Odisha,NABARANGPUR(ST),V-865117,Road,2025-03-06,2025-03-10,40469657.54,37353251.76,79,"B-112851,B-35052,B-130364,B-552750",,False,
W-777162,Balashowry Vallabbhaneni,Lok Sabha,Andhra Pradesh,MACHILIPATNAM,V-318750,Sanitation,2022-01-01,2022-01-25,66114764.39,53177778.32,56,"B-914642,B-298240",,False,
W-374768,Balashowry Vallabbhaneni,Lok Sabha,Andhra Pradesh,MACHILIPATNAM,V-925066,Water,2022-09-29,2022-10-13,62806934.75,46227929.36,83,"B-244405,B-523465,B-566892",,False,
W-681728,Balashowry Vallabbhaneni,Lok Sabha,Andhra Pradesh,MACHILIPATNAM,V-584427,Road,2026-07-29,2026-08-24,17343300.85,16092556.63,50,"B-71291,B-487637,B-860290,B-45007",,False,
W-501201,BALRAM NAIK PORIKA,Lok Sabha,Telangana,MAHABUBABAD,V-688191,Road,2022-06-27,2022-07-07,68145851.7,57086812.77,50,"B-124849,B-447956,B-870770",,False,
W-610125,BALRAM NAIK PORIKA,Lok Sabha,Telangana,MAHABUBABAD,V-952379,Education,2023-01-05,2023-01-24,26801620.5,22921133.67,62,"B-185923,B-297897,B-98620,B-802399",,False,
W-574085,BALRAM NAIK PORIKA,Lok Sabha,Telangana,MAHABUBABAD,V-176090,Road,2024-04-15,2024-05-10,28832660.95,20026483.87,77,"B-799062,B-968419,B-207845,B-947735",,True,sanction_delay
W-962855,BALRAM NAIK PORIKA,Lok Sabha,Telangana,MAHABUBABAD,V-26473,Health,2022-03-28,2022-04-20,22484866.84,19679971.45,72,"B-242193,B-184639",,False,
W-500350,BALWANT BASWANT WANKHADE,Lok Sabha,Maharashtra,AMRAVATI(SC),V-19908,Education,2023-02-09,2023-03-14,12919416.15,10964178.76,67,"B-368120,B-994317,B-559788,B-981154,B-648400",,False,
W-340423,BALWANT BASWANT WANKHADE,Lok Sabha,Maharashtra,AMRAVATI(SC),V-875472,Sanitation,2022-05-12,2022-05-16,25645466.35,21033817.93,39,"B-946807,B-292070,B-234415,B-733006",,False,
W-805497,BALWANT BASWANT WANKHADE,Lok Sabha,Maharashtra,AMRAVATI(SC),V-528582,Education,2025-10-22,2025-11-09,72141233.88,58640519.32,91,"B-87919,B-264394,B-363530,B-7684",,False,
W-272198,BALWANT BASWANT WANKHADE,Lok Sabha,Maharashtra,AMRAVATI(SC),V-783322,Education,2022-01-06,2022-02-08,11322991.81,9043562.97,93,"B-915719,B-29899,B-963646,B-265071",,False,
W-812713,BALWANT BASWANT WANKHADE,Lok Sabha,Maharashtra,AMRAVATI(SC),V-662355,Water,2025-09-11,2025-09-25,15214364.0,10367248.49,48,"B-406836,B-378022,B-818817,B-491265",,False,
W-273396,BALWANT BASWANT WANKHADE,Lok Sabha,Maharashtra,AMRAVATI(SC),V-318698,Road,2022-08-14,2022-09-05,42175971.83,38120754.32,61,"B-227078,B-581557,B-340194,B-192023",,False,
W-701937,BALWANT BASWANT WANKHADE,Lok Sabha,Maharashtra,AMRAVATI(SC),V-437564,Sanitation,2025-01-17,2025-02-10,17882765.59,14987444.95,36,"B-726206,B-936153,B-499567,B-328408,B-493921",,False,
W-172567,BALYA MAMA SURESH GOPINATH MHATRE,Lok Sabha,Maharashtra,BHIWANDI,V-859045,Water,2026-03-10,2026-04-05,38801992.01,28175061.97,50,"B-779618,B-700954,B-658342,B-610472,B-73121",,False,
W-460358,BALYA MAMA SURESH GOPINATH MHATRE,Lok Sabha,Maharashtra,BHIWANDI,V-86797,Other,2023-05-24,2023-06-10,59281468.96,53324317.94,65,"B-547497,B-273498,B-933027,B-851674,B-657310",,False,
W-602061,BALYA MAMA SURESH GOPINATH MHATRE,Lok Sabha,Maharashtra,BHIWANDI,V-673849,Education,2025-04-27,2025-06-13,48181539.03,34878715.82,54,"B-74811,B-938006,B-112999",,True,delayed_completion
W-773141,Bansuri Swaraj,Lok Sabha,Delhi,NEW DELHI,V-184194,Water,2026-03-21,2026-04-30,25412689.89,24783851.95,76,"B-206852,B-439560,B-796657",,False,
W-533117,Bansuri Swaraj,Lok Sabha,Delhi,NEW DELHI,V-439549,Other,2022-08-06,2022-09-07,35626252.48,32544152.48,90,"B-752856,B-62062,B-667144,B-309431,B-266207",,False,
W-256514,Bansuri Swaraj,Lok Sabha,Delhi,NEW DELHI,V-276502,Water,2023-12-22,2023-12-23,31624584.08,26267485.09,54,"B-67800,B-756656",,False,
W-150011,Bansuri Swaraj,Lok Sabha,Delhi,NEW DELHI,V-331613,Health,2026-03-22,2026-03-28,50142670.36,43127770.57,65,"B-647982,B-149931,B-200130",,False,
W-568899,Bansuri Swaraj,Lok Sabha,Delhi,NEW DELHI,V-162519,Education,2023-04-30,2023-05-23,10729218.43,8154972.89,80,"B-942853,B-424180,B-762786",,False,
W-287188,BAPI HALDAR,Lok Sabha,West Bengal,MATHURAPUR(SC),V-539402,Other,2022-02-21,2022-03-04,83145862.71,58901399.32,50,"B-925583,B-513408,B-156558,B-869091",,False,
W-229736,BAPI HALDAR,Lok Sabha,West Bengal,MATHURAPUR(SC),V-401499,Other,2022-12-01,2022-12-10,20915305.15,14043214.31,35,"B-967022,B-375318",,False,
W-902332,BAPI HALDAR,Lok Sabha,West Bengal,MATHURAPUR(SC),V-793235,Other,2024-01-27,2024-02-16,10963939.51,7205158.32,36,"B-687516,B-160610,B-509028,B-92859,B-789775",,False,
W-280295,BAPI HALDAR,Lok Sabha,West Bengal,MATHURAPUR(SC),V-583010,Road,2022-08-28,2022-09-02,31239892.63,26559122.38,48,"B-384434,B-60479,B-480846",,False,
W-548129,BASAVARAJ BOMMAI,Lok Sabha,Karnataka,HAVERI,V-217700,Education,2026-07-23,2026-08-11,44752396.91,36136972.47,53,"B-996893,B-318541,B-72849,B-994902,B-108656",,False,
W-527681,BASAVARAJ BOMMAI,Lok Sabha,Karnataka,HAVERI,V-522072,Education,2022-06-08,2022-07-03,22156652.72,14737893.55,48,"B-485438,B-523774",,False,
W-935687,BASAVARAJ BOMMAI,Lok Sabha,Karnataka,HAVERI,V-615465,Education,2022-07-20,2022-08-05,15288718.56,10030690.89,78,"B-788419,B-556322,B-708288",,False,
W-892291,BASAVARAJ BOMMAI,Lok Sabha,Karnataka,HAVERI,V-282906,Education,2025-11-27,2025-12-16,13424407.94,11429988.71,74,"B-524628,B-419631,B-371189,B-891702",,False,
W-418295,BASAVARAJ BOMMAI,Lok Sabha,Karnataka,HAVERI,V-DUP-012,Sanitation,2021-10-08,2021-10-26,32535649.34,28789589.71,84,"B-273802,B-98766",,True,duplicate_vendor
W-182634,BASAVARAJ BOMMAI,Lok Sabha,Karnataka,HAVERI,V-559059,Road,2022-08-08,2022-09-07,10907344.45,9261687.58,63,"B-775275,B-3030,B-152528,B-5038",,False,
W-939122,BASAVARAJ BOMMAI,Lok Sabha,Karnataka,HAVERI,V-652313,Water,2021-11-01,2021-11-07,7199830.07,5211127.61,37,"B-693349,B-657267,B-15043,B-920535,B-DUP-014",,True,duplicate_beneficiary
W-893985,BASTIPATI NAGARAJU PANCHALINGALA,Lok Sabha,Andhra Pradesh,KURNOOL,V-945967,Other,2023-11-27,2024-01-31,43175337.31,41887266.7,70,"B-874074,B-177888,B-329634,B-60950,B-840594",,False,
W-313405,BASTIPATI NAGARAJU PANCHALINGALA,Lok Sabha,Andhra Pradesh,KURNOOL,V-672924,Water,2022-07-15,2022-08-17,12372218.92,10288820.85,83,B-DUP-009,,True,duplicate_beneficiary
W-254353,BASTIPATI NAGARAJU PANCHALINGALA,Lok Sabha,Andhra Pradesh,KURNOOL,V-185942,Road,2026-07-13,2026-08-11,63986809.93,54552807.39,92,"B-843309,B-966191,B-547757,B-800035",,False,
W-593188,BASTIPATI NAGARAJU PANCHALINGALA,Lok Sabha,Andhra Pradesh,KURNOOL,V-821457,Education,2021-11-26,2022-01-24,28303123.5,23738051.92,54,"B-480799,B-548959",,False,
W-148875,BASTIPATI NAGARAJU PANCHALINGALA,Lok Sabha,Andhra Pradesh,KURNOOL,V-35216,Health,2022-07-28,2022-08-22,11361032.87,7665921.82,77,"B-877308,B-955672,B-732868,B-44063",,False,
W-654430,Bhagirath Chaudhary,Lok Sabha,Rajasthan,AJMER,V-383895,Other,2022-07-14,2022-08-08,68103190.97,65450406.33,63,"B-708667,B-342437,B-910491,B-881950",,False,
W-397149,Bhagirath Chaudhary,Lok Sabha,Rajasthan,AJMER,V-320878,Sanitation,2023-01-01,2023-01-04,11314889.06,12261579.28,75,"B-566186,B-467810,B-375695,B-234494",,True,cost_overrun
W-357888,Bhagirath Chaudhary,Lok Sabha,Rajasthan,AJMER,V-412372,Education,2024-02-16,2024-02-22,13475281.66,9833733.23,86,"B-815921,B-92488,B-646882,B-506636",,False,
W-576967,Bhagirath Chaudhary,Lok Sabha,Rajasthan,AJMER,V-993849,Health,2024-07-29,2024-08-14,53371638.31,39233759.41,91,"B-676070,B-196929",,False,
W-774917,BHAJAN LAL JATAV,Lok Sabha,Rajasthan,KARAULI-DHOLPUR(SC),V-43382,Sanitation,2024-10-20,2024-11-22,2575002.75,2226765.08,46,"B-509787,B-274906",,False,
W-708532,BHAJAN LAL JATAV,Lok Sabha,Rajasthan,KARAULI-DHOLPUR(SC),V-86401,Education,2024-04-28,2024-05-28,4115607.55,3339640.67,52,"B-351273,B-386993",,False,
W-965384,BHAJAN LAL JATAV,Lok Sabha,Rajasthan,KARAULI-DHOLPUR(SC),V-771539,Water,2022-04-23,2022-04-28,10690420.96,9374282.6,43,"B-580940,B-974974",,False,
W-999834,BHAJAN LAL JATAV,Lok Sabha,Rajasthan,KARAULI-DHOLPUR(SC),V-812257,Health,2024-10-05,2024-10-15,78347161.98,54539802.41,47,"B-753639,B-458902,B-821823",,False,
W-775401,BHAJAN LAL JATAV,Lok Sabha,Rajasthan,KARAULI-DHOLPUR(SC),V-548678,Sanitation,2022-05-21,2022-06-04,27472786.49,22588653.17,51,"B-490510,B-469098,B-903273",,False,
W-797924,BHAJAN LAL JATAV,Lok Sabha,Rajasthan,KARAULI-DHOLPUR(SC),V-6015,Education,2025-05-14,2025-05-15,13493967.33,11506945.76,53,"B-622692,B-860915,B-901930",,False,
W-401770,BHAJAN LAL JATAV,Lok Sabha,Rajasthan,KARAULI-DHOLPUR(SC),V-678477,Water,2023-04-05,2023-04-27,9570052.92,6563717.46,60,"B-565216,B-835144",,True,duplicate_beneficiary
W-392413,BHARAT SINGH KUSHWAH,Lok Sabha,Madhya Pradesh,GWALIOR,V-329025,Water,2025-05-15,2025-07-03,50734680.88,46083872.59,60,"B-101954,B-206554,B-149469,B-631272,B-599222",,False,
W-470099,BHARAT SINGH KUSHWAH,Lok Sabha,Madhya Pradesh,GWALIOR,V-246854,Other,2025-11-19,2025-11-30,22838578.46,19377460.68,36,"B-818007,B-533381",,False,
W-286341,BHARAT SINGH KUSHWAH,Lok Sabha,Madhya Pradesh,GWALIOR,V-848385,Sanitation,2025-09-29,2025-10-30,29494967.1,26837274.22,52,"B-359590,B-670590,B-660105,B-43437",,False,
W-532803,BHARAT SINGH KUSHWAH,Lok Sabha,Madhya Pradesh,GWALIOR,V-949489,Health,2025-05-07,2025-05-16,28614422.98,27862767.52,91,"B-438378,B-766253,B-254048,B-940801",,False,
W-502781,BHARAT SINGH KUSHWAH,Lok Sabha,Madhya Pradesh,GWALIOR,V-387628,Road,2022-06-08,2022-06-20,19015350.24,15792361.89,62,"B-226087,B-388535,B-728216,B-588918",,False,
W-936730,BHARATBHAI MANUBHAI SUTARIYA,Lok Sabha,Gujarat,AMRELI,V-DUP-011,Water,2021-10-02,2021-10-18,39439148.61,27339376.87,47,"B-209147,B-573810",,True,duplicate_vendor
W-469263,BHARATBHAI MANUBHAI SUTARIYA,Lok Sabha,Gujarat,AMRELI,V-991921,Sanitation,2023-10-03,2023-11-05,92993038.38,68602555.19,83,"B-814917,B-482986,B-892893,B-676573",,False,
W-206288,BHARATBHAI MANUBHAI SUTARIYA,Lok Sabha,Gujarat,AMRELI,V-DUP-001,Road,2021-09-23,2021-09-26,13832813.01,10925241.34,35,"B-310925,B-224458,B-826150,B-645041,B-743712",,True,duplicate_vendor
W-328391,Bharatsinhji Shankarji Dabhi,Lok Sabha,Gujarat,PATAN,V-467289,Health,2024-09-11,2024-09-30,19564776.57,17107666.19,47,"B-350440,B-589134,B-754671",,False,
W-569009,Bharatsinhji Shankarji Dabhi,Lok Sabha,Gujarat,PATAN,V-608279,Water,2022-09-13,2022-09-30,35723151.68,26326065.58,76,"B-556059,B-561414,B-628151,B-433742",,False,
W-487790,Bharatsinhji Shankarji Dabhi,Lok Sabha,Gujarat,PATAN,V-383504,Education,2024-05-31,2024-06-14,9847567.96,8730145.49,56,"B-619349,B-143297,B-490613",,False,
W-726625,Bharatsinhji Shankarji Dabhi,Lok Sabha,Gujarat,PATAN,V-879429,Education,2024-04-09,2024-05-01,2436382.18,2269162.3,57,"B-461768,B-335007",,False,
W-503954,Bharatsinhji Shankarji Dabhi,Lok Sabha,Gujarat,PATAN,V-22928,Health,2025-07-01,2025-07-10,25739793.36,24376359.64,48,"B-736825,B-357749,B-556659",,False,
W-363743,Bharatsinhji Shankarji Dabhi,Lok Sabha,Gujarat,PATAN,V-749661,Education,2026-02-26,2026-03-23,25406934.01,20661377.94,37,"B-440293,B-291318,B-496659,B-672365",,False,
W-532451,Bharatsinhji Shankarji Dabhi,Lok Sabha,Gujarat,PATAN,V-645224,Road,2023-12-10,2024-01-12,27546394.24,24696625.77,49,"B-960236,B-694813,B-35449",,False,
W-804290,BHARTI PARDHI,Lok Sabha,Madhya Pradesh,BALAGHAT,V-735128,Road,2023-02-09,2023-02-27,49921224.29,41233555.3,82,"B-229351,B-29748",,False,
W-301833,BHARTI PARDHI,Lok Sabha,Madhya Pradesh,BALAGHAT,V-367625,Education,2025-07-06,2025-07-27,5864752.06,3839425.4,39,"B-447391,B-228562,B-748295,B-615203,B-838118",,False,
W-152013,BHARTI PARDHI,Lok Sabha,Madhya Pradesh,BALAGHAT,V-759175,Health,2023-09-19,2023-09-28,97840420.71,64873567.31,92,"B-332262,B-966386",,False,
W-907774,BHASKAR MURLIDHAR BHAGARE,Lok Sabha,Maharashtra,DINDORI(ST),V-781646,Water,2024-06-02,2024-06-03,19174093.49,15828250.08,65,"B-67030,B-273475,B-498874,B-422225,B-465424",,False,
W-224688,BHASKAR MURLIDHAR BHAGARE,Lok Sabha,Maharashtra,DINDORI(ST),V-144623,Water,2025-06-21,2025-06-22,14794374.65,13349995.52,82,"B-533102,B-332852,B-660206,B-522538",,False,
W-674124,BHASKAR MURLIDHAR BHAGARE,Lok Sabha,Maharashtra,DINDORI(ST),V-475653,Other,2022-11-24,2022-12-16,22876288.32,18148565.96,53,"B-682946,B-118241",,True,sanction_delay
W-223914,BHASKAR MURLIDHAR BHAGARE,Lok Sabha,Maharashtra,DINDORI(ST),V-682166,Sanitation,2025-01-10,2025-02-03,2714174.02,2040493.43,84,"B-852364,B-508223",,False,
W-584642,BHASKAR MURLIDHAR BHAGARE,Lok Sabha,Maharashtra,DINDORI(ST),V-748619,Other,2024-03-23,2024-04-09,31434851.74,30746706.03,40,"B-865831,B-76489,B-365364",,False,
W-482576,BHASKAR MURLIDHAR BHAGARE,Lok Sabha,Maharashtra,DINDORI(ST),V-273299,Sanitation,2024-08-08,2024-08-09,8605413.39,7457070.75,40,B-DUP-008,,True,duplicate_beneficiary
W-359728,BHASKAR MURLIDHAR BHAGARE,Lok Sabha,Maharashtra,DINDORI(ST),V-653225,Road,2024-08-28,2024-09-20,46665804.39,42640578.43,81,"B-331166,B-678631,B-576013,B-946366,B-608075",,False,
W-879622,BHAUSAHEB RAJARAM WAKCHAURE,Lok Sabha,Maharashtra,SHIRDI(SC),V-915359,Other,2022-12-08,2022-12-22,9841221.12,7461383.06,80,"B-995705,B-12200,B-880951,B-937842",,False,
W-620480,BHAUSAHEB RAJARAM WAKCHAURE,Lok Sabha,Maharashtra,SHIRDI(SC),V-864244,Road,2023-12-21,2024-01-04,28200715.31,20725632.45,57,"B-555546,B-178664,B-396106,B-213043",,False,
W-131241,BHAUSAHEB RAJARAM WAKCHAURE,Lok Sabha,Maharashtra,SHIRDI(SC),V-506172,Road,2025-03-06,2025-03-11,34355924.29,26321340.69,72,"B-63349,B-355027,B-818011,B-156661",,False,
W-614153,BHAUSAHEB RAJARAM WAKCHAURE,Lok Sabha,Maharashtra,SHIRDI(SC),V-581024,Health,2022-08-22,2022-09-05,27943302.4,25760681.2,93,"B-480097,B-78046,B-833376",,False,
W-709131,BHAUSAHEB RAJARAM WAKCHAURE,Lok Sabha,Maharashtra,SHIRDI(SC),V-737795,Sanitation,2022-10-03,2022-11-05,19764122.17,17964762.23,65,"B-656835,B-900199,B-328668,B-584956,B-544924",,False,
W-369048,BHAUSAHEB RAJARAM WAKCHAURE,Lok Sabha,Maharashtra,SHIRDI(SC),V-429788,Health,2026-05-11,2026-06-09,26159714.71,18230555.95,91,"B-796577,B-855089,B-767498,B-505431",,False,
W-610218,BHOJRAJ NAG,Lok Sabha,Chhattisgarh,KANKER(ST),V-23869,Water,2023-02-16,2023-02-26,23665812.93,20560031.6,50,"B-415890,B-590720,B-604661",,False,
W-493197,BHOJRAJ NAG,Lok Sabha,Chhattisgarh,KANKER(ST),V-720248,Road,2025-11-11,2025-11-24,17482767.42,16525768.28,92,"B-842545,B-185473,B-758543",,False,
W-722365,BHOJRAJ NAG,Lok Sabha,Chhattisgarh,KANKER(ST),V-249353,Water,2023-12-11,2022-06-16,89687503.35,75689036.72,33,"B-18032,B-209290,B-196018",,True,delayed_completion
W-112892,BHOJRAJ NAG,Lok Sabha,Chhattisgarh,KANKER(ST),V-971019,Sanitation,2023-01-06,2023-01-23,10416410.32,7307904.91,62,"B-571405,B-299175,B-45055,B-442980",,False,
W-353825,BHOJRAJ NAG,Lok Sabha,Chhattisgarh,KANKER(ST),V-689812,Road,2022-04-24,2022-05-19,8475266.27,6782469.13,95,"B-668404,B-923446,B-351919",,False,
W-706554,BHOJRAJ NAG,Lok Sabha,Chhattisgarh,KANKER(ST),V-367755,Other,2024-03-02,2024-03-11,14121610.14,13477354.33,64,"B-995354,B-247826,B-511352,B-791334,B-175116",,False,
W-716676,Bhola Singh,Lok Sabha,Uttar Pradesh,BULANDSHAHR(SC),V-924949,Health,2026-03-04,2026-04-04,43570666.61,40848425.6,64,"B-635775,B-753295,B-970037,B-210268",,False,
W-894014,Bhola Singh,Lok Sabha,Uttar Pradesh,BULANDSHAHR(SC),V-36352,Health,2024-07-20,2024-07-22,39295140.63,26044345.29,42,"B-820292,B-582806,B-686113,B-51607",,False,
W-351613,Bhola Singh,Lok Sabha,Uttar Pradesh,BULANDSHAHR(SC),V-168141,Road,2025-05-28,2025-06-08,63399192.76,54922822.1,62,"B-387407,B-71165",,False,
W-968748,BHUMARE SANDIPANRAO ASARAM,Lok Sabha,Maharashtra,AURANGABAD_MH,V-192183,Other,2025-10-04,2025-10-15,3285188.29,3494133.6,88,"B-376851,B-981322,B-16223,B-8067",,True,cost_overrun
W-963629,BHUMARE SANDIPANRAO ASARAM,Lok Sabha,Maharashtra,AURANGABAD_MH,V-544285,Health,2026-05-21,2026-06-24,15469687.83,11989416.86,82,"B-299995,B-189150,B-365424",,False,
W-724840,BHUMARE SANDIPANRAO ASARAM,Lok Sabha,Maharashtra,AURANGABAD_MH,V-380760,Health,2024-04-30,2024-11-09,58148158.26,47812523.02,68,"B-7380,B-423730",,True,sanction_delay
W-660009,BHUMARE SANDIPANRAO ASARAM,Lok Sabha,Maharashtra,AURANGABAD_MH,V-723834,Other,2021-12-03,2022-01-03,28052053.19,18777403.84,83,"B-23827,B-304459,B-585809,B-770435",,False,
W-573853,BHUMARE SANDIPANRAO ASARAM,Lok Sabha,Maharashtra,AURANGABAD_MH,V-136620,Education,2023-01-15,2023-02-18,7254852.78,7077942.7,77,"B-884606,B-829281,B-618365,B-206940,B-16624",,False,
W-524200,BHUMARE SANDIPANRAO ASARAM,Lok Sabha,Maharashtra,AURANGABAD_MH,V-184927,Education,2025-01-03,2025-01-03,19272914.5,16101807.5,40,"B-460689,B-544122",,False,
W-125867,BHUMARE SANDIPANRAO ASARAM,Lok Sabha,Maharashtra,AURANGABAD_MH,V-207129,Road,2025-12-03,2026-01-02,14782145.15,12084897.52,70,"B-453035,B-526683",,False,
W-606495,Bhupathiraju Srinivasa varma,Lok Sabha,Andhra Pradesh,NARASAPURAM,V-291945,Sanitation,2024-10-31,2024-11-24,6720359.61,4821445.73,77,"B-258511,B-813536",,False,
W-377103,Bhupathiraju Srinivasa varma,Lok Sabha,Andhra Pradesh,NARASAPURAM,V-383196,Education,2023-07-12,2023-08-12,13810572.9,12459752.69,40,"B-355960,B-30244",,False,
W-750550,Bhupathiraju Srinivasa varma,Lok Sabha,Andhra Pradesh,NARASAPURAM,V-899520,Water,2025-10-20,2025-10-30,13490467.06,13096318.22,45,"B-543134,B-457816,B-740706,B-243765",,False,
W-238283,Bhupathiraju Srinivasa varma,Lok Sabha,Andhra Pradesh,NARASAPURAM,V-631916,Health,2026-04-05,2026-04-26,30915661.69,23233657.7,71,"B-334643,B-430809,B-578368",,False,
W-876175,Bhupathiraju Srinivasa varma,Lok Sabha,Andhra Pradesh,NARASAPURAM,V-111683,Sanitation,2024-10-29,2024-10-30,39157416.64,34865725.25,72,"B-911139,B-925105",,False,
W-424166,Bhupathiraju Srinivasa varma,Lok Sabha,Andhra Pradesh,NARASAPURAM,V-174164,Other,2023-09-28,2023-09-28,31871029.67,28388589.95,95,"B-397487,B-944886,B-959802,B-769507,B-433833",,False,
W-671885,Bhupathiraju Srinivasa varma,Lok Sabha,Andhra Pradesh,NARASAPURAM,V-641835,Water,2025-04-04,2025-04-30,10299492.43,8297696.09,49,"B-916048,B-617339,B-68883",,False,
W-413178,BHUPENDER YADAV,Lok Sabha,Rajasthan,ALWAR,V-139461,Education,2025-05-01,2025-06-03,6788005.36,5315553.15,39,"B-346216,B-191941,B-598709,B-975593",,False,
W-767552,BHUPENDER YADAV,Lok Sabha,Rajasthan,ALWAR,V-344157,Road,2022-06-06,2022-06-16,22804901.94,22243669.09,51,"B-496708,B-744759,B-809653",,False,
W-162340,BHUPENDER YADAV,Lok Sabha,Rajasthan,ALWAR,V-537377,Water,2025-03-09,2025-03-13,28095903.31,23580931.56,47,"B-703698,B-513398,B-750246",,False,
W-139364,BHUPENDER YADAV,Lok Sabha,Rajasthan,ALWAR,V-308233,Education,2026-03-18,2026-04-16,9955619.02,7708861.22,70,"B-388498,B-341027,B-971820",,False,
W-635340,BHUPENDER YADAV,Lok Sabha,Rajasthan,ALWAR,V-939569,Sanitation,2023-12-13,2023-12-23,16402513.79,16775319.9,96,"B-533116,B-174090",,True,cost_overrun
W-879279,BHUPENDER YADAV,Lok Sabha,Rajasthan,ALWAR,V-382720,Sanitation,2025-03-01,2025-03-08,32785223.84,25308836.48,87,"B-13960,B-45460,B-284476,B-640603",,False,
W-953266,BHUPENDER YADAV,Lok Sabha,Rajasthan,ALWAR,V-418896,Health,2023-06-12,2023-07-04,16155166.56,11408864.23,39,"B-620136,B-586685,B-51336,B-404784",,False,
W-966212,BHUPENDER YADAV,Lok Sabha,Rajasthan,ALWAR,V-798552,Road,2022-10-17,2022-11-04,13277666.18,9892655.17,79,"B-170570,B-640214",,False,
W-216248,BIBHU PRASAD TARAI,Lok Sabha,Odisha,JAGATSINGHPUR(SC),V-91823,Education,2022-10-28,2022-11-02,45203677.75,41774178.68,92,"B-54187,B-385608",,False,
W-182691,BIBHU PRASAD TARAI,Lok Sabha,Odisha,JAGATSINGHPUR(SC),V-757208,Water,2023-10-20,2023-11-05,12987742.0,12240823.35,41,"B-772449,B-486490,B-503020,B-891287",,False,
W-450322,BIBHU PRASAD TARAI,Lok Sabha,Odisha,JAGATSINGHPUR(SC),V-378213,Other,2022-01-31,2022-02-23,18982660.63,13988222.07,85,"B-66889,B-197494,B-979522",,False,
W-628033,BIBHU PRASAD TARAI,Lok Sabha,Odisha,JAGATSINGHPUR(SC),V-489545,Road,2025-05-10,2025-05-22,11414430.25,9383532.12,51,"B-158067,B-569921,B-764773",,False,
W-475601,BIBHU PRASAD TARAI,Lok Sabha,Odisha,JAGATSINGHPUR(SC),V-361042,Education,2022-06-30,2022-07-11,17081125.87,12824656.24,81,"B-313653,B-344227,B-649974",,False,
W-823994,BIBHU PRASAD TARAI,Lok Sabha,Odisha,JAGATSINGHPUR(SC),V-521878,Other,2024-09-04,2024-09-16,16261343.92,11374496.03,84,"B-786815,B-696241,B-752031,B-712994,B-370479",,False,
W-667500,BIBHU PRASAD TARAI,Lok Sabha,Odisha,JAGATSINGHPUR(SC),V-164267,Water,2026-06-24,2026-07-24,24334019.58,16891448.02,41,"B-437768,B-37901,B-720598,B-955464",,True,sanction_delay
W-883030,Bidyut Baran Mahato,Lok Sabha,Jharkhand,JAMSHEDPUR,V-708878,Other,2025-04-27,2025-07-09,4388104.98,3031722.18,53,"B-120424,B-391138,B-966255",,False,
W-787717,Bidyut Baran Mahato,Lok Sabha,Jharkhand,JAMSHEDPUR,V-831301,Health,2022-03-31,2022-04-21,17825251.16,16246814.05,71,"B-877301,B-981991,B-609669,B-719046",,False,
W-647286,Bidyut Baran Mahato,Lok Sabha,Jharkhand,JAMSHEDPUR,V-121875,Sanitation,2023-01-10,2023-01-26,19468366.0,17831173.58,89,"B-982327,B-541164",,False,
W-751401,Bidyut Baran Mahato,Lok Sabha,Jharkhand,JAMSHEDPUR,V-942812,Water,2024-10-31,2024-11-18,32366876.14,36743569.38,75,"B-774390,B-909311,B-629521,B-49928,B-58709",,True,cost_overrun
W-115561,Bidyut Baran Mahato,Lok Sabha,Jharkhand,JAMSHEDPUR,V-913247,Water,2023-03-29,2023-04-16,32557898.19,28488995.98,91,"B-334652,B-880049,B-50575,B-939159,B-86731",,False,
W-982209,Bidyut Baran Mahato,Lok Sabha,Jharkhand,JAMSHEDPUR,V-538252,Other,2022-03-28,2022-04-20,15801716.08,13073619.31,67,"B-432765,B-747850,B-86696,B-75710,B-54433",,True,sanction_delay
W-958581,Bidyut Baran Mahato,Lok Sabha,Jharkhand,JAMSHEDPUR,V-253117,Education,2024-07-10,2024-07-22,15820141.77,11518829.66,41,"B-737296,B-440220,B-1909,B-529900,B-906700",,False,
W-639233,Bidyut Baran Mahato,Lok Sabha,Jharkhand,JAMSHEDPUR,V-492279,Health,2026-03-05,2026-03-09,8036645.67,7694143.41,39,"B-20941,B-769881,B-306799,B-633279,B-159167",,False,
W-325932,BIJULI KALITA MEDHI,Lok Sabha,Assam,GUWAHATI,V-185615,Road,2026-06-21,2026-07-15,33172447.93,28476470.58,50,"B-412420,B-960816,B-954249,B-672409,B-492356",,False,
W-217298,BIJULI KALITA MEDHI,Lok Sabha,Assam,GUWAHATI,V-861081,Road,2025-10-31,2025-11-28,109920355.6,97505476.43,88,"B-123932,B-139975,B-456280,B-822806",,False,
W-404961,BIJULI KALITA MEDHI,Lok Sabha,Assam,GUWAHATI,V-536211,Education,2022-05-30,2022-06-10,3172196.47,2791851.09,46,"B-715578,B-711014,B-665974,B-552629,B-677242",,False,
W-719162,BIPLAB KUMAR DEB,Lok Sabha,Tripura,TRIPURA WEST,V-232415,Health,2026-06-08,2026-07-02,55593931.75,44967367.46,67,"B-509907,B-242163,B-580214,B-322275,B-683740",,False,
W-472737,BIPLAB KUMAR DEB,Lok Sabha,Tripura,TRIPURA WEST,V-665797,Health,2024-06-13,2024-06-15,33718321.16,26415311.47,37,"B-274008,B-485736,B-731228,B-191322,B-835112",,False,
W-945715,BIPLAB KUMAR DEB,Lok Sabha,Tripura,TRIPURA WEST,V-361690,Health,2021-12-11,2022-01-06,56952747.09,49373487.32,70,"B-107578,B-294423,B-582675,B-955033",,False,
W-421316,BISHNU PADA RAY,Lok Sabha,Andaman And Nicobar Islands,ANDAMAN AND NICOBAR ISLANDS,V-481482,Other,2026-06-07,2026-06-27,30942347.57,23569874.58,79,"B-359068,B-470212,B-613274",,False,
W-956651,BISHNU PADA RAY,Lok Sabha,Andaman And Nicobar Islands,ANDAMAN AND NICOBAR ISLANDS,V-DUP-014,Other,2021-09-20,2021-10-20,12222247.24,10861858.68,57,"B-493896,B-745722,B-785991,B-678847",,True,duplicate_vendor
W-201258,BISHNU PADA RAY,Lok Sabha,Andaman And Nicobar Islands,ANDAMAN AND NICOBAR ISLANDS,V-233639,Water,2026-05-14,2026-05-26,31151043.91,20766074.42,82,"B-305195,B-969354",,False,
W-244920,BISHNU PADA RAY,Lok Sabha,Andaman And Nicobar Islands,ANDAMAN AND NICOBAR ISLANDS,V-951777,Education,2025-05-05,2025-05-11,2205303.98,1705177.58,91,"B-316583,B-61196,B-855711,B-600679,B-111788",,False,
W-449362,BISHNU PADA RAY,Lok Sabha,Andaman And Nicobar Islands,ANDAMAN AND NICOBAR ISLANDS,V-DUP-012,Education,2021-09-04,2021-09-21,11826400.26,8603673.71,92,"B-841406,B-99522",,True,duplicate_vendor
W-163213,BISHNU PADA RAY,Lok Sabha,Andaman And Nicobar Islands,ANDAMAN AND NICOBAR ISLANDS,V-405797,Water,2023-04-30,2023-05-11,5083249.94,4672478.15,87,"B-187203,B-919143,B-197554",,False,
W-480385,BISHNU PADA RAY,Lok Sabha,Andaman And Nicobar Islands,ANDAMAN AND NICOBAR ISLANDS,V-568277,Other,2023-05-04,2023-05-31,52834407.1,48337810.31,69,"B-252952,B-174777",,False,
W-809311,BRIJENDRA SINGH OLA,Lok Sabha,Rajasthan,JHUNJHUNU,V-149265,Health,2026-03-02,2026-03-22,7274240.93,6977675.21,92,"B-422471,B-19166",,False,
W-908343,BRIJENDRA SINGH OLA,Lok Sabha,Rajasthan,JHUNJHUNU,V-62836,Health,2024-08-11,2024-09-13,32751875.13,26288555.24,56,"B-623054,B-760522,B-407669,B-225508",,False,
W-344208,BRIJENDRA SINGH OLA,Lok Sabha,Rajasthan,JHUNJHUNU,V-803395,Education,2025-06-14,2025-07-14,17651796.86,12037262.59,42,"B-610130,B-32582,B-626213,B-496898",,False,
W-823999,BRIJENDRA SINGH OLA,Lok Sabha,Rajasthan,JHUNJHUNU,V-900021,Water,2025-11-16,2025-11-27,7354878.6,5134622.12,86,"B-914284,B-459939",,False,
W-950243,BRIJENDRA SINGH OLA,Lok Sabha,Rajasthan,JHUNJHUNU,V-527814,Water,2024-08-29,2024-09-30,29379228.24,21182226.78,68,"B-998525,B-694233,B-339216",,False,
W-339691,BRIJENDRA SINGH OLA,Lok Sabha,Rajasthan,JHUNJHUNU,V-650857,Road,2024-08-06,2024-08-19,12474035.06,9623353.55,69,"B-164654,B-741449,B-788872,B-400026,B-298576",,False,
W-479104,BRIJENDRA SINGH OLA,Lok Sabha,Rajasthan,JHUNJHUNU,V-252737,Health,2022-09-08,2022-09-18,28460193.61,19917232.79,90,"B-511857,B-703294,B-709496,B-271369,B-589028",,False,
W-329360,BRIJENDRA SINGH OLA,Lok Sabha,Rajasthan,JHUNJHUNU,V-135678,Other,2023-05-28,2023-05-29,10918751.56,10084546.96,90,"B-346840,B-954197,B-636259",,False,
W-536885,BRIJMOHAN AGRAWAL,Lok Sabha,Chhattisgarh,RAIPUR,V-928324,Health,2023-10-04,2023-10-15,2561059.68,1875829.23,43,"B-491314,B-384710,B-221583,B-903956",,False,
W-211938,BRIJMOHAN AGRAWAL,Lok Sabha,Chhattisgarh,RAIPUR,V-983378,Other,2025-07-15,2025-07-28,31909420.9,30954611.94,62,"B-881643,B-149790",,False,
W-849513,BRIJMOHAN AGRAWAL,Lok Sabha,Chhattisgarh,RAIPUR,V-720962,Health,2023-05-28,2023-06-08,58506326.34,43704632.71,68,"B-916067,B-523646,B-29662,B-361580",,False,
W-629016,BRIJMOHAN AGRAWAL,Lok Sabha,Chhattisgarh,RAIPUR,V-498871,Water,2025-04-28,2025-05-15,22116953.69,19074420.66,81,"B-149517,B-356093,B-853886,B-462678,B-89057",,False,
W-888450,BRIJMOHAN AGRAWAL,Lok Sabha,Chhattisgarh,RAIPUR,V-928433,Water,2024-09-05,2024-09-14,17481717.29,15359692.36,95,"B-841254,B-510281",,False,
W-298937,BRIJMOHAN AGRAWAL,Lok Sabha,Chhattisgarh,RAIPUR,V-387166,Water,2024-03-14,2024-03-23,20422140.94,16399540.99,88,"B-683809,B-279387",,False,
W-488722,BUNTY VIVEK SAHU,Lok Sabha,Madhya Pradesh,CHHINDWARA,V-79332,Health,2022-09-06,2022-09-11,23204686.54,20418249.96,72,"B-741366,B-733809,B-364030,B-285048,B-366533",,False,
W-255304,BUNTY VIVEK SAHU,Lok Sabha,Madhya Pradesh,CHHINDWARA,V-909826,Other,2021-12-24,2022-01-25,16104574.71,15390177.79,42,"B-953008,B-392185,B-334590",,False,
W-496147,BUNTY VIVEK SAHU,Lok Sabha,Madhya Pradesh,CHHINDWARA,V-51090,Road,2024-08-25,2024-09-04,9800508.51,6618521.95,86,"B-26968,B-503260,B-633764,B-618358",,False,
W-361431,BUNTY VIVEK SAHU,Lok Sabha,Madhya Pradesh,CHHINDWARA,V-239992,Water,2022-03-22,2022-04-03,36385807.81,28997113.3,35,"B-28289,B-837960,B-351109,B-155050,B-867633",,False,
W-986725,BUNTY VIVEK SAHU,Lok Sabha,Madhya Pradesh,CHHINDWARA,V-321702,Education,2024-01-14,2024-01-21,21609060.2,17262608.5,45,"B-435386,B-979352",,False,
W-347816,BUNTY VIVEK SAHU,Lok Sabha,Madhya Pradesh,CHHINDWARA,V-754298,Education,2025-09-30,2025-10-29,7761865.17,7332890.18,81,"B-343256,B-799604,B-94708,B-558170,B-671133",,False,
W-173133,BUNTY VIVEK SAHU,Lok Sabha,Madhya Pradesh,CHHINDWARA,V-202337,Health,2024-09-17,2024-10-17,31398497.06,23469716.0,42,"B-344915,B-248226,B-708453,B-723721",,False,
W-656774,C R Patil,Lok Sabha,Gujarat,NAVSARI,V-349587,Health,2024-01-06,2024-01-23,3106507.14,2811561.0,40,"B-634599,B-838370,B-998035",,False,
W-612350,C R Patil,Lok Sabha,Gujarat,NAVSARI,V-463599,Road,2022-05-02,2022-05-19,21696057.95,15516349.74,57,"B-521826,B-918190,B-963731,B-875018,B-616894",,False,
W-413060,C R Patil,Lok Sabha,Gujarat,NAVSARI,V-152079,Health,2022-03-26,2022-04-23,18688296.31,17711073.91,56,"B-858073,B-101314,B-40347,B-850914,B-831104",,False,
W-654088,C R Patil,Lok Sabha,Gujarat,NAVSARI,V-838993,Other,2023-07-25,2023-08-27,23984066.83,17396865.81,70,"B-54425,B-158297,B-748483,B-99678,B-449803",,False,
W-884886,C R Patil,Lok Sabha,Gujarat,NAVSARI,V-108945,Other,2023-07-13,2023-08-01,9477578.56,7481822.08,78,"B-966040,B-79657,B-597556,B-915571",,False,
W-814001,C R Patil,Lok Sabha,Gujarat,NAVSARI,V-569961,Education,2023-10-08,2023-10-19,48039191.81,35799886.25,75,"B-498805,B-141894",,False,
W-935909,C R Patil,Lok Sabha,Gujarat,NAVSARI,V-485195,Other,2022-11-15,2022-11-17,19890128.7,16187907.76,85,"B-875741,B-867528,B-52646,B-31391,B-306402",,False,
W-580439,C R Patil,Lok Sabha,Gujarat,NAVSARI,V-997372,Health,2024-10-26,2024-11-17,12858004.58,10568276.31,46,"B-648623,B-529282,B-249239",,False,
W-748275,C.M.RAMESH,Lok Sabha,Andhra Pradesh,ANAKAPALLE,V-365915,Education,2023-08-02,2023-08-30,91614616.46,81601638.33,88,"B-689549,B-747025,B-834126,B-149572,B-30671",,False,
W-202852,C.M.RAMESH,Lok Sabha,Andhra Pradesh,ANAKAPALLE,V-799578,Sanitation,2024-10-09,2024-10-09,17151338.76,15938622.41,75,"B-293857,B-783929",,False,
W-445937,C.M.RAMESH,Lok Sabha,Andhra Pradesh,ANAKAPALLE,V-773076,Other,2024-01-15,2024-01-21,37354065.47,34313152.27,60,"B-382578,B-542178,B-627331",,False,
W-210711,C.M.RAMESH,Lok Sabha,Andhra Pradesh,ANAKAPALLE,V-690200,Sanitation,2023-10-17,2023-10-19,55398977.14,52955503.87,62,"B-319360,B-819469",,False,
W-216773,CAPTAIN BRIJESH CHOWTA,Lok Sabha,Karnataka,DAKSHINA KANNADA,V-129009,Health,2023-04-28,2023-04-30,5248334.02,4406978.01,58,"B-647041,B-754174,B-124034",,False,
W-422261,CAPTAIN BRIJESH CHOWTA,Lok Sabha,Karnataka,DAKSHINA KANNADA,V-103455,Water,2022-11-26,2022-12-17,21735318.96,17336111.63,52,"B-982294,B-156129,B-372654",,False,
W-250790,CAPTAIN BRIJESH CHOWTA,Lok Sabha,Karnataka,DAKSHINA KANNADA,V-233019,Education,2025-02-19,2025-03-07,31461517.34,26492476.25,48,"B-520610,B-784750,B-580339,B-629588",,False,
W-272749,CAPTAIN BRIJESH CHOWTA,Lok Sabha,Karnataka,DAKSHINA KANNADA,V-74327,Road,2021-11-16,2021-12-02,73384453.17,67505305.57,77,"B-37938,B-280260,B-250527,B-951829",,False,
W-887506,CAPTAIN BRIJESH CHOWTA,Lok Sabha,Karnataka,DAKSHINA KANNADA,V-549266,Road,2022-09-24,2022-10-05,14435376.51,13196683.33,70,"B-18763,B-343374,B-602159,B-718534,B-397959",,False,
W-190026,CAPTAIN VIRIATO FERNANDES,Lok Sabha,Goa,SOUTH GOA,V-736030,Road,2022-10-05,2018-10-14,20273388.61,19036584.19,45,"B-717809,B-328257",,True,delayed_completion
W-944703,CAPTAIN VIRIATO FERNANDES,Lok Sabha,Goa,SOUTH GOA,V-732673,Other,2023-11-04,2023-11-21,76199602.95,53700587.37,88,"B-242335,B-692029,B-713382,B-851833,B-312672",,False,
W-590928,CAPTAIN VIRIATO FERNANDES,Lok Sabha,Goa,SOUTH GOA,V-239225,Sanitation,2022-12-07,2022-12-26,16014420.04,12487878.54,36,B-DUP-007,,True,duplicate_beneficiary
W-860426,CAPTAIN VIRIATO FERNANDES,Lok Sabha,Goa,SOUTH GOA,V-997728,Other,2022-11-16,2022-12-15,33777588.4,27893679.13,77,"B-938382,B-268931",,False,
W-433430,CHAMALA KIRAN KUMAR REDDY,Lok Sabha,Telangana,BHONGIR,V-871638,Sanitation,2021-12-20,2021-12-24,8637123.93,8066952.6,93,"B-763826,B-64473",,False,
W-736459,CHAMALA KIRAN KUMAR REDDY,Lok Sabha,Telangana,BHONGIR,V-842508,Water,2022-12-22,2023-01-08,49929089.1,48780116.79,59,"B-277985,B-131024",,False,
W-841399,CHAMALA KIRAN KUMAR REDDY,Lok Sabha,Telangana,BHONGIR,V-208565,Education,2022-05-03,2022-05-22,55501358.43,45458686.45,91,"B-161922,B-345944,B-457260,B-836258,B-61458",,False,
W-563613,CHAMALA KIRAN KUMAR REDDY,Lok Sabha,Telangana,BHONGIR,V-127196,Water,2024-10-01,2024-10-13,24267212.55,19059775.68,61,"B-494787,B-51656",,False,
W-877446,CHAMALA KIRAN KUMAR REDDY,Lok Sabha,Telangana,BHONGIR,V-708186,Water,2022-04-18,2019-05-15,7930215.99,7208201.07,49,"B-386363,B-530559",,True,delayed_completion
W-467420,CHANDAN CHAUHAN,Lok Sabha,Uttar Pradesh,BIJNOR,V-25708,Education,2023-04-08,2023-04-28,30196885.71,21436848.45,63,"B-12893,B-684626",,False,
W-575409,CHANDAN CHAUHAN,Lok Sabha,Uttar Pradesh,BIJNOR,V-589572,Health,2024-07-12,2024-07-20,21849780.17,18350479.63,78,"B-179325,B-797151,B-516761,B-188382,B-977928",,False,
W-652581,CHANDAN CHAUHAN,Lok Sabha,Uttar Pradesh,BIJNOR,V-574911,Road,2023-08-25,2023-09-04,94218334.12,66682336.9,86,"B-596841,B-925982",,False,
W-551610,Chandra Prakash Joshi,Lok Sabha,Rajasthan,CHITTORGARH,V-638760,Health,2025-11-27,2025-12-20,33741932.75,27779084.27,61,"B-194515,B-283190,B-314450,B-792668",,False,
W-920074,Chandra Prakash Joshi,Lok Sabha,Rajasthan,CHITTORGARH,V-723883,Sanitation,2025-09-05,2025-10-07,4465053.69,3050400.82,70,"B-674457,B-129913,B-17520",,False,
W-531040,Chandra Prakash Joshi,Lok Sabha,Rajasthan,CHITTORGARH,V-999421,Road,2021-12-14,2021-12-16,3278082.16,3152812.57,65,"B-439945,B-210282,B-960842",,False,
W-183641,Chandra Prakash Joshi,Lok Sabha,Rajasthan,CHITTORGARH,V-33278,Road,2025-01-15,2025-02-07,40060984.24,37159351.98,84,"B-885568,B-862537,B-280858,B-581137,B-789027",,False,
W-538044,Chandra Prakash Joshi,Lok Sabha,Rajasthan,CHITTORGARH,V-888140,Water,2024-03-30,2024-04-04,5568332.92,5088560.68,48,"B-67133,B-190512,B-636915,B-95219,B-132427",,False,
W-318659,Chandra Prakash Joshi,Lok Sabha,Rajasthan,CHITTORGARH,V-849542,Road,2022-07-30,2022-07-31,16453513.15,14789238.4,71,"B-101352,B-299744,B-868273",,False,
W-553244,Chandra Prakash Joshi,Lok Sabha,Rajasthan,CHITTORGARH,V-957136,Health,2024-09-20,2024-10-12,42697101.09,34996077.08,41,"B-897494,B-969840,B-911316",,False,
W-585761,CHANDRA SHEKHAR,Lok Sabha,Uttar Pradesh,NAGINA(SC),V-609744,Road,2022-03-17,2022-04-02,38772705.64,37849436.27,80,"B-801614,B-275640,B-832040,B-121980,B-346033",,False,
W-796791,CHANDRA SHEKHAR,Lok Sabha,Uttar Pradesh,NAGINA(SC),V-856857,Other,2022-05-21,2022-05-23,21975928.21,18829696.13,70,"B-614433,B-957104,B-996958,B-678599,B-455928",,False,
W-265378,CHANDRA SHEKHAR,Lok Sabha,Uttar Pradesh,NAGINA(SC),V-619146,Education,2023-08-17,2023-09-04,3758876.66,3398890.83,76,"B-462612,B-677615,B-374918",,False,
W-629789,CHANDRA SHEKHAR,Lok Sabha,Uttar Pradesh,NAGINA(SC),V-583265,Other,2023-07-31,2023-07-31,12050312.3,8076484.93,65,"B-284239,B-799268,B-561023",,False,
W-354947,CHANDRA SHEKHAR,Lok Sabha,Uttar Pradesh,NAGINA(SC),V-290211,Health,2022-07-22,2022-08-12,9029426.13,6598455.98,42,"B-849621,B-546343,B-467977,B-690688",,False,
W-324888,CHANDRA SHEKHAR,Lok Sabha,Uttar Pradesh,NAGINA(SC),V-552514,Water,2025-01-15,2025-02-28,60677751.06,43121049.17,81,"B-252871,B-159784,B-471790,B-400381,B-772767",,False,
W-340962,CHANDUBHAI CHHAGANBHAI SHIHORA,Lok Sabha,Gujarat,SURENDRANAGAR,V-622282,Health,2024-10-06,2024-10-15,63784175.48,54020074.48,50,"B-891861,B-740170,B-908230",,False,
W-283433,CHANDUBHAI CHHAGANBHAI SHIHORA,Lok Sabha,Gujarat,SURENDRANAGAR,V-755584,Road,2022-12-21,2023-01-22,29334433.89,21853477.82,76,"B-815914,B-307983,B-962536,B-279670",,False,
W-691814,CHANDUBHAI CHHAGANBHAI SHIHORA,Lok Sabha,Gujarat,SURENDRANAGAR,V-847407,Health,2025-10-06,2025-10-07,53146390.63,51309331.23,94,"B-418012,B-99447,B-259134,B-448075,B-782620",,False,
W-840321,CHARANJIT SINGH CHANNI,Lok Sabha,Punjab,JALANDHAR(SC),V-122705,Sanitation,2026-04-24,2026-05-13,18105120.77,13234256.09,61,"B-580958,B-566465,B-795747,B-147735,B-1277",,False,
W-893192,CHARANJIT SINGH CHANNI,Lok Sabha,Punjab,JALANDHAR(SC),V-329556,Water,2022-03-03,2022-03-15,5622374.48,4086018.46,70,"B-73372,B-797038,B-368054,B-105451",,False,
W-665042,CHARANJIT SINGH CHANNI,Lok Sabha,Punjab,JALANDHAR(SC),V-80566,Road,2025-02-01,2025-02-03,29629681.57,22940333.94,81,"B-432176,B-299105,B-701965,B-841846",,False,
W-246889,CHARANJIT SINGH CHANNI,Lok Sabha,Punjab,JALANDHAR(SC),V-575416,Education,2024-01-05,2024-01-14,16803631.14,15441945.39,61,"B-710442,B-615029,B-477057",,False,
W-593099,CHARANJIT SINGH CHANNI,Lok Sabha,Punjab,JALANDHAR(SC),V-250807,Water,2025-02-01,2025-02-19,14832441.53,14239882.49,81,"B-622038,B-265506,B-151751",,False,
W-564275,CHARANJIT SINGH CHANNI,Lok Sabha,Punjab,JALANDHAR(SC),V-255325,Health,2022-08-10,2022-09-12,8733219.96,7831694.98,61,"B-551190,B-197943",,False,
W-391144,CHARANJIT SINGH CHANNI,Lok Sabha,Punjab,JALANDHAR(SC),V-517765,Education,2026-01-23,2026-02-26,45682492.5,37612380.7,60,"B-269984,B-372740",,False,
W-429424,CHARANJIT SINGH CHANNI,Lok Sabha,Punjab,JALANDHAR(SC),V-15998,Water,2023-01-15,2023-02-02,6856038.04,5395024.3,41,"B-505789,B-17983,B-990830,B-351762,B-813480",,False,
W-985939,CHHATRA PAL SINGH GANGWAR,Lok Sabha,Uttar Pradesh,BAREILLY,V-168755,Road,2022-08-12,2022-08-12,50449400.09,36946663.46,91,"B-883403,B-876136",,False,
W-517054,CHHATRA PAL SINGH GANGWAR,Lok Sabha,Uttar Pradesh,BAREILLY,V-111232,Other,2021-10-27,2021-11-03,13592934.74,10067038.66,43,"B-678249,B-612339,B-87546,B-DUP-012",,True,duplicate_beneficiary
W-793041,CHHATRA PAL SINGH GANGWAR,Lok Sabha,Uttar Pradesh,BAREILLY,V-748857,Water,2022-09-16,2022-10-04,82222665.17,53471594.34,42,"B-796326,B-787488",,False,
W-273090,CHHATRAPATI SHAHU SHAHAJI,Lok Sabha,Maharashtra,KOLHAPUR,V-762889,Road,2025-05-11,2025-05-17,48621245.33,47348402.05,43,"B-63215,B-770527,B-386213,B-768955",,False,
W-259133,CHHATRAPATI SHAHU SHAHAJI,Lok Sabha,Maharashtra,KOLHAPUR,V-794473,Health,2026-05-20,2026-06-11,50596679.5,49362647.05,72,"B-134174,B-256462,B-278192,B-592439",,False,
W-465488,CHHATRAPATI SHAHU SHAHAJI,Lok Sabha,Maharashtra,KOLHAPUR,V-218747,Road,2024-01-02,2024-01-15,35293126.95,25316618.94,94,"B-240561,B-4131,B-319362,B-503954,B-205311",,False,
W-651088,CHHATRAPATI SHAHU SHAHAJI,Lok Sabha,Maharashtra,KOLHAPUR,V-837934,Health,2023-11-16,2023-12-05,11753948.22,9129339.76,60,"B-989180,B-791574,B-230829",,False,
W-197848,CHHOTELAL,Lok Sabha,Uttar Pradesh,ROBERTSGANJ(SC),V-934507,Other,2025-12-24,2025-12-25,15133025.27,13376451.58,82,"B-36872,B-138565,B-211247,B-613385,B-879788",,False,
W-107666,CHHOTELAL,Lok Sabha,Uttar Pradesh,ROBERTSGANJ(SC),V-707922,Health,2026-02-07,2026-02-07,13525415.26,9510329.13,42,"B-640519,B-688933,B-877780,B-482330",,False,
W-525383,CHHOTELAL,Lok Sabha,Uttar Pradesh,ROBERTSGANJ(SC),V-368652,Health,2023-04-18,2023-04-20,26541333.87,22417625.26,50,"B-969604,B-859020,B-234614,B-914549",,False,
W-345806,CHHOTELAL,Lok Sabha,Uttar Pradesh,ROBERTSGANJ(SC),V-985032,Education,2022-10-19,2022-11-08,21207951.8,16340959.13,55,"B-373634,B-522605,B-47354,B-16564",,False,
W-222008,CHHOTELAL,Lok Sabha,Uttar Pradesh,ROBERTSGANJ(SC),V-768851,Health,2025-01-16,2025-02-05,5234615.81,3761177.55,90,"B-46736,B-743495,B-7138,B-42034",,False,
W-788203,CHHOTELAL,Lok Sabha,Uttar Pradesh,ROBERTSGANJ(SC),V-18140,Sanitation,2022-11-29,2023-05-29,7743802.46,6737533.93,69,"B-774643,B-238318,B-641197",,True,sanction_delay
W-222310,CHHOTELAL,Lok Sabha,Uttar Pradesh,ROBERTSGANJ(SC),V-822720,Sanitation,2025-02-23,2025-03-06,24693085.69,16750368.22,90,"B-38961,B-846130",,False,
W-134694,CHHOTELAL,Lok Sabha,Uttar Pradesh,ROBERTSGANJ(SC),V-226360,Health,2025-04-06,2025-04-06,32185769.83,31400004.24,85,"B-980737,B-944388",,False,
W-336737,CHINTAMANI MAHARAJ,Lok Sabha,Chhattisgarh,SARGUJA(ST),V-743507,Sanitation,2022-08-15,2022-09-06,21320751.02,14939038.67,88,"B-841473,B-480216",,False,
W-274917,CHINTAMANI MAHARAJ,Lok Sabha,Chhattisgarh,SARGUJA(ST),V-DUP-014,Sanitation,2021-09-18,2021-09-24,53220624.85,50634941.51,44,"B-500759,B-630296,B-522947,B-409356,B-868853",,True,duplicate_vendor
W-549246,CHINTAMANI MAHARAJ,Lok Sabha,Chhattisgarh,SARGUJA(ST),V-905753,Health,2022-10-08,2022-10-14,71723624.13,50336960.14,55,"B-362507,B-664592,B-36781,B-733279",,False,
W-708295,CHIRAG PASWAN,Lok Sabha,Bihar,HAJIPUR(SC),V-332947,Education,2025-06-09,2025-06-20,42838806.09,31852521.45,44,"B-160446,B-887793,B-559274,B-127320",,False,
W-876280,CHIRAG PASWAN,Lok Sabha,Bihar,HAJIPUR(SC),V-267453,Other,2023-01-19,2023-01-25,25392636.31,20436350.07,47,"B-813585,B-784098,B-733141,B-49179",,False,
W-250912,CHIRAG PASWAN,Lok Sabha,Bihar,HAJIPUR(SC),V-458244,Water,2025-08-11,2025-08-15,78033557.6,74685614.38,92,"B-348129,B-645784,B-732416,B-155668",,False,
W-400822,CN Annadurai,Lok Sabha,Tamil Nadu,TIRUVANNAMALAI,V-166517,Sanitation,2022-02-03,2022-02-20,19330116.79,16065896.11,38,"B-178947,B-512140,B-975836,B-476386,B-205263",,False,
W-159161,CN Annadurai,Lok Sabha,Tamil Nadu,TIRUVANNAMALAI,V-296515,Road,2024-11-19,2024-11-26,42364159.02,38593134.3,72,"B-23759,B-726616,B-94608,B-787702,B-496435",,False,
W-205000,CN Annadurai,Lok Sabha,Tamil Nadu,TIRUVANNAMALAI,V-403908,Sanitation,2024-06-21,2024-06-25,1396002.47,1160294.43,53,"B-81096,B-51685,B-209262,B-463071,B-243278",,False,
W-375476,CN Annadurai,Lok Sabha,Tamil Nadu,TIRUVANNAMALAI,V-190097,Health,2022-11-08,2022-11-09,43613908.85,37777826.34,63,"B-993974,B-183270",,False,
W-563879,CN Annadurai,Lok Sabha,Tamil Nadu,TIRUVANNAMALAI,V-146325,Water,2026-07-18,2026-09-01,41132424.43,28067382.03,63,"B-829425,B-969900,B-990611,B-183759",,False,
W-245757,D M Kathir Anand,Lok Sabha,Tamil Nadu,VELLORE,V-463702,Other,2026-07-11,2026-08-04,9542404.68,9188273.98,50,"B-227272,B-926214",,False,
W-775920,D M Kathir Anand,Lok Sabha,Tamil Nadu,VELLORE,V-211983,Health,2023-04-15,2023-04-26,3332834.73,2424443.45,59,"B-68601,B-281247,B-993376",,False,
W-505771,D M Kathir Anand,Lok Sabha,Tamil Nadu,VELLORE,V-657823,Education,2023-04-08,2023-05-03,12959879.03,10452143.11,41,"B-169679,B-504880,B-920273,B-843828",,False,
W-113138,D M Kathir Anand,Lok Sabha,Tamil Nadu,VELLORE,V-59163,Water,2022-11-11,2022-11-21,50265642.6,35016326.3,58,"B-986527,B-415034,B-386292",,False,
W-487986,D M Kathir Anand,Lok Sabha,Tamil Nadu,VELLORE,V-467583,Other,2022-10-19,2020-12-29,18100912.16,15364010.75,20,"B-688376,B-546321,B-638565",,True,delayed_completion
W-683956,D M Kathir Anand,Lok Sabha,Tamil Nadu,VELLORE,V-418883,Education,2025-04-20,2025-05-17,16071674.63,10788448.34,57,"B-198958,B-86061,B-734360",,False,
W-492387,D M Kathir Anand,Lok Sabha,Tamil Nadu,VELLORE,V-122122,Education,2024-08-02,2024-08-10,49122608.57,47902909.21,42,"B-778185,B-785742,B-700275,B-102435",,False,
W-235594,D Ravikumar,Lok Sabha,Tamil Nadu,VILUPPURAM(SC),V-74055,Health,2023-07-25,2023-08-11,21359291.77,18454169.56,40,"B-358032,B-444810",,False,
W-240088,D Ravikumar,Lok Sabha,Tamil Nadu,VILUPPURAM(SC),V-149046,Sanitation,2025-10-05,2025-10-26,21024756.25,17104196.06,72,"B-481514,B-14413,B-270471",,False,
W-569969,D Ravikumar,Lok Sabha,Tamil Nadu,VILUPPURAM(SC),V-390489,Health,2024-12-18,2024-12-24,13670267.41,9858153.87,44,"B-916085,B-912789,B-950210,B-962264",,False,
W-716158,D Ravikumar,Lok Sabha,Tamil Nadu,VILUPPURAM(SC),V-789321,Water,2026-06-19,2026-06-27,27551217.42,21926012.47,71,"B-700323,B-846692",,False,
W-599412,D Ravikumar,Lok Sabha,Tamil Nadu,VILUPPURAM(SC),V-710114,Water,2022-06-02,2022-06-07,6585174.15,5092935.54,88,"B-545296,B-199222",,False,
W-363935,D Ravikumar,Lok Sabha,Tamil Nadu,VILUPPURAM(SC),V-903627,Education,2023-03-20,2023-04-20,19900136.99,14129916.66,59,"B-494657,B-742250",,False,
W-392359,D Ravikumar,Lok Sabha,Tamil Nadu,VILUPPURAM(SC),V-714705,Sanitation,2022-09-13,2022-09-15,86519470.59,56701819.54,62,B-DUP-006,,True,duplicate_beneficiary
W-860471,Daggubati Purandeshwari,Lok Sabha,Andhra Pradesh,RAJAHMUNDRY,V-726848,Sanitation,2024-11-12,2024-12-01,27013864.39,25752283.22,58,"B-270125,B-44199,B-544399,B-579889,B-576725",,False,
W-611248,Daggubati Purandeshwari,Lok Sabha,Andhra Pradesh,RAJAHMUNDRY,V-932357,Water,2022-04-17,2022-05-19,4045117.4,3764332.0,58,"B-623412,B-662631,B-637697,B-287580,B-173199",,False,
W-665681,Daggubati Purandeshwari,Lok Sabha,Andhra Pradesh,RAJAHMUNDRY,V-180980,Road,2026-08-11,2026-08-27,11608495.88,7727383.97,51,"B-755676,B-141393",,False,
W-663763,Daggubati Purandeshwari,Lok Sabha,Andhra Pradesh,RAJAHMUNDRY,V-957421,Water,2022-02-05,2022-02-18,34048684.08,25027033.75,44,"B-69595,B-438279",,False,
W-548286,Daggubati Purandeshwari,Lok Sabha,Andhra Pradesh,RAJAHMUNDRY,V-51439,Other,2024-09-15,2024-10-18,27928815.33,19954816.37,38,"B-860317,B-39717,B-490722,B-958165,B-974658",,False,
W-131404,Daggubati Purandeshwari,Lok Sabha,Andhra Pradesh,RAJAHMUNDRY,V-205377,Sanitation,2024-11-02,2024-11-28,12707269.97,10947466.48,38,"B-460974,B-901829,B-802768,B-212861",,False,
W-684814,Daggubati Purandeshwari,Lok Sabha,Andhra Pradesh,RAJAHMUNDRY,V-313257,Health,2022-05-28,2022-06-08,18288342.85,15788709.02,61,"B-651982,B-676883",,False,
W-454681,Daggubati Purandeshwari,Lok Sabha,Andhra Pradesh,RAJAHMUNDRY,V-848851,Road,2026-06-25,2026-07-27,10624410.1,7963970.71,76,"B-268949,B-706791,B-659708",,False,
W-962165,DAGGUMALLA PRASADA RAO,Lok Sabha,Andhra Pradesh,CHITTOOR,V-914871,Sanitation,2021-11-07,2021-12-04,29286046.07,20876219.29,62,"B-787349,B-490468,B-430836,B-340576",,False,
W-937442,DAGGUMALLA PRASADA RAO,Lok Sabha,Andhra Pradesh,CHITTOOR,V-590393,Water,2022-03-02,2022-03-11,28247168.95,19561999.02,68,"B-671835,B-34348,B-439816,B-703951",,False,
W-384899,DAGGUMALLA PRASADA RAO,Lok Sabha,Andhra Pradesh,CHITTOOR,V-636659,Sanitation,2023-04-22,2023-05-17,20887946.14,16519076.7,92,"B-385450,B-801914",,False,
W-320116,DAGGUMALLA PRASADA RAO,Lok Sabha,Andhra Pradesh,CHITTOOR,V-676679,Other,2023-12-13,2023-12-31,23063351.1,15318124.67,40,"B-21167,B-741638,B-300736",,False,
W-526448,DAGGUMALLA PRASADA RAO,Lok Sabha,Andhra Pradesh,CHITTOOR,V-51417,Sanitation,2022-03-18,2022-04-04,44780487.74,41565661.57,81,"B-541071,B-109392,B-119417,B-593648",,False,
W-428050,DAMODAR AGARWAL,Lok Sabha,Rajasthan,BHILWARA,V-594371,Water,2024-03-19,2024-04-16,21043606.94,18119243.46,37,"B-671608,B-929924,B-955128,B-807759",,False,
W-686876,DAMODAR AGARWAL,Lok Sabha,Rajasthan,BHILWARA,V-371075,Road,2024-06-07,2024-06-30,31784156.02,29663624.56,71,B-DUP-006,,True,duplicate_beneficiary
W-324646,DAMODAR AGARWAL,Lok Sabha,Rajasthan,BHILWARA,V-722792,Education,2024-09-29,2024-09-29,93437237.04,79189404.02,53,"B-794179,B-871149,B-790821",,False,
W-342140,DAROGA PRASAD SAROJ,Lok Sabha,Uttar Pradesh,LALGANJ (SC),V-429073,Road,2022-07-26,2022-08-13,12335460.07,10477299.26,39,"B-23041,B-809180,B-533403",,False,
W-755788,DAROGA PRASAD SAROJ,Lok Sabha,Uttar Pradesh,LALGANJ (SC),V-214115,Other,2023-05-01,2023-05-24,21119710.42,18681467.45,75,"B-698339,B-909292,B-598335,B-967657",,True,duplicate_vendor
W-298701,DAROGA PRASAD SAROJ,Lok Sabha,Uttar Pradesh,LALGANJ (SC),V-815616,Other,2024-05-17,2024-06-02,12289871.25,8151379.01,76,"B-571004,B-768661",,False,
W-833859,DAROGA PRASAD SAROJ,Lok Sabha,Uttar Pradesh,LALGANJ (SC),V-961344,Other,2022-05-05,2022-05-30,6500914.39,4234955.64,57,"B-97604,B-602765",,False,
W-840724,DAROGA PRASAD SAROJ,Lok Sabha,Uttar Pradesh,LALGANJ (SC),V-453381,Health,2024-02-26,2024-08-31,20007557.42,14703936.63,79,"B-593026,B-296642,B-347092,B-759543,B-567572",,True,sanction_delay
W-994013,DAROGA PRASAD SAROJ,Lok Sabha,Uttar Pradesh,LALGANJ (SC),V-752534,Education,2023-02-13,2023-03-13,40311548.07,26969980.94,45,"B-495032,B-339600,B-915702,B-904969,B-183785",,False,
W-700268,DAROGA PRASAD SAROJ,Lok Sabha,Uttar Pradesh,LALGANJ (SC),V-337238,Road,2024-03-06,2024-04-07,33699938.38,31514314.57,79,"B-767498,B-981909",,False,
W-475849,DARSHAN SINGH CHOUDHARY,Lok Sabha,Madhya Pradesh,HOSHANGABAD,V-450150,Sanitation,2024-09-11,2024-09-24,84663363.85,70537567.85,70,"B-99485,B-54823",,False,
W-106652,DARSHAN SINGH CHOUDHARY,Lok Sabha,Madhya Pradesh,HOSHANGABAD,V-715970,Health,2022-12-25,2022-12-30,44863744.88,42956686.88,67,"B-262074,B-651454,B-505557,B-658811,B-62540",,False,
W-910201,DARSHAN SINGH CHOUDHARY,Lok Sabha,Madhya Pradesh,HOSHANGABAD,V-261557,Water,2025-04-25,2025-05-27,16737891.26,15942916.64,80,"B-947455,B-723312,B-611799,B-12308",,False,
W-125727,DEEPENDER SINGH HOODA,Lok Sabha,Haryana,ROHTAK,V-920071,Other,2025-07-16,2025-08-13,6806634.43,5166903.83,52,"B-714051,B-224919,B-791685,B-455455,B-659791",,False,
W-578160,DEEPENDER SINGH HOODA,Lok Sabha,Haryana,ROHTAK,V-579147,Water,2025-12-06,2025-12-24,7087533.62,6384278.14,84,"B-81461,B-102764,B-998720",,True,duplicate_vendor
W-657451,DEEPENDER SINGH HOODA,Lok Sabha,Haryana,ROHTAK,V-231640,Sanitation,2022-04-25,2022-06-25,4441334.17,4070861.12,49,"B-55034,B-766251,B-206982,B-135782,B-398729",,True,sanction_delay
W-449371,DEEPENDER SINGH HOODA,Lok Sabha,Haryana,ROHTAK,V-61495,Sanitation,2024-02-09,2024-02-25,23904328.9,20650256.44,46,"B-790989,B-725269,B-977676",,False,
W-797534,DEEPENDER SINGH HOODA,Lok Sabha,Haryana,ROHTAK,V-848331,Education,2024-12-03,2024-12-08,39374760.57,27050485.87,61,"B-541700,B-942397",,False,
W-229365,DEEPENDER SINGH HOODA,Lok Sabha,Haryana,ROHTAK,V-103335,Health,2024-11-17,2024-11-29,64650408.31,45527051.42,41,"B-656430,B-50283",,False,
W-758496,Devendra Alias Bhole Singh,Lok Sabha,Uttar Pradesh,AKBARPUR,V-787941,Sanitation,2024-02-14,2024-03-17,49444590.8,37032773.22,43,"B-647240,B-269723",,False,
W-511514,Devendra Alias Bhole Singh,Lok Sabha,Uttar Pradesh,AKBARPUR,V-210550,Other,2022-08-13,2022-09-01,53842103.95,41136832.32,52,"B-167649,B-119530,B-336903,B-311992,B-128808",,False,
W-523207,Devendra Alias Bhole Singh,Lok Sabha,Uttar Pradesh,AKBARPUR,V-194391,Health,2024-03-06,2024-04-05,42978305.24,34638333.24,42,"B-420183,B-686616,B-391736,B-810337,B-399344",,False,
W-357714,DEVESH CHANDRA THAKUR,Lok Sabha,Bihar,SITAMARHI,V-149835,Health,2025-07-17,2025-09-10,36828211.33,26710257.05,70,"B-411560,B-972815,B-879745",,False,
W-614908,DEVESH CHANDRA THAKUR,Lok Sabha,Bihar,SITAMARHI,V-857700,Water,2024-06-02,2024-07-06,42488841.77,40959622.63,81,"B-818714,B-487219,B-684974",,False,
W-485806,DEVESH CHANDRA THAKUR,Lok Sabha,Bihar,SITAMARHI,V-544888,Road,2025-05-15,2025-06-16,8216298.22,6953220.06,93,"B-519619,B-793921",,False,
W-263405,DEVESH CHANDRA THAKUR,Lok Sabha,Bihar,SITAMARHI,V-917441,Health,2025-08-04,2025-08-28,48139848.83,42476640.13,78,"B-547037,B-533230,B-401960,B-564526",,False,
W-180655,DEVESH CHANDRA THAKUR,Lok Sabha,Bihar,SITAMARHI,V-455083,Sanitation,2023-10-15,2023-10-21,9470062.97,7822350.94,64,"B-306413,B-914590",,False,
W-439226,DEVESH CHANDRA THAKUR,Lok Sabha,Bihar,SITAMARHI,V-161225,Water,2026-07-17,2026-08-19,17846895.96,15514864.61,41,"B-946771,B-262716,B-524350",,False,
W-387394,DEVESH SHAKYA,Lok Sabha,Uttar Pradesh,ETAH,V-570497,Road,2025-12-18,2026-02-04,64515880.94,51161957.61,60,"B-238066,B-577679,B-838148",,False,
W-236486,DEVESH SHAKYA,Lok Sabha,Uttar Pradesh,ETAH,V-752506,Health,2026-03-17,2026-04-11,32922491.6,27690409.09,68,"B-509368,B-882370,B-813120",,False,
W-486950,DEVESH SHAKYA,Lok Sabha,Uttar Pradesh,ETAH,V-931349,Water,2024-12-26,2025-01-12,48826627.46,47307043.83,57,"B-435830,B-271589,B-526307,B-534607,B-704037",,False,
W-701224,Devusinh Jesingbhai Chauhan,Lok Sabha,Gujarat,KHEDA,V-144498,Education,2025-12-19,2026-01-03,3035931.97,2037447.16,52,"B-279167,B-215572",,False,
W-238835,Devusinh Jesingbhai Chauhan,Lok Sabha,Gujarat,KHEDA,V-941693,Sanitation,2022-09-07,2020-03-25,11013410.82,7469669.91,60,"B-984326,B-849319,B-431436,B-644738,B-388074",,True,delayed_completion
W-220915,Devusinh Jesingbhai Chauhan,Lok Sabha,Gujarat,KHEDA,V-405863,Water,2023-08-24,2023-09-04,16928546.5,13428260.62,35,"B-248384,B-973108,B-771202,B-856579,B-215876",,False,
W-823285,Devusinh Jesingbhai Chauhan,Lok Sabha,Gujarat,KHEDA,V-841338,Sanitation,2025-12-26,2025-12-30,5615948.03,4770306.5,83,"B-216774,B-532145",,False,
W-537214,Devusinh Jesingbhai Chauhan,Lok Sabha,Gujarat,KHEDA,V-737043,Other,2024-04-29,2024-05-31,4759025.78,4426345.07,59,"B-590075,B-66830,B-317616,B-820526,B-893397",,False,
W-990726,Devusinh Jesingbhai Chauhan,Lok Sabha,Gujarat,KHEDA,V-75489,Health,2023-08-05,2023-08-24,46702077.44,44907226.16,70,"B-993557,B-156423,B-323737",,False,
W-964161,Devusinh Jesingbhai Chauhan,Lok Sabha,Gujarat,KHEDA,V-524117,Water,2023-01-07,2023-01-31,32122590.17,23452138.82,36,"B-132461,B-997266,B-283695",,False,
W-459404,Devusinh Jesingbhai Chauhan,Lok Sabha,Gujarat,KHEDA,V-704370,Education,2022-08-13,2022-06-20,26087469.28,21473646.72,67,"B-782500,B-701795,B-245642,B-195157",,True,delayed_completion
W-783758,Dhairyasheel Sambhajirao Mane,Lok Sabha,Maharashtra,HATKANANGLE,V-498803,Water,2025-08-22,2025-09-08,7249308.07,5564458.46,69,"B-228708,B-519668,B-654313,B-764654",,False,
W-595094,Dhairyasheel Sambhajirao Mane,Lok Sabha,Maharashtra,HATKANANGLE,V-695399,Other,2026-05-26,2026-06-11,51692028.89,45164417.62,45,"B-894372,B-60515,B-763937,B-362326",,False,
W-909386,Dhairyasheel Sambhajirao Mane,Lok Sabha,Maharashtra,HATKANANGLE,V-380237,Other,2025-04-25,2025-05-06,24669243.73,18853488.52,51,"B-824631,B-405158,B-187493,B-951316",,False,
W-477113,Dhairyasheel Sambhajirao Mane,Lok Sabha,Maharashtra,HATKANANGLE,V-170540,Other,2025-03-09,2025-03-29,18044367.67,13602764.1,77,"B-473220,B-423955,B-973103",,False,
W-882837,Dhairyasheel Sambhajirao Mane,Lok Sabha,Maharashtra,HATKANANGLE,V-462288,Health,2024-10-16,2024-11-09,9415466.13,8131625.63,59,"B-796414,B-903085",,False,
W-168070,Dhairyasheel Sambhajirao Mane,Lok Sabha,Maharashtra,HATKANANGLE,V-997363,Education,2026-01-04,2026-01-19,14407061.84,13608809.85,67,"B-256502,B-816068",,False,
W-752898,Dhairyasheel Sambhajirao Mane,Lok Sabha,Maharashtra,HATKANANGLE,V-315225,Other,2022-11-17,2022-12-16,13820114.47,9727270.87,57,"B-264370,B-873759,B-527197,B-83343",,False,
W-530100,Dhairyasheel Sambhajirao Mane,Lok Sabha,Maharashtra,HATKANANGLE,V-256517,Sanitation,2026-04-09,2026-04-23,6967409.2,4552105.81,75,"B-229180,B-738398,B-844797,B-20757,B-311749",,False,
W-325193,DHANORKAR PRATIBHA SURESH ALIAS BALUBHAU,Lok Sabha,Maharashtra,CHANDRAPUR,V-183769,Education,2022-08-13,2022-09-04,37688875.09,33706931.13,36,"B-702970,B-963566,B-654461,B-689761,B-930089",,False,
W-680311,DHANORKAR PRATIBHA SURESH ALIAS BALUBHAU,Lok Sabha,Maharashtra,CHANDRAPUR,V-594593,Other,2024-08-11,2024-09-09,28144031.54,19316828.14,39,"B-686349,B-979421",,False,
W-386493,DHANORKAR PRATIBHA SURESH ALIAS BALUBHAU,Lok Sabha,Maharashtra,CHANDRAPUR,V-488802,Sanitation,2022-05-12,2022-05-28,8441096.78,5678435.94,74,"B-789059,B-302380,B-568776,B-840131",,False,
W-749777,DHANORKAR PRATIBHA SURESH ALIAS BALUBHAU,Lok Sabha,Maharashtra,CHANDRAPUR,V-702562,Other,2021-12-02,2019-04-06,13319739.33,12645429.3,44,"B-717581,B-835147",,True,delayed_completion
W-397014,DHANORKAR PRATIBHA SURESH ALIAS BALUBHAU,Lok Sabha,Maharashtra,CHANDRAPUR,V-701355,Other,2023-02-28,2023-03-28,17456157.93,14318354.82,84,"B-586682,B-402430,B-626109",,False,
W-632225,DHANORKAR PRATIBHA SURESH ALIAS BALUBHAU,Lok Sabha,Maharashtra,CHANDRAPUR,V-449807,Water,2024-05-02,2024-06-01,41215099.33,28160948.38,65,"B-118184,B-160408,B-694652,B-82332,B-983861",,False,
W-112629,DHARMENDRA PRADHAN,Lok Sabha,Odisha,SAMBALPUR,V-655161,Road,2021-11-16,2021-11-30,24652400.32,17278448.07,56,"B-913730,B-298676,B-169317,B-578759",,False,
W-495356,DHARMENDRA PRADHAN,Lok Sabha,Odisha,SAMBALPUR,V-139073,Sanitation,2023-10-18,2023-10-21,19534935.64,18360804.18,77,"B-493605,B-425462,B-513544,B-848506,B-452782",,False,
W-886147,DHARMENDRA PRADHAN,Lok Sabha,Odisha,SAMBALPUR,V-663871,Education,2024-05-22,2024-06-19,9336313.8,9744791.39,45,"B-455590,B-617643,B-522050,B-899479",,False,
W-556433,DHARMENDRA PRADHAN,Lok Sabha,Odisha,SAMBALPUR,V-493737,Other,2023-07-25,2023-08-28,18002457.97,13174334.8,80,"B-542735,B-900208",,False,
W-387936,DHARMENDRA PRADHAN,Lok Sabha,Odisha,SAMBALPUR,V-48164,Road,2021-10-25,2021-11-13,68519516.24,51972001.49,62,"B-984119,B-460434,B-789053",,False,
W-675384,DHARMENDRA PRADHAN,Lok Sabha,Odisha,SAMBALPUR,V-63212,Education,2025-01-08,2025-01-08,6219376.03,5266312.66,54,"B-425423,B-447652,B-973303",,False,
W-600677,DHARMENDRA YADAV,Lok Sabha,Uttar Pradesh,AZAMGARH,V-819255,Water,2022-06-27,2022-07-07,28272462.19,26795510.39,92,"B-11487,B-945751",,False,
W-512516,DHARMENDRA YADAV,Lok Sabha,Uttar Pradesh,AZAMGARH,V-619007,Road,2023-10-05,2023-10-07,20478020.96,16359442.38,83,"B-584611,B-942158,B-419241",,False,
W-732090,DHARMENDRA YADAV,Lok Sabha,Uttar Pradesh,AZAMGARH,V-718898,Sanitation,2025-05-20,2025-06-01,24942292.84,18584646.3,35,"B-239186,B-822197,B-420496,B-125135",,False,
W-855744,DHARMENDRA YADAV,Lok Sabha,Uttar Pradesh,AZAMGARH,V-459197,Sanitation,2023-12-19,2023-12-22,16437942.53,14046317.53,83,"B-46095,B-637453,B-614779",,False,
W-264464,DHARMENDRA YADAV,Lok Sabha,Uttar Pradesh,AZAMGARH,V-539876,Water,2025-02-20,2025-03-08,5221887.84,5060176.98,53,"B-54507,B-40326,B-119053,B-787466,B-622041",,False,
W-208479,DHARMENDRA YADAV,Lok Sabha,Uttar Pradesh,AZAMGARH,V-489946,Education,2024-10-13,2024-10-30,19899685.11,16561907.1,62,"B-42402,B-683268,B-432834",,False,
W-290746,DHARMENDRA YADAV,Lok Sabha,Uttar Pradesh,AZAMGARH,V-185348,Education,2025-08-27,2025-09-09,31012708.53,24582865.05,68,"B-135436,B-758175,B-858047,B-376364,B-738271",,False,
W-861666,DHAVAL LAXMANBHAI PATEL,Lok Sabha,Gujarat,VALSAD(ST),V-768808,Health,2022-06-26,2022-07-24,11252859.05,9977108.9,80,"B-161483,B-477680,B-577616,B-369973,B-207300",,False,
W-354040,DHAVAL LAXMANBHAI PATEL,Lok Sabha,Gujarat,VALSAD(ST),V-212307,Education,2025-11-05,2025-11-18,29349729.12,27350625.95,89,"B-980404,B-766742,B-891691",,False,
W-321381,DHAVAL LAXMANBHAI PATEL,Lok Sabha,Gujarat,VALSAD(ST),V-308398,Other,2024-11-26,2024-12-15,33730141.9,21931741.68,72,"B-788026,B-732080,B-608141,B-69149",,False,
W-205235,DHAVAL LAXMANBHAI PATEL,Lok Sabha,Gujarat,VALSAD(ST),V-878456,Other,2022-11-23,2022-12-18,5563238.36,4657243.24,80,"B-288588,B-861166,B-431136",,False,
W-794995,DHAVAL LAXMANBHAI PATEL,Lok Sabha,Gujarat,VALSAD(ST),V-787028,Education,2021-11-24,2022-02-06,47893221.57,41899528.41,43,"B-88990,B-235524,B-655879",,False,
W-566793,DHAVAL LAXMANBHAI PATEL,Lok Sabha,Gujarat,VALSAD(ST),V-8246,Health,2026-07-27,2026-08-29,16180289.17,14293637.91,42,"B-379497,B-36273,B-976073,B-814599,B-682379",,False,
W-712379,DHAVAL LAXMANBHAI PATEL,Lok Sabha,Gujarat,VALSAD(ST),V-80391,Water,2022-02-17,2022-03-22,2295520.83,2188182.75,89,"B-182169,B-200651,B-281001,B-696860,B-44808",,False,
W-436655,Dileshwar Kamait,Lok Sabha,Bihar,SUPAUL,V-362298,Health,2021-11-25,2021-11-25,19269060.33,17008636.96,45,"B-667687,B-946558,B-965600",,False,
W-647444,Dileshwar Kamait,Lok Sabha,Bihar,SUPAUL,V-988384,Sanitation,2025-04-10,2025-05-01,14310144.34,12098059.21,48,"B-604090,B-943011,B-733667,B-28421,B-232384",,False,
W-879933,Dileshwar Kamait,Lok Sabha,Bihar,SUPAUL,V-483979,Road,2024-01-31,2024-02-08,43552531.33,41083212.25,53,"B-289737,B-448727,B-142601,B-613785",,False,
W-467542,Dileshwar Kamait,Lok Sabha,Bihar,SUPAUL,V-867243,Health,2024-09-27,2022-11-30,13755582.07,9963605.18,28,"B-919033,B-434490",,True,delayed_completion
W-813770,Dileshwar Kamait,Lok Sabha,Bihar,SUPAUL,V-450183,Water,2022-10-13,2022-11-04,9916401.77,10533899.94,88,"B-244015,B-700563,B-434757,B-633991,B-288264",,True,cost_overrun
W-865534,Dileshwar Kamait,Lok Sabha,Bihar,SUPAUL,V-470363,Other,2022-10-07,2022-10-12,10282887.35,9574894.74,41,"B-573939,B-332557,B-685054",,False,
W-295250,Dileshwar Kamait,Lok Sabha,Bihar,SUPAUL,V-955238,Other,2025-04-14,2025-05-06,25697280.85,19620703.07,68,"B-840693,B-908734",,False,
W-275654,Dileshwar Kamait,Lok Sabha,Bihar,SUPAUL,V-316608,Health,2022-03-17,2022-03-26,12914788.2,11800312.47,52,"B-270682,B-139127,B-697045,B-475145,B-979340",,False,
W-611640,Dilip Saikia,Lok Sabha,Assam,Darrang-Udalguri,V-10280,Road,2022-06-18,2022-07-04,29623505.25,27439557.09,48,"B-955628,B-499400,B-674061",,False,
W-120144,Dilip Saikia,Lok Sabha,Assam,Darrang-Udalguri,V-364669,Water,2025-10-26,2025-11-21,16264220.85,11325566.64,49,B-DUP-001,,True,duplicate_beneficiary
W-739236,Dilip Saikia,Lok Sabha,Assam,Darrang-Udalguri,V-846042,Other,2025-08-10,2025-08-25,19577095.17,14807439.51,71,"B-740408,B-117168,B-624982",,False,
W-703562,Dilip Saikia,Lok Sabha,Assam,Darrang-Udalguri,V-320402,Road,2025-02-07,2025-03-07,35374752.14,25989938.09,79,"B-857918,B-653812,B-252037,B-386573",,False,
W-187504,Dilip Saikia,Lok Sabha,Assam,Darrang-Udalguri,V-374029,Road,2023-02-16,2023-02-18,45425426.59,41005255.74,73,"B-508355,B-625678,B-761073,B-780889,B-436377",,False,
W-646902,Dinesh Chandra Yadav,Lok Sabha,Bihar,MADHEPURA,V-319896,Education,2023-05-31,2023-06-16,46340873.51,43417730.63,95,"B-691549,B-720905,B-928235,B-711791",,False,
W-368572,Dinesh Chandra Yadav,Lok Sabha,Bihar,MADHEPURA,V-997545,Other,2022-05-23,2022-06-02,6912854.4,5493260.91,93,"B-21200,B-967236,B-724317,B-229080",,False,
W-595041,Dinesh Chandra Yadav,Lok Sabha,Bihar,MADHEPURA,V-303622,Water,2024-10-09,2024-11-21,55499024.49,45253849.85,77,"B-122300,B-834690,B-507342,B-371104,B-769857",,False,
W-686892,Dinesh Chandra Yadav,Lok Sabha,Bihar,MADHEPURA,V-332067,Water,2025-07-21,2025-08-05,26921354.12,17534444.46,92,"B-135061,B-479936,B-127225,B-955868",,False,
W-382562,Dinesh Chandra Yadav,Lok Sabha,Bihar,MADHEPURA,V-517830,Road,2024-03-08,2024-03-16,8059276.3,5767667.14,50,"B-849470,B-272069,B-823245",,False,
W-874401,Dinesh Chandra Yadav,Lok Sabha,Bihar,MADHEPURA,V-427329,Water,2022-07-29,2022-08-10,5587128.96,4235485.06,75,"B-60814,B-996026,B-649169,B-81817",,False,
W-799173,DINESHBHAI MAKWANA,Lok Sabha,Gujarat,AHMEDABAD WEST(SC),V-424862,Education,2024-04-07,2024-04-26,31490743.1,29667547.14,47,"B-737829,B-238863,B-450153,B-722449",,False,
W-670907,DINESHBHAI MAKWANA,Lok Sabha,Gujarat,AHMEDABAD WEST(SC),V-449828,Other,2024-07-10,2024-08-01,29714948.26,21175569.99,47,"B-623744,B-53901",,False,
W-716875,DINESHBHAI MAKWANA,Lok Sabha,Gujarat,AHMEDABAD WEST(SC),V-721642,Sanitation,2025-03-25,2025-04-27,44209069.17,43526154.87,82,"B-867590,B-524973,B-580755",,False,
W-939162,DINESHBHAI MAKWANA,Lok Sabha,Gujarat,AHMEDABAD WEST(SC),V-492765,Education,2023-12-23,2024-01-12,10395937.54,6969415.19,69,"B-53320,B-364300,B-421936,B-413558,B-660759",,False,
W-583949,DINESHBHAI MAKWANA,Lok Sabha,Gujarat,AHMEDABAD WEST(SC),V-567657,Road,2024-10-25,2024-11-01,26395037.4,24164661.55,65,"B-39226,B-200362,B-611841,B-824707",,False,
W-890425,DINESHBHAI MAKWANA,Lok Sabha,Gujarat,AHMEDABAD WEST(SC),V-718253,Health,2022-10-22,2022-10-31,17427054.81,11501320.87,41,"B-968846,B-988303,B-206489,B-219870,B-275169",,False,
W-517534,DR BYREDDY SHABARI,Lok Sabha,Andhra Pradesh,NANDYAL,V-475749,Water,2022-11-14,2022-12-01,26978255.18,21248814.37,44,"B-87059,B-497948,B-572762,B-647890",,False,
W-326799,DR BYREDDY SHABARI,Lok Sabha,Andhra Pradesh,NANDYAL,V-710719,Other,2022-07-15,2022-08-02,5426449.74,3908034.97,38,"B-336621,B-701813,B-320447,B-683774,B-77714",,False,
W-308429,DR BYREDDY SHABARI,Lok Sabha,Andhra Pradesh,NANDYAL,V-321409,Other,2025-10-17,2025-11-02,40186290.62,35131609.76,89,"B-909511,B-987766,B-564310",,False,
W-651941,DR BYREDDY SHABARI,Lok Sabha,Andhra Pradesh,NANDYAL,V-931446,Water,2022-11-07,2022-11-15,26971736.26,19411637.56,60,"B-440148,B-228033,B-726381",,False,
W-454375,DR BYREDDY SHABARI,Lok Sabha,Andhra Pradesh,NANDYAL,V-371104,Road,2022-08-02,2022-08-28,23243298.87,19524862.17,59,"B-933432,B-112495,B-588675,B-368647,B-507257",,False,
W-684897,DR BYREDDY SHABARI,Lok Sabha,Andhra Pradesh,NANDYAL,V-737933,Education,2025-04-09,2025-05-08,27116478.99,20276728.5,72,B-DUP-005,,True,duplicate_beneficiary
W-595216,DR C N MANJUNATH,Lok Sabha,Karnataka,BANGALORE RURAL,V-271205,Road,2025-08-02,2025-08-08,10054762.56,6849337.09,71,"B-701298,B-395556,B-793597",,False,
W-394372,DR C N MANJUNATH,Lok Sabha,Karnataka,BANGALORE RURAL,V-500016,Education,2024-11-13,2024-12-16,37437350.01,36522624.26,56,"B-333028,B-281284,B-177873",,False,
W-971955,DR C N MANJUNATH,Lok Sabha,Karnataka,BANGALORE RURAL,V-861037,Sanitation,2025-09-20,2025-09-21,21450320.08,18191805.88,73,"B-943653,B-125291",,False,
W-510462,DR C N MANJUNATH,Lok Sabha,Karnataka,BANGALORE RURAL,V-487631,Sanitation,2025-08-20,2025-09-07,67474215.7,60601539.57,95,"B-277410,B-593733,B-872368",,False,
W-271218,DR C N MANJUNATH,Lok Sabha,Karnataka,BANGALORE RURAL,V-281156,Water,2025-12-20,2025-12-30,9848351.65,6555425.25,64,"B-907120,B-976622",,False,
W-979154,Dr Chandra Sekhar Pemmasani,Lok Sabha,Andhra Pradesh,GUNTUR,V-676336,Education,2022-02-22,2022-03-17,50570790.39,44053770.43,55,"B-706090,B-678557,B-435672,B-298539,B-481442",,False,
W-575563,Dr Chandra Sekhar Pemmasani,Lok Sabha,Andhra Pradesh,GUNTUR,V-530957,Education,2026-08-03,2026-09-02,82606648.46,77345207.62,79,"B-161678,B-76561",,False,
W-249036,Dr Chandra Sekhar Pemmasani,Lok Sabha,Andhra Pradesh,GUNTUR,V-589630,Sanitation,2025-11-15,2025-12-18,25797803.69,23190655.79,95,"B-893704,B-897435,B-48680,B-612467,B-421708",,False,
W-840604,DR DHARAMVIRA GANDHI,Lok Sabha,Punjab,PATIALA,V-819286,Water,2023-09-20,2023-10-21,38407046.51,32233633.6,75,"B-94093,B-544112,B-168270,B-838053",,False,
W-582909,DR DHARAMVIRA GANDHI,Lok Sabha,Punjab,PATIALA,V-905007,Other,2026-03-10,2026-03-15,28326510.21,27525937.65,48,"B-767142,B-791118,B-197374",,False,
W-999272,DR DHARAMVIRA GANDHI,Lok Sabha,Punjab,PATIALA,V-755350,Education,2026-02-17,2026-03-14,10078217.17,9197505.47,83,"B-621027,B-669044,B-25191",,False,
W-101919,DR DHARAMVIRA GANDHI,Lok Sabha,Punjab,PATIALA,V-610626,Health,2026-07-01,2026-07-08,15022822.01,14027541.54,36,"B-349309,B-797681,B-600060,B-113427,B-209242",,False,
W-361646,DR DHARAMVIRA GANDHI,Lok Sabha,Punjab,PATIALA,V-317031,Sanitation,2025-04-22,2025-05-09,13968523.18,9495036.64,41,"B-722949,B-843417,B-770207,B-479784",,False,
W-373784,DR DHARAMVIRA GANDHI,Lok Sabha,Punjab,PATIALA,V-250897,Water,2026-02-20,2026-02-28,20367835.52,19129680.25,81,"B-161979,B-335127,B-246547",,False,
W-777771,DR DHARAMVIRA GANDHI,Lok Sabha,Punjab,PATIALA,V-575847,Health,2024-03-28,2024-04-04,4098387.55,2778720.23,80,"B-742396,B-886846,B-171394,B-498737",,False,
W-329565,DR DHARAMVIRA GANDHI,Lok Sabha,Punjab,PATIALA,V-23680,Sanitation,2022-05-04,2022-05-19,15995657.85,14363029.16,73,"B-677447,B-675900,B-737587",,False,
W-909056,Dr Jayanta Kumar Roy,Lok Sabha,West Bengal,JALPAIGURI(SC),V-151607,Education,2021-10-31,2021-11-29,21269624.76,16190557.14,66,"B-157783,B-570817",,False,
W-747835,Dr Jayanta Kumar Roy,Lok Sabha,West Bengal,JALPAIGURI(SC),V-877200,Health,2025-05-10,2025-05-20,27900230.87,26788624.0,73,"B-93307,B-229947,B-219552",,False,
W-171523,Dr Jayanta Kumar Roy,Lok Sabha,West Bengal,JALPAIGURI(SC),V-990203,Other,2023-02-16,2023-03-02,2949696.63,2713364.74,76,"B-128345,B-718433,B-9544",,False,
W-447880,Dr Jayanta Kumar Roy,Lok Sabha,West Bengal,JALPAIGURI(SC),V-953908,Sanitation,2023-04-11,2023-04-23,64649233.67,57051089.08,64,"B-278969,B-965219,B-176309,B-853017",,False,
W-165294,Dr Jayanta Kumar Roy,Lok Sabha,West Bengal,JALPAIGURI(SC),V-93573,Road,2024-12-06,2025-01-03,29496214.07,28534781.8,81,"B-918167,B-687871,B-318662,B-893009",,False,
W-391825,DR KALGE SHIVAJI BANDAPPA,Lok Sabha,Maharashtra,LATUR(SC),V-703385,Health,2023-04-06,2023-05-07,103277780.57,79025203.37,74,"B-668007,B-888849,B-650114,B-140116",,True,sanction_delay
W-355644,DR KALGE SHIVAJI BANDAPPA,Lok Sabha,Maharashtra,LATUR(SC),V-804746,Road,2023-08-09,2023-08-16,25122132.22,19021833.07,35,"B-595971,B-883343",,False,
W-974741,DR KALGE SHIVAJI BANDAPPA,Lok Sabha,Maharashtra,LATUR(SC),V-612744,Sanitation,2022-11-13,2022-11-18,17865087.21,14927508.29,42,"B-372418,B-974155,B-32927,B-180291",,False,
W-547262,Dr Mohammad Jawed,Lok Sabha,Bihar,KISHANGANJ,V-856412,Health,2024-10-20,2024-10-28,29819751.1,24969852.42,83,"B-489192,B-304087,B-848767,B-639947,B-953276",,False,
W-149636,Dr Mohammad Jawed,Lok Sabha,Bihar,KISHANGANJ,V-18733,Road,2025-10-12,2025-11-11,19070613.72,12783535.27,69,"B-342065,B-631612,B-20746,B-669267",,False,
W-538638,Dr Mohammad Jawed,Lok Sabha,Bihar,KISHANGANJ,V-98074,Education,2025-03-10,2025-03-20,11177846.9,8843672.78,58,"B-389558,B-636802",,False,
W-546922,Dr Mohammad Jawed,Lok Sabha,Bihar,KISHANGANJ,V-967039,Water,2021-12-01,2021-12-06,36256672.96,33751824.95,76,"B-615901,B-952235,B-391567,B-90570",,False,
W-676226,Dr Mohammad Jawed,Lok Sabha,Bihar,KISHANGANJ,V-358824,Sanitation,2025-03-22,2025-04-05,29515750.42,24428822.52,73,"B-8937,B-924689,B-320672,B-470285",,False,
W-445224,Dr Mohammad Jawed,Lok Sabha,Bihar,KISHANGANJ,V-695099,Road,2025-09-04,2025-09-23,22085247.86,18327318.6,79,"B-172810,B-513864,B-63115",,False,
W-725600,DR RAJKUMAR SANGWAN,Lok Sabha,Uttar Pradesh,BAGHPAT,V-295235,Road,2025-01-01,2025-01-16,5981683.1,5241422.52,95,"B-876724,B-932396",,False,
W-867814,DR RAJKUMAR SANGWAN,Lok Sabha,Uttar Pradesh,BAGHPAT,V-453872,Sanitation,2024-03-22,2024-04-18,5202905.38,3867752.7,56,"B-375615,B-805392,B-745178,B-256143",,False,
W-620578,DR RAJKUMAR SANGWAN,Lok Sabha,Uttar Pradesh,BAGHPAT,V-18612,Other,2021-11-11,2021-12-03,129618810.89,112167874.73,39,"B-395617,B-622755,B-745081,B-903341",,False,
W-499052,DR RAJKUMAR SANGWAN,Lok Sabha,Uttar Pradesh,BAGHPAT,V-854104,Road,2025-06-04,2025-07-07,5461600.62,4466243.43,57,"B-268717,B-90866,B-898466,B-760380",,False,
W-291229,DR RANI SRI KUMAR,Lok Sabha,Tamil Nadu,TENKASI(SC),V-833609,Sanitation,2025-06-11,2025-06-11,3241289.45,2137022.47,63,"B-834229,B-7806,B-189185,B-72543,B-253942",,False,
W-230267,DR RANI SRI KUMAR,Lok Sabha,Tamil Nadu,TENKASI(SC),V-140886,Sanitation,2022-12-13,2022-12-13,29874140.39,28776368.16,55,"B-321794,B-929510,B-961137,B-644100",,False,
W-222822,DR RANI SRI KUMAR,Lok Sabha,Tamil Nadu,TENKASI(SC),V-959363,Water,2022-06-17,2022-07-07,26780684.55,19682140.06,84,"B-182284,B-649354",,False,
W-428513,DR RANI SRI KUMAR,Lok Sabha,Tamil Nadu,TENKASI(SC),V-386805,Health,2025-03-02,2025-03-25,38373939.45,29636474.58,63,"B-784804,B-139616,B-831832,B-266028,B-626216",,False,
W-401345,DR RANI SRI KUMAR,Lok Sabha,Tamil Nadu,TENKASI(SC),V-319531,Water,2022-04-25,2022-04-30,24321203.57,16770931.91,41,"B-781884,B-327711,B-601698,B-987775",,False,
W-549235,DR RANI SRI KUMAR,Lok Sabha,Tamil Nadu,TENKASI(SC),V-811730,Other,2023-10-27,2023-11-18,29704360.8,19326750.36,60,"B-457082,B-430995",,False,
W-575103,Dr Shashi Tharoor,Lok Sabha,Kerala,THIRUVANANTHAPURAM,V-312152,Other,2021-11-03,2021-11-24,10929154.61,8225839.86,37,"B-62651,B-366235,B-29315",,False,
W-992561,Dr Shashi Tharoor,Lok Sabha,Kerala,THIRUVANANTHAPURAM,V-136372,Other,2025-10-18,2025-10-22,43477302.32,31019474.08,61,"B-224266,B-71560",,False,
W-778710,Dr Shashi Tharoor,Lok Sabha,Kerala,THIRUVANANTHAPURAM,V-373555,Sanitation,2025-06-01,2025-06-29,26673869.94,23542577.52,49,"B-379741,B-671792,B-173588,B-101220",,False,
W-263194,Dr Shashi Tharoor,Lok Sabha,Kerala,THIRUVANANTHAPURAM,V-787240,Road,2026-08-19,2026-09-01,14192407.11,12355953.85,40,"B-300117,B-681174,B-473625,B-940363,B-53495",,False,
W-672495,Dr Shashi Tharoor,Lok Sabha,Kerala,THIRUVANANTHAPURAM,V-902678,Education,2022-10-28,2022-11-27,6548775.35,5438858.49,77,"B-64574,B-225468,B-195812,B-348894,B-494765",,False,
W-563357,Dr Shashi Tharoor,Lok Sabha,Kerala,THIRUVANANTHAPURAM,V-10330,Road,2025-06-01,2025-06-18,15581340.87,12567830.54,84,"B-753198,B-92541,B-160899,B-720417,B-921406",,False,
W-510977,Dr Shashi Tharoor,Lok Sabha,Kerala,THIRUVANANTHAPURAM,V-185505,Water,2021-11-24,2021-12-07,8739573.75,6822558.6,45,"B-188307,B-465460,B-128555",,False,
W-433327,Dr Shashi Tharoor,Lok Sabha,Kerala,THIRUVANANTHAPURAM,V-60276,Education,2022-03-25,2022-04-12,20122576.04,16697723.88,58,"B-358899,B-472625,B-87870,B-896747",,False,
W-461593,Dr Sukanta Majumdar,Lok Sabha,West Bengal,BALURGHAT,V-361396,Education,2024-04-19,2024-05-04,7371572.51,6370538.97,55,"B-77092,B-879373,B-412680",,False,
W-421868,Dr Sukanta Majumdar,Lok Sabha,West Bengal,BALURGHAT,V-458628,Education,2023-04-09,2023-05-06,10299484.05,6942919.49,40,"B-938215,B-709482,B-2309,B-666633,B-520576",,False,
W-625062,Dr Sukanta Majumdar,Lok Sabha,West Bengal,BALURGHAT,V-730645,Water,2025-08-17,2025-09-14,23967212.98,20389848.79,46,"B-1674,B-404116,B-860890,B-988854,B-183399",,False,
W-591948,Dr Sukanta Majumdar,Lok Sabha,West Bengal,BALURGHAT,V-429380,Water,2025-03-08,2025-03-15,17579718.21,12643702.83,88,"B-450494,B-827883,B-450785,B-523408",,False,
W-219090,Dr Sukanta Majumdar,Lok Sabha,West Bengal,BALURGHAT,V-84441,Road,2022-03-31,2022-04-30,17153626.96,12821617.42,88,"B-533501,B-220936",,False,
W-211689,Dr Sukanta Majumdar,Lok Sabha,West Bengal,BALURGHAT,V-104589,Education,2021-11-03,2021-11-14,18271781.98,17570910.09,93,"B-353186,B-893205,B-692084,B-80009,B-616054",,False,
W-547110,Dr Sukanta Majumdar,Lok Sabha,West Bengal,BALURGHAT,V-730695,Sanitation,2024-01-31,2024-02-03,61656541.39,52149240.9,39,"B-396477,B-538581",,False,
W-343264,DR. HEMANG JOSHI,Lok Sabha,Gujarat,VADODARA,V-965864,Sanitation,2025-02-05,2025-02-11,25134631.54,16970888.01,73,"B-60651,B-78804",,False,
W-760463,DR. HEMANG JOSHI,Lok Sabha,Gujarat,VADODARA,V-689031,Other,2025-08-06,2025-08-07,23420082.85,16300404.28,76,"B-735769,B-677883,B-225581",,False,
W-639272,DR. HEMANG JOSHI,Lok Sabha,Gujarat,VADODARA,V-268282,Other,2021-10-14,2021-11-05,18892482.19,12824635.17,71,"B-845195,B-983348,B-106905,B-DUP-013",,True,duplicate_beneficiary
W-891925,DR. HEMANG JOSHI,Lok Sabha,Gujarat,VADODARA,V-854922,Road,2023-03-27,2023-04-16,12622433.28,9180225.96,35,"B-633616,B-401176,B-901291",,False,
W-581560,DR. HEMANG JOSHI,Lok Sabha,Gujarat,VADODARA,V-80346,Water,2024-09-17,2024-09-19,6017829.33,4348743.78,43,"B-615309,B-132330,B-179018",,False,
W-334890,DR. HEMANG JOSHI,Lok Sabha,Gujarat,VADODARA,V-972657,Road,2024-04-26,2024-05-30,13567312.52,13279244.16,88,"B-979627,B-463654,B-827550,B-325995,B-954136",,False,
W-600581,DR. HEMANG JOSHI,Lok Sabha,Gujarat,VADODARA,V-223400,Health,2022-09-10,2022-09-24,23493928.67,22936694.41,86,"B-79044,B-111590,B-233649",,False,
W-575976,DR. HEMANG JOSHI,Lok Sabha,Gujarat,VADODARA,V-671465,Road,2025-10-01,2025-10-09,23116299.62,15133357.62,75,"B-849618,B-200486",,False,
W-585933,DR. HEMANT VISHNU SAVARA,Lok Sabha,Maharashtra,PALGHAR(ST),V-DUP-010,Education,2021-09-06,2021-09-20,4735957.99,3935235.69,69,"B-602543,B-318719,B-15898,B-126169",,True,duplicate_vendor
W-257496,DR. HEMANT VISHNU SAVARA,Lok Sabha,Maharashtra,PALGHAR(ST),V-247641,Water,2021-12-18,2022-01-15,8500971.75,5771764.25,62,"B-365398,B-884338,B-699983",,False,
W-182076,DR. HEMANT VISHNU SAVARA,Lok Sabha,Maharashtra,PALGHAR(ST),V-835586,Sanitation,2026-03-06,2026-04-06,49941993.43,35649452.35,48,"B-726751,B-151439,B-312415",,False,
W-130221,DR. HEMANT VISHNU SAVARA,Lok Sabha,Maharashtra,PALGHAR(ST),V-665486,Water,2025-02-09,2025-02-23,14195564.33,12958193.68,90,"B-479550,B-605253,B-775527",,False,
W-425015,DR. HEMANT VISHNU SAVARA,Lok Sabha,Maharashtra,PALGHAR(ST),V-682917,Other,2022-09-07,2022-09-22,2164720.22,1880631.21,74,"B-707017,B-10950,B-231177,B-699823",,False,
W-639374,DR. HEMANT VISHNU SAVARA,Lok Sabha,Maharashtra,PALGHAR(ST),V-366579,Education,2026-04-17,2026-05-09,16192609.26,13255099.26,90,"B-784432,B-699983",,False,
W-516736,DR. HEMANT VISHNU SAVARA,Lok Sabha,Maharashtra,PALGHAR(ST),V-978824,Education,2025-06-30,2025-07-27,24361030.89,20225162.03,74,"B-407361,B-82175,B-865327,B-730218,B-477452",,False,
W-828395,DR. HEMANT VISHNU SAVARA,Lok Sabha,Maharashtra,PALGHAR(ST),V-806956,Road,2022-03-16,2022-03-18,26172152.13,19718030.99,58,"B-941236,B-415561,B-837928,B-394661,B-560017",,False,
W-516870,DR. KIRSAN NAMDEO,Lok Sabha,Maharashtra,GADCHIROLI-CHIMUR(ST),V-430967,Health,2023-01-07,2023-02-04,14080428.31,13100245.72,46,"B-750489,B-493351,B-507417",,False,
W-226561,DR. KIRSAN NAMDEO,Lok Sabha,Maharashtra,GADCHIROLI-CHIMUR(ST),V-933281,Water,2026-07-13,2026-08-15,2153449.67,1680526.43,60,"B-157392,B-665001,B-66200,B-489153,B-566767",,False,
W-782386,DR. KIRSAN NAMDEO,Lok Sabha,Maharashtra,GADCHIROLI-CHIMUR(ST),V-501800,Education,2023-12-05,2023-12-30,14192780.31,12520972.6,49,"B-361577,B-686999",,True,sanction_delay
W-798438,DR. KIRSAN NAMDEO,Lok Sabha,Maharashtra,GADCHIROLI-CHIMUR(ST),V-22532,Education,2026-06-26,2026-07-16,60148458.86,41454104.36,43,"B-751166,B-148968,B-914571,B-242367,B-8822",,False,
W-278757,DR. KIRSAN NAMDEO,Lok Sabha,Maharashtra,GADCHIROLI-CHIMUR(ST),V-871458,Health,2024-12-19,2024-12-28,10611907.39,10865848.02,81,"B-591502,B-226798,B-579576,B-542789,B-849670",,True,cost_overrun
W-257517,DR. KIRSAN NAMDEO,Lok Sabha,Maharashtra,GADCHIROLI-CHIMUR(ST),V-512169,Other,2024-10-01,2024-04-21,28461329.11,22189678.48,58,"B-134033,B-10751,B-186864,B-870124",,True,delayed_completion
W-674142,DR. KIRSAN NAMDEO,Lok Sabha,Maharashtra,GADCHIROLI-CHIMUR(ST),V-790297,Health,2025-01-12,2025-01-26,7824874.18,5537587.17,40,"B-563475,B-908918",,False,
W-170762,DR. KIRSAN NAMDEO,Lok Sabha,Maharashtra,GADCHIROLI-CHIMUR(ST),V-997553,Sanitation,2023-08-20,2023-09-03,8791772.17,7598192.2,61,"B-535272,B-454816,B-638004,B-73411",,False,
W-452209,DR. LATA WANKHEDE,Lok Sabha,Madhya Pradesh,SAGAR,V-DUP-009,Road,2021-09-17,2021-10-17,36210898.1,29981214.09,91,"B-164079,B-951442",,True,duplicate_vendor
W-547138,DR. LATA WANKHEDE,Lok Sabha,Madhya Pradesh,SAGAR,V-430423,Health,2024-09-18,2024-09-23,82151919.52,58227988.1,39,"B-436016,B-389922,B-652774",,False,
W-832339,DR. LATA WANKHEDE,Lok Sabha,Madhya Pradesh,SAGAR,V-387819,Road,2025-01-14,2025-02-09,27902182.38,25833345.96,81,"B-177642,B-850565,B-48859",,False,
W-902280,DR. M.P ABDUSSAMAD SAMADANI,Lok Sabha,Kerala,PONNANI,V-867616,Education,2026-04-21,2026-05-10,35649511.05,26770155.05,54,"B-371162,B-909465,B-336301,B-678583,B-261741",,False,
W-168647,DR. M.P ABDUSSAMAD SAMADANI,Lok Sabha,Kerala,PONNANI,V-925488,Sanitation,2026-08-09,2026-09-15,36160070.92,32000228.61,79,"B-309216,B-350841,B-931214,B-257825",,True,sanction_delay
W-461970,DR. M.P ABDUSSAMAD SAMADANI,Lok Sabha,Kerala,PONNANI,V-675724,Health,2024-05-25,2024-06-26,74644935.32,61293314.83,54,"B-557060,B-370981,B-677507",,False,
W-330604,DR. M.P ABDUSSAMAD SAMADANI,Lok Sabha,Kerala,PONNANI,V-961093,Health,2024-06-24,2024-07-22,23127343.66,20915615.49,72,"B-26734,B-828107,B-756529,B-605842",,False,
W-307272,DR. MANSUKH MANDAVIYA,Lok Sabha,Gujarat,PORBANDAR,V-98119,Sanitation,2025-11-10,2025-12-01,40433527.8,33203782.25,44,"B-138615,B-951557,B-852234,B-162409,B-257288",,False,
W-161364,DR. MANSUKH MANDAVIYA,Lok Sabha,Gujarat,PORBANDAR,V-780713,Education,2024-12-05,2024-12-24,7535562.39,7157607.7,83,"B-54312,B-185377,B-467018,B-851556",,False,
W-149705,DR. MANSUKH MANDAVIYA,Lok Sabha,Gujarat,PORBANDAR,V-841052,Sanitation,2022-07-18,2022-08-14,13742287.78,10870859.19,73,"B-292446,B-600165",,False,
W-140348,DR. MANSUKH MANDAVIYA,Lok Sabha,Gujarat,PORBANDAR,V-145184,Health,2025-12-05,2025-12-10,48567922.79,31895603.78,66,"B-743271,B-667147",,False,
W-400240,DR. MANSUKH MANDAVIYA,Lok Sabha,Gujarat,PORBANDAR,V-614385,Health,2024-06-27,2024-06-29,35985699.24,31813532.52,87,"B-322050,B-788073",,False,
W-212390,DR. PRABHA MALLIKARJUN,Lok Sabha,Karnataka,DAVANAGERE,V-378639,Education,2026-01-31,2026-03-03,13249969.27,8923308.95,76,"B-437610,B-20326,B-25432",,False,
W-404165,DR. PRABHA MALLIKARJUN,Lok Sabha,Karnataka,DAVANAGERE,V-114931,Water,2022-07-19,2022-07-26,13129052.81,10803217.23,73,"B-895783,B-897691,B-61446",,False,
W-485876,DR. PRABHA MALLIKARJUN,Lok Sabha,Karnataka,DAVANAGERE,V-244224,Health,2024-03-31,2024-04-30,27534032.0,21498537.64,44,"B-421153,B-399441,B-344588,B-530920",,False,
W-843535,DR. PRABHA MALLIKARJUN,Lok Sabha,Karnataka,DAVANAGERE,V-294161,Road,2024-08-28,2024-09-05,20010579.96,21397463.32,86,"B-600701,B-665944,B-361026",,True,cost_overrun
W-899773,DR. PRABHA MALLIKARJUN,Lok Sabha,Karnataka,DAVANAGERE,V-216926,Education,2022-03-27,2022-04-14,22479734.61,23096999.91,74,"B-790447,B-835895,B-450660,B-961333,B-1709",,False,
W-846857,DR. PRABHA MALLIKARJUN,Lok Sabha,Karnataka,DAVANAGERE,V-783906,Water,2022-05-15,2022-06-08,27133978.89,26552525.78,50,"B-751700,B-882355,B-192713",,False,
W-841645,DR. PRABHA MALLIKARJUN,Lok Sabha,Karnataka,DAVANAGERE,V-10532,Sanitation,2025-11-10,2025-12-07,22727652.45,18939732.22,56,"B-334508,B-48285,B-944280,B-433694",,False,
W-724090,DR. PRADEEP KUMAR PANIGRAHY,Lok Sabha,Odisha,BERHAMPUR,V-875036,Other,2024-12-08,2025-01-19,17808962.84,15828852.85,67,"B-458181,B-85973,B-913541,B-249259,B-822678",,True,sanction_delay
W-948012,DR. PRADEEP KUMAR PANIGRAHY,Lok Sabha,Odisha,BERHAMPUR,V-138850,Health,2024-11-03,2024-11-24,33469794.76,24845720.11,85,B-DUP-000,,True,duplicate_beneficiary
W-815988,DR. PRADEEP KUMAR PANIGRAHY,Lok Sabha,Odisha,BERHAMPUR,V-223206,Health,2024-01-22,2024-02-23,8520930.3,8026045.75,42,"B-572351,B-290001,B-197216,B-927112",,False,
W-242482,DR. PRADEEP KUMAR PANIGRAHY,Lok Sabha,Odisha,BERHAMPUR,V-482532,Water,2024-06-16,2024-07-17,11855892.63,8508579.31,41,"B-603784,B-624572",,False,
W-988432,DR. PRADEEP KUMAR PANIGRAHY,Lok Sabha,Odisha,BERHAMPUR,V-188988,Sanitation,2024-08-26,2024-09-30,65666419.52,55997766.39,64,"B-262110,B-317632",,False,
W-146369,DR. PRADEEP KUMAR PANIGRAHY,Lok Sabha,Odisha,BERHAMPUR,V-226312,Sanitation,2022-12-04,2023-01-05,8942999.95,6373855.75,80,"B-213646,B-159726,B-148921,B-995823",,False,
W-849741,DR. PRASHANT YADAORAO PADOLE,Lok Sabha,Maharashtra,BHANDARA-GONDIYA,V-297027,Health,2022-04-04,2022-04-23,29248498.49,20802204.33,40,"B-527668,B-927872,B-440293,B-919765",,False,
W-242172,DR. PRASHANT YADAORAO PADOLE,Lok Sabha,Maharashtra,BHANDARA-GONDIYA,V-700913,Education,2023-06-08,2023-06-10,25188036.61,24483910.47,50,"B-157379,B-446777,B-629489,B-478017",,False,
W-600707,DR. PRASHANT YADAORAO PADOLE,Lok Sabha,Maharashtra,BHANDARA-GONDIYA,V-207336,Education,2026-03-01,2026-03-07,104445346.87,68375275.11,80,"B-205947,B-161488,B-62681",,False,
W-400087,DR. RAJ KUMAR CHABBEWAL,Lok Sabha,Punjab,HOSHIARPUR(SC),V-332345,Road,2026-08-16,2026-09-09,17791325.14,12573429.98,39,"B-448613,B-511773,B-247588",,False,
W-802446,DR. RAJ KUMAR CHABBEWAL,Lok Sabha,Punjab,HOSHIARPUR(SC),V-364651,Education,2023-06-17,2023-07-15,41551768.26,34372037.38,87,"B-109861,B-57627,B-104988,B-94205",,False,
W-617301,DR. RAJ KUMAR CHABBEWAL,Lok Sabha,Punjab,HOSHIARPUR(SC),V-736664,Health,2025-07-11,2025-08-02,26990003.22,24919344.21,82,"B-820944,B-223961",,False,
W-523672,DR. RAJ KUMAR CHABBEWAL,Lok Sabha,Punjab,HOSHIARPUR(SC),V-947604,Education,2024-06-29,2024-07-30,8502982.96,7541652.14,75,"B-314771,B-910330,B-907047",,False,
W-109731,DR. RAJ KUMAR CHABBEWAL,Lok Sabha,Punjab,HOSHIARPUR(SC),V-453030,Water,2022-03-09,2022-03-25,51428920.41,33781582.77,87,"B-48587,B-467758,B-335511,B-421668,B-573526",,False,
W-502546,DR. RAJESH MISHRA,Lok Sabha,Madhya Pradesh,SIDHI,V-31686,Health,2026-02-18,2026-03-06,65845401.5,63576490.58,91,"B-466022,B-328436,B-6027",,False,
W-502621,DR. RAJESH MISHRA,Lok Sabha,Madhya Pradesh,SIDHI,V-989428,Health,2025-08-28,2021-10-21,28676709.06,27040266.59,34,"B-267878,B-123213,B-682154",,True,delayed_completion
W-824783,DR. RAJESH MISHRA,Lok Sabha,Madhya Pradesh,SIDHI,V-764051,Health,2023-04-15,2023-05-13,65172256.61,57112808.34,78,"B-337432,B-716119,B-40387,B-96057",,False,
W-647724,DR. RAJESH MISHRA,Lok Sabha,Madhya Pradesh,SIDHI,V-379146,Water,2023-05-03,2023-05-17,101716520.62,93489272.36,68,"B-937176,B-902289,B-377408,B-627616,B-768753",,False,
W-412686,DR. S P SINGH,Lok Sabha,Uttar Pradesh,PRATAPGARH,V-78042,Sanitation,2024-11-27,2025-01-11,31865195.09,28073343.65,73,"B-135977,B-460824,B-947010,B-476692,B-52137",,True,duplicate_beneficiary
W-472802,DR. S P SINGH,Lok Sabha,Uttar Pradesh,PRATAPGARH,V-489351,Road,2025-06-22,2025-08-20,39185125.04,33429633.83,82,"B-736599,B-632866,B-406923,B-304520,B-957184",,False,
W-763748,DR. S P SINGH,Lok Sabha,Uttar Pradesh,PRATAPGARH,V-888880,Road,2023-08-08,2023-08-09,75214679.87,52768393.98,89,"B-15031,B-414809,B-241794,B-752036,B-199647",,False,
W-933559,DR. SHARMILA SARKAR,Lok Sabha,West Bengal,BARDHAMAN PURBA(SC),V-191558,Water,2025-08-06,2025-08-18,8337447.39,5452949.91,47,"B-803296,B-989424",,False,
W-396259,DR. SHARMILA SARKAR,Lok Sabha,West Bengal,BARDHAMAN PURBA(SC),V-451406,Education,2025-11-21,2025-12-10,29728678.2,22700969.39,82,"B-290523,B-738139,B-610879,B-642058,B-772501",,False,
W-543369,DR. SHARMILA SARKAR,Lok Sabha,West Bengal,BARDHAMAN PURBA(SC),V-25890,Road,2025-09-14,2025-10-05,22701652.53,18654338.61,88,"B-390464,B-614478,B-544421,B-905204,B-343576",,False,
W-546975,DR. SHARMILA SARKAR,Lok Sabha,West Bengal,BARDHAMAN PURBA(SC),V-26871,Water,2024-11-13,2024-12-27,34946309.45,32168557.25,58,"B-873049,B-219543",,False,
W-578046,DR. SHARMILA SARKAR,Lok Sabha,West Bengal,BARDHAMAN PURBA(SC),V-241191,Education,2024-06-09,2024-06-30,18596021.44,17823726.06,84,"B-654001,B-923333,B-811923,B-834380,B-120961",,False,
W-590472,DR. SHARMILA SARKAR,Lok Sabha,West Bengal,BARDHAMAN PURBA(SC),V-450868,Road,2024-10-03,2024-11-01,2040438.15,2160108.3,79,"B-334909,B-582676,B-597249,B-259408,B-15181",,True,cost_overrun
W-984441,DR. SHARMILA SARKAR,Lok Sabha,West Bengal,BARDHAMAN PURBA(SC),V-163368,Other,2022-07-28,2022-08-16,7742898.28,6613350.95,76,"B-33708,B-846362",,False,
W-897996,DR. SHARMILA SARKAR,Lok Sabha,West Bengal,BARDHAMAN PURBA(SC),V-247540,Sanitation,2022-01-03,2022-01-10,22171554.55,18442703.86,54,"B-839538,B-619632",,False,
W-334835,DR.K.SUDHAKAR,Lok Sabha,Karnataka,CHIKBALLAPUR,V-193387,Sanitation,2024-02-19,2024-02-19,26627669.45,17925818.32,86,"B-788297,B-117635,B-55193",,False,
W-158158,DR.K.SUDHAKAR,Lok Sabha,Karnataka,CHIKBALLAPUR,V-202574,Road,2024-04-03,2024-05-06,99311963.51,81308609.23,36,"B-629441,B-71835,B-961651,B-67823",,False,
W-390714,DR.K.SUDHAKAR,Lok Sabha,Karnataka,CHIKBALLAPUR,V-354897,Sanitation,2026-07-14,2026-08-25,20325367.04,14047295.8,56,"B-837843,B-457903,B-682610,B-824669",,False,
W-276039,DR.MALLU RAVI,Lok Sabha,Telangana,NAGARKURNOOL(SC),V-DUP-008,Water,2021-09-13,2021-10-07,10729980.81,10346129.05,66,"B-691079,B-623599,B-475592",,True,duplicate_vendor
W-416204,DR.MALLU RAVI,Lok Sabha,Telangana,NAGARKURNOOL(SC),V-290719,Sanitation,2023-02-08,2023-02-25,11722572.1,10488863.06,78,"B-280967,B-100211",,False,
W-905139,DR.MALLU RAVI,Lok Sabha,Telangana,NAGARKURNOOL(SC),V-312734,Sanitation,2023-02-13,2023-03-03,21343056.58,18517752.41,89,"B-78742,B-690748,B-780581,B-754592,B-534570",,False,
W-684877,DR.MALLU RAVI,Lok Sabha,Telangana,NAGARKURNOOL(SC),V-169719,Other,2026-03-17,2026-04-12,31068791.05,21405874.47,58,"B-261210,B-306959,B-388658",,False,
W-517633,DR.MALLU RAVI,Lok Sabha,Telangana,NAGARKURNOOL(SC),V-27539,Sanitation,2026-06-15,2026-07-05,55940097.26,59094778.87,77,"B-943871,B-306533,B-545475",,True,cost_overrun
W-343469,DR.MALLU RAVI,Lok Sabha,Telangana,NAGARKURNOOL(SC),V-821529,Road,2024-06-14,2024-06-23,15460502.19,10655580.47,59,B-DUP-005,,True,duplicate_beneficiary
W-536243,DULU MAHATO,Lok Sabha,Jharkhand,DHANBAD,V-255005,Road,2025-11-16,2025-12-19,13434459.7,10151542.22,66,"B-932695,B-749471,B-161342",,False,
W-374320,DULU MAHATO,Lok Sabha,Jharkhand,DHANBAD,V-689701,Water,2024-04-13,2024-04-20,107623051.43,99859818.34,63,"B-712463,B-725274,B-250072,B-200650",,False,
W-354963,DULU MAHATO,Lok Sabha,Jharkhand,DHANBAD,V-62890,Other,2023-04-14,2023-05-01,25207488.87,17667938.91,53,"B-574129,B-232804,B-303407,B-820092,B-478013",,False,
W-468713,DURAI VAIKO,Lok Sabha,Tamil Nadu,TIRUCHIRAPPALLI,V-530887,Health,2022-06-12,2022-06-21,10996987.87,8847642.59,90,"B-429519,B-646791,B-807091,B-608092",,False,
W-149239,DURAI VAIKO,Lok Sabha,Tamil Nadu,TIRUCHIRAPPALLI,V-301024,Health,2024-05-12,2024-06-13,17875999.53,13835129.31,57,"B-548735,B-851844,B-851395,B-840244,B-561031",,False,
W-771356,DURAI VAIKO,Lok Sabha,Tamil Nadu,TIRUCHIRAPPALLI,V-568665,Sanitation,2024-09-11,2024-09-16,13917226.77,10751371.66,74,B-DUP-005,,True,duplicate_beneficiary
W-184153,DURAI VAIKO,Lok Sabha,Tamil Nadu,TIRUCHIRAPPALLI,V-242953,Sanitation,2023-01-09,2023-02-03,9574286.78,6699276.0,73,"B-9630,B-278113,B-606005",,False,
W-353611,DURAI VAIKO,Lok Sabha,Tamil Nadu,TIRUCHIRAPPALLI,V-574627,Other,2024-05-11,2024-06-07,20871753.11,17249596.37,92,"B-797664,B-884360",,False,
W-118471,DURAI VAIKO,Lok Sabha,Tamil Nadu,TIRUCHIRAPPALLI,V-844085,Water,2023-03-07,2023-03-07,16126690.02,13199986.2,52,"B-25150,B-477183,B-247188",,False,
W-292416,DURAI VAIKO,Lok Sabha,Tamil Nadu,TIRUCHIRAPPALLI,V-138684,Health,2026-01-10,2026-01-16,56902055.91,48508206.0,49,"B-335136,B-176420",,False,
W-290039,Durga Das Uikey,Lok Sabha,Madhya Pradesh,BETUL(ST),V-970950,Health,2021-12-26,2021-12-26,36452707.09,33663469.44,69,"B-257949,B-286049,B-245397",,False,
W-467916,Durga Das Uikey,Lok Sabha,Madhya Pradesh,BETUL(ST),V-12271,Water,2024-12-08,2024-12-18,36891105.3,27653173.86,53,"B-913225,B-916065,B-595733",,False,
W-423409,Durga Das Uikey,Lok Sabha,Madhya Pradesh,BETUL(ST),V-96004,Road,2022-10-11,2022-10-20,23832868.99,22396022.17,54,"B-143250,B-941704,B-915977,B-541355",,False,
W-429503,Durga Das Uikey,Lok Sabha,Madhya Pradesh,BETUL(ST),V-726751,Other,2022-11-18,2022-12-07,47357588.46,37940973.31,41,"B-820938,B-298133,B-376681,B-539253",,False,
W-374193,Durga Das Uikey,Lok Sabha,Madhya Pradesh,BETUL(ST),V-578662,Education,2024-07-03,2024-07-20,6277385.55,5229422.75,64,"B-919994,B-943922,B-209107,B-299155",,False,
W-913934,Dushyant Singh,Lok Sabha,Rajasthan,JHALAWAR-BARAN,V-748329,Sanitation,2022-12-06,2022-12-11,25846771.68,21782131.71,53,"B-678423,B-279621",,False,
W-562631,Dushyant Singh,Lok Sabha,Rajasthan,JHALAWAR-BARAN,V-828326,Sanitation,2023-11-30,2023-12-28,73408024.63,57911653.82,74,"B-893257,B-963763,B-488787",,False,
W-370902,Dushyant Singh,Lok Sabha,Rajasthan,JHALAWAR-BARAN,V-160461,Education,2025-03-12,2025-05-03,47010203.69,45594575.24,45,"B-102595,B-118020",,True,sanction_delay
W-339697,E. TUKARAM,Lok Sabha,Karnataka,BELLARY(ST),V-923866,Road,2024-07-01,2024-07-31,18816722.04,13730400.06,83,"B-505426,B-957881,B-916450",,False,
W-922442,E. TUKARAM,Lok Sabha,Karnataka,BELLARY(ST),V-615200,Other,2023-08-26,2023-09-16,2793526.44,2531002.46,52,B-DUP-007,,True,duplicate_beneficiary
W-913868,E. TUKARAM,Lok Sabha,Karnataka,BELLARY(ST),V-992358,Road,2022-06-04,2022-06-30,34630190.51,28607812.62,52,"B-498875,B-534933,B-176139,B-250492,B-473308",,False,
W-876973,E. TUKARAM,Lok Sabha,Karnataka,BELLARY(ST),V-456852,Health,2024-08-02,2024-09-01,22650729.75,23193833.84,86,"B-105072,B-363332,B-643334,B-971118",,False,
W-983286,E. TUKARAM,Lok Sabha,Karnataka,BELLARY(ST),V-84295,Road,2025-04-18,2025-04-18,6007447.1,4613763.88,51,"B-210348,B-770914,B-881715,B-28288,B-402019",,False,
W-284665,E. TUKARAM,Lok Sabha,Karnataka,BELLARY(ST),V-73067,Education,2023-07-24,2023-07-24,9378702.0,8746055.76,65,"B-867448,B-325448",,False,
W-983981,E. TUKARAM,Lok Sabha,Karnataka,BELLARY(ST),V-73170,Sanitation,2022-11-09,2022-11-24,45698369.13,36565878.22,36,"B-681408,B-853085,B-670311,B-951919,B-151300",,False,
W-586704,E. TUKARAM,Lok Sabha,Karnataka,BELLARY(ST),V-689344,Health,2023-11-14,2023-12-11,6289313.02,4359204.2,63,"B-175417,B-210150,B-760614",,False,
W-628942,E.T. MOHAMMED BASHEER,Lok Sabha,Kerala,MALAPPURAM,V-46499,Health,2026-07-29,2026-08-13,16516412.27,12362847.44,72,"B-556377,B-437497,B-798206,B-952479,B-812991",,False,
W-968493,E.T. MOHAMMED BASHEER,Lok Sabha,Kerala,MALAPPURAM,V-954491,Other,2024-02-22,2024-03-01,27174020.53,18423324.64,68,"B-614226,B-124183,B-106377",,False,
W-789551,E.T. MOHAMMED BASHEER,Lok Sabha,Kerala,MALAPPURAM,V-581077,Other,2023-10-20,2023-11-16,18865880.66,19396236.14,81,"B-640040,B-54515,B-670177,B-130229",,True,cost_overrun
W-125198,E.T. MOHAMMED BASHEER,Lok Sabha,Kerala,MALAPPURAM,V-987562,Road,2024-07-21,2024-08-24,27736482.95,24657269.08,68,"B-462839,B-326321,B-473482,B-527338",,True,sanction_delay
W-694406,E.T. MOHAMMED BASHEER,Lok Sabha,Kerala,MALAPPURAM,V-828256,Other,2026-01-15,2026-01-23,72783596.33,60537787.87,76,"B-961888,B-302425,B-415340,B-976468,B-162323",,False,
W-513353,EATALA RAJENDER,Lok Sabha,Telangana,MALKAJGIRI,V-911667,Water,2026-07-24,2024-12-04,35402839.64,26223217.36,61,"B-955256,B-809944,B-327205,B-781764",,True,delayed_completion
W-691099,EATALA RAJENDER,Lok Sabha,Telangana,MALKAJGIRI,V-410191,Other,2025-06-27,2025-07-04,39315077.48,34970123.36,50,"B-610416,B-776506,B-645460",,False,
W-469976,EATALA RAJENDER,Lok Sabha,Telangana,MALKAJGIRI,V-827749,Water,2025-07-19,2025-07-26,59504170.45,52094787.48,39,"B-701982,B-547891",,False,
W-664509,EATALA RAJENDER,Lok Sabha,Telangana,MALKAJGIRI,V-812965,Road,2025-04-11,2025-04-27,46743478.44,34245407.13,76,"B-222917,B-976147",,False,
W-825655,EATALA RAJENDER,Lok Sabha,Telangana,MALKAJGIRI,V-240788,Sanitation,2023-05-03,2023-06-02,73113541.96,64994677.12,81,"B-16624,B-23899,B-570041",,False,
W-460149,EATALA RAJENDER,Lok Sabha,Telangana,MALKAJGIRI,V-289617,Road,2021-11-26,2021-12-08,71760895.94,70092315.36,77,"B-248696,B-703086,B-580521,B-93815,B-853816",,False,
W-961150,ESWARASAMY K,Lok Sabha,Tamil Nadu,POLLACHI,V-144492,Health,2024-08-27,2024-09-06,36985855.93,34736884.39,85,"B-7749,B-224826",,False,
W-501854,ESWARASAMY K,Lok Sabha,Tamil Nadu,POLLACHI,V-867067,Sanitation,2023-04-27,2023-05-09,53184249.89,49464578.91,86,"B-591949,B-953250",,False,
W-551779,ESWARASAMY K,Lok Sabha,Tamil Nadu,POLLACHI,V-10235,Water,2023-03-17,2023-04-14,43725237.11,29562319.24,85,"B-271370,B-897849,B-474174",,False,
W-574505,ESWARASAMY K,Lok Sabha,Tamil Nadu,POLLACHI,V-298062,Health,2026-03-08,2026-03-10,27608187.65,29805889.28,85,"B-28788,B-316287,B-814777,B-808336,B-427385",,True,cost_overrun
W-619751,Faggan Singh Kulaste,Lok Sabha,Madhya Pradesh,MANDLA(ST),V-46322,Other,2023-04-26,2023-04-26,19483251.73,16670223.51,59,"B-625259,B-508521,B-896909",,False,
W-473395,Faggan Singh Kulaste,Lok Sabha,Madhya Pradesh,MANDLA(ST),V-482664,Other,2026-05-18,2026-06-09,13527527.06,11702130.55,95,"B-846530,B-75020,B-221430",,False,
W-137175,Faggan Singh Kulaste,Lok Sabha,Madhya Pradesh,MANDLA(ST),V-737413,Sanitation,2022-03-16,2022-04-11,15715509.75,14660407.14,54,"B-864955,B-476326,B-541102,B-630576,B-271589",,False,
W-374498,Faggan Singh Kulaste,Lok Sabha,Madhya Pradesh,MANDLA(ST),V-154560,Water,2021-10-31,2021-04-09,12074481.08,11726427.84,58,"B-356032,B-6016",,True,delayed_completion
W-327761,Faggan Singh Kulaste,Lok Sabha,Madhya Pradesh,MANDLA(ST),V-688926,Other,2026-08-11,2026-08-26,33553954.33,29286103.95,53,"B-843952,B-288989,B-333583,B-581134",,False,
W-942180,Faggan Singh Kulaste,Lok Sabha,Madhya Pradesh,MANDLA(ST),V-102623,Education,2023-04-17,2023-05-15,15679012.46,11675149.12,54,"B-981928,B-266736,B-173641,B-426582",,False,
W-920775,Faggan Singh Kulaste,Lok Sabha,Madhya Pradesh,MANDLA(ST),V-783039,Road,2023-10-28,2023-11-13,34743750.21,27703864.11,68,"B-772782,B-296037,B-764979,B-455486",,False,
W-571528,Faggan Singh Kulaste,Lok Sabha,Madhya Pradesh,MANDLA(ST),V-879881,Health,2026-02-09,2026-02-18,6324853.55,6070224.57,48,B-DUP-005,,True,duplicate_beneficiary
W-775108,G. KUMAR NAIK,Lok Sabha,Karnataka,RAICHUR(ST),V-882018,Road,2026-05-04,2026-05-28,21223128.93,15026620.83,94,"B-819595,B-649040",,False,
W-575930,G. KUMAR NAIK,Lok Sabha,Karnataka,RAICHUR(ST),V-813451,Health,2023-12-12,2023-12-19,10725024.55,6974543.69,35,"B-568412,B-535294,B-126835",,False,
W-228714,G. KUMAR NAIK,Lok Sabha,Karnataka,RAICHUR(ST),V-642604,Education,2025-02-18,2025-02-19,23912240.16,17696734.87,69,"B-461713,B-852727,B-927034,B-454556,B-299053",,False,
W-178272,G. KUMAR NAIK,Lok Sabha,Karnataka,RAICHUR(ST),V-608421,Sanitation,2024-03-27,2024-04-28,53345822.93,38461005.58,80,"B-64388,B-142389,B-284410",,False,
W-268731,G. KUMAR NAIK,Lok Sabha,Karnataka,RAICHUR(ST),V-667041,Other,2026-06-06,2026-06-22,22136793.43,23094024.37,87,"B-60289,B-751631,B-564957,B-341163,B-689998",,True,cost_overrun
W-720741,G. KUMAR NAIK,Lok Sabha,Karnataka,RAICHUR(ST),V-456696,Education,2022-01-26,2022-01-30,14921989.99,10312111.57,75,"B-342674,B-960750,B-267555",,False,
W-961706,GAIKWAD VARSHA EKNATH,Lok Sabha,Maharashtra,MUMBAI NORTH-CENTRAL,V-536346,Other,2024-11-18,2024-12-22,14371478.71,10675294.9,37,"B-943927,B-12620",,False,
W-447996,GAIKWAD VARSHA EKNATH,Lok Sabha,Maharashtra,MUMBAI NORTH-CENTRAL,V-812894,Health,2022-05-05,2022-05-28,25379928.3,17429676.95,43,"B-373515,B-851954,B-71535",,False,
W-332360,GAIKWAD VARSHA EKNATH,Lok Sabha,Maharashtra,MUMBAI NORTH-CENTRAL,V-19578,Road,2025-10-04,2025-10-28,7412907.01,6957974.58,39,"B-480086,B-526305,B-349075,B-389334",,False,
W-401315,GAIKWAD VARSHA EKNATH,Lok Sabha,Maharashtra,MUMBAI NORTH-CENTRAL,V-911895,Other,2025-04-20,2025-05-22,39525362.85,35605383.13,37,"B-551836,B-409396,B-893696",,False,
W-870069,GAIKWAD VARSHA EKNATH,Lok Sabha,Maharashtra,MUMBAI NORTH-CENTRAL,V-435785,Sanitation,2026-05-04,2026-05-31,16830519.98,12871936.55,95,"B-306164,B-800156",,False,
W-163192,GAIKWAD VARSHA EKNATH,Lok Sabha,Maharashtra,MUMBAI NORTH-CENTRAL,V-259060,Water,2024-05-02,2024-05-11,22380132.55,20873273.94,62,"B-679294,B-246588,B-528702,B-409936,B-847228",,False,
W-873382,GAIKWAD VARSHA EKNATH,Lok Sabha,Maharashtra,MUMBAI NORTH-CENTRAL,V-637183,Sanitation,2024-10-30,2024-10-30,20364670.59,14880581.66,63,"B-560643,B-272349,B-447990",,False,
W-988647,Gajendra Singh Patel,Lok Sabha,Madhya Pradesh,KHARGONE(ST),V-937827,Education,2023-05-31,2023-06-05,18815903.36,14381262.62,63,"B-465689,B-534821,B-444431,B-13871,B-812732",,False,
W-649697,Gajendra Singh Patel,Lok Sabha,Madhya Pradesh,KHARGONE(ST),V-464821,Education,2024-02-02,2024-02-10,19300462.18,16442550.59,61,"B-202827,B-397377,B-667975,B-229361,B-8730",,False,
W-651787,Gajendra Singh Patel,Lok Sabha,Madhya Pradesh,KHARGONE(ST),V-299276,Education,2021-12-14,2022-01-13,25852745.03,18457607.7,78,"B-57619,B-279112,B-315056",,False,
W-453185,Gajendra Singh Patel,Lok Sabha,Madhya Pradesh,KHARGONE(ST),V-623409,Education,2023-09-01,2023-09-21,15530587.63,12691311.63,56,"B-135386,B-374462",,False,
W-344399,Gajendra Singh Patel,Lok Sabha,Madhya Pradesh,KHARGONE(ST),V-DUP-008,Education,2021-09-16,2021-10-01,29148033.19,24169899.17,80,"B-794755,B-881645,B-410179",,True,duplicate_vendor
W-549775,Gajendra Singh Patel,Lok Sabha,Madhya Pradesh,KHARGONE(ST),V-708612,Other,2026-04-06,2026-04-27,7751908.88,5218219.42,81,"B-124782,B-813160,B-294880",,False,
W-470340,Gajendra Singh Patel,Lok Sabha,Madhya Pradesh,KHARGONE(ST),V-329022,Sanitation,2023-10-13,2023-11-10,29865359.73,21967883.0,38,"B-34387,B-468773,B-748957,B-415367",,False,
W-206474,Gajendra Singh Shekhawat,Lok Sabha,Rajasthan,JODHPUR,V-107293,Education,2022-03-28,2022-04-16,9005746.23,5962007.02,39,"B-149028,B-143046,B-344213,B-352516",,False,
W-201643,Gajendra Singh Shekhawat,Lok Sabha,Rajasthan,JODHPUR,V-546119,Education,2025-04-13,2025-05-03,44158454.58,41364643.08,72,"B-739894,B-3534,B-356864,B-28031,B-218449",,False,
W-715577,Gajendra Singh Shekhawat,Lok Sabha,Rajasthan,JODHPUR,V-831634,Road,2024-08-02,2024-09-03,6597830.77,5442116.48,46,"B-470141,B-547345",,False,
W-909781,Gajendra Singh Shekhawat,Lok Sabha,Rajasthan,JODHPUR,V-925199,Education,2026-01-10,2026-03-08,23439218.52,22383542.7,80,"B-617006,B-11150",,True,sanction_delay
W-299839,Gajendra Singh Shekhawat,Lok Sabha,Rajasthan,JODHPUR,V-665203,Health,2023-12-31,2024-01-16,15001012.62,14648716.38,60,"B-117015,B-255227,B-661495",,False,
W-677520,Gajendra Singh Shekhawat,Lok Sabha,Rajasthan,JODHPUR,V-213676,Road,2023-05-22,2023-06-23,27603586.16,22512060.74,91,"B-525564,B-714557,B-917360,B-826890,B-955563",,False,
W-233333,Gajendra Singh Shekhawat,Lok Sabha,Rajasthan,JODHPUR,V-276641,Health,2025-12-24,2026-01-09,20459151.12,16723656.16,91,"B-107052,B-225850",,False,
W-585745,GANAPATHY RAJKUMAR P,Lok Sabha,Tamil Nadu,COIMBATORE,V-954076,Sanitation,2024-06-16,2024-06-18,36628599.75,29013560.3,63,"B-744351,B-939088",,False,
W-498185,GANAPATHY RAJKUMAR P,Lok Sabha,Tamil Nadu,COIMBATORE,V-240583,Sanitation,2026-06-19,2026-06-28,14531777.22,12589055.19,68,B-DUP-005,,True,duplicate_beneficiary
W-621065,GANAPATHY RAJKUMAR P,Lok Sabha,Tamil Nadu,COIMBATORE,V-705567,Health,2024-10-30,2024-12-03,43860564.02,41771909.54,48,"B-772389,B-225713,B-421446,B-730001",,False,
W-770262,GANAPATHY RAJKUMAR P,Lok Sabha,Tamil Nadu,COIMBATORE,V-324233,Education,2024-11-21,2024-12-08,35983805.53,33696880.22,80,"B-603435,B-578241,B-280109",,False,
W-550305,GANAPATHY RAJKUMAR P,Lok Sabha,Tamil Nadu,COIMBATORE,V-686013,Sanitation,2026-04-18,2026-05-14,15628891.14,10864493.83,43,"B-338305,B-565684,B-281496,B-172479",,False,
W-100525,Ganesan Selvam,Lok Sabha,Tamil Nadu,KANCHEEPURAM(SC),V-461723,Education,2026-02-06,2026-02-11,31045019.0,20651190.63,47,"B-772772,B-265593,B-355334",,False,
W-233668,Ganesan Selvam,Lok Sabha,Tamil Nadu,KANCHEEPURAM(SC),V-581776,Education,2025-08-24,2025-09-24,65746830.38,58566951.57,78,"B-217773,B-649888",,False,
W-842216,Ganesan Selvam,Lok Sabha,Tamil Nadu,KANCHEEPURAM(SC),V-206801,Education,2024-05-28,2024-06-22,48082602.74,38175728.27,71,"B-55561,B-261814,B-21835",,False,
W-934875,Ganesan Selvam,Lok Sabha,Tamil Nadu,KANCHEEPURAM(SC),V-297607,Health,2022-02-20,2022-02-26,10781471.88,9430758.06,66,"B-171740,B-229325,B-873768,B-882518,B-186285",,False,
W-933449,Ganesan Selvam,Lok Sabha,Tamil Nadu,KANCHEEPURAM(SC),V-720483,Health,2025-03-24,2025-04-06,29920281.36,23674401.68,92,"B-109679,B-987209",,False,
W-593796,Ganesh Singh,Lok Sabha,Madhya Pradesh,SATNA,V-422124,Education,2024-09-12,2024-10-05,75998333.94,67055659.39,94,"B-725516,B-828057,B-121283",,False,
W-340124,Ganesh Singh,Lok Sabha,Madhya Pradesh,SATNA,V-642296,Water,2022-10-01,2022-10-15,63749375.41,45201187.32,94,"B-244551,B-437130,B-847152",,False,
W-769456,Ganesh Singh,Lok Sabha,Madhya Pradesh,SATNA,V-913382,Other,2025-07-09,2025-08-05,6517290.65,6191172.54,46,"B-175543,B-748527,B-464709,B-580993",,False,
W-923137,GAURAV GOGOI,Lok Sabha,Assam,JORHAT,V-317623,Water,2023-08-24,2023-09-21,24911352.37,17474884.09,42,"B-980311,B-867880",,False,
W-525291,GAURAV GOGOI,Lok Sabha,Assam,JORHAT,V-192346,Other,2024-10-19,2024-11-03,72193647.8,53475817.24,60,"B-731555,B-630175,B-541098,B-311175",,False,
W-521721,GAURAV GOGOI,Lok Sabha,Assam,JORHAT,V-921133,Education,2021-11-07,2021-12-09,49159999.83,36844552.22,58,"B-26827,B-343510,B-886867,B-341078",,False,
W-145525,GENIBEN NAGAJI THAKOR,Lok Sabha,Gujarat,BANASKANTHA,V-571835,Road,2025-07-04,2025-08-06,44110601.87,35412231.42,76,"B-553401,B-46572,B-30982,B-351604",,False,
W-381905,GENIBEN NAGAJI THAKOR,Lok Sabha,Gujarat,BANASKANTHA,V-852970,Health,2026-04-04,2026-04-04,45373011.51,33665611.16,84,"B-801180,B-26031,B-600421,B-909314",,False,
W-326379,GENIBEN NAGAJI THAKOR,Lok Sabha,Gujarat,BANASKANTHA,V-311126,Road,2023-10-20,2023-11-23,56781386.62,41994094.45,60,"B-703529,B-177773,B-668153,B-855684,B-73457",,True,delayed_completion
W-597922,Giridhari Yadav,Lok Sabha,Bihar,BANKA,V-522462,Health,2026-06-25,2026-07-27,4889676.98,4150745.35,71,"B-220728,B-342643,B-904405",,False,
W-228778,Giridhari Yadav,Lok Sabha,Bihar,BANKA,V-166066,Education,2025-08-08,2025-09-01,2764900.05,2568595.21,87,"B-305457,B-683850,B-817361,B-258040,B-736038",,False,
W-653333,Giridhari Yadav,Lok Sabha,Bihar,BANKA,V-377568,Road,2025-01-08,2025-01-11,17263765.39,13465140.88,77,"B-858710,B-492533,B-471322,B-981041",,False,
W-365656,Giridhari Yadav,Lok Sabha,Bihar,BANKA,V-619528,Other,2023-02-04,2023-02-15,3963022.24,2942833.27,48,"B-912766,B-962444,B-930893",,False,
W-829357,Giridhari Yadav,Lok Sabha,Bihar,BANKA,V-873154,Education,2022-06-18,2022-07-06,8800109.92,9306478.47,77,"B-681926,B-322300",,True,cost_overrun
W-979216,Giridhari Yadav,Lok Sabha,Bihar,BANKA,V-176929,Education,2022-10-09,2022-10-11,25779906.19,21064850.11,48,"B-818868,B-229517,B-876318,B-699456",,False,
W-918730,Giridhari Yadav,Lok Sabha,Bihar,BANKA,V-462561,Other,2022-04-21,2022-05-15,9288186.36,11502692.05,92,"B-663418,B-630377,B-851967,B-870244",,True,cost_overrun
W-808370,Giridhari Yadav,Lok Sabha,Bihar,BANKA,V-371330,Water,2023-05-07,2023-06-07,73515432.87,69094681.52,45,"B-522790,B-455620",,False,
W-812621,Giriraj Singh,Lok Sabha,Bihar,BEGUSARAI,V-753229,Road,2026-01-26,2026-02-09,4385197.43,3414277.41,75,"B-754647,B-322893",,False,
W-643640,Giriraj Singh,Lok Sabha,Bihar,BEGUSARAI,V-788363,Sanitation,2023-11-24,2023-12-03,47727343.03,44879272.56,75,"B-988930,B-977404,B-832403",,False,
W-858526,Giriraj Singh,Lok Sabha,Bihar,BEGUSARAI,V-163266,Water,2024-10-08,2024-10-19,2793325.59,2014873.17,75,"B-435066,B-223114,B-257918",,False,
W-855254,Giriraj Singh,Lok Sabha,Bihar,BEGUSARAI,V-72156,Water,2023-08-03,2023-08-28,23482381.68,17485177.91,67,"B-399617,B-784307,B-788634,B-941340,B-998831",,False,
W-183322,Giriraj Singh,Lok Sabha,Bihar,BEGUSARAI,V-343763,Other,2024-03-05,2024-03-27,30161832.36,27444119.93,51,"B-734004,B-663632,B-293334",,False,
W-524335,Giriraj Singh,Lok Sabha,Bihar,BEGUSARAI,V-252548,Education,2022-05-22,2022-06-13,18205776.56,12757381.91,82,"B-87901,B-619572,B-353145",,False,
W-276318,Giriraj Singh,Lok Sabha,Bihar,BEGUSARAI,V-941322,Other,2025-08-26,2025-09-20,19509143.35,16747635.18,67,"B-315527,B-695225",,False,
W-214651,GM Harish Balayogi,Lok Sabha,Andhra Pradesh,AMALAPURAM(SC),V-985099,Other,2023-11-20,2024-02-07,12634305.65,9204221.33,52,"B-606287,B-808036,B-229742,B-307324,B-295558",,True,sanction_delay
W-369828,GM Harish Balayogi,Lok Sabha,Andhra Pradesh,AMALAPURAM(SC),V-902832,Other,2026-05-21,2026-06-11,47260777.11,34410842.2,48,"B-41638,B-401460,B-607683",,False,
W-473433,GM Harish Balayogi,Lok Sabha,Andhra Pradesh,AMALAPURAM(SC),V-658671,Other,2024-02-02,2024-02-20,30982776.17,23828788.77,49,"B-758501,B-378614,B-324416,B-927955",,False,
W-248117,GM Harish Balayogi,Lok Sabha,Andhra Pradesh,AMALAPURAM(SC),V-758736,Sanitation,2025-01-07,2025-01-14,12830699.89,9013485.57,44,"B-413466,B-797202",,False,
W-130286,GM Harish Balayogi,Lok Sabha,Andhra Pradesh,AMALAPURAM(SC),V-524471,Education,2025-03-08,2025-03-27,42556441.18,30971178.86,49,"B-972719,B-774209,B-197049",,False,
W-215979,GODAM NAGESH,Lok Sabha,Telangana,ADILABAD(ST),V-330676,Water,2025-11-05,2025-11-16,60376320.92,56634548.28,91,"B-625334,B-60767,B-987882,B-459892",,False,
W-972381,GODAM NAGESH,Lok Sabha,Telangana,ADILABAD(ST),V-240274,Education,2023-10-14,2023-10-28,51893556.28,41695623.31,66,"B-924058,B-602832",,False,
W-734677,GODAM NAGESH,Lok Sabha,Telangana,ADILABAD(ST),V-260118,Sanitation,2025-08-31,2025-09-28,33995122.8,32350491.55,41,"B-105117,B-439816,B-933691,B-317603,B-181397",,False,
W-609649,GOPINATH K,Lok Sabha,Tamil Nadu,KRISHNAGIRI,V-333880,Water,2023-12-30,2024-01-31,30199551.9,24325111.35,45,"B-914768,B-121175,B-373107,B-73810,B-525033",,False,
W-903581,GOPINATH K,Lok Sabha,Tamil Nadu,KRISHNAGIRI,V-502045,Education,2022-06-19,2022-07-08,28507324.01,20581980.94,72,"B-454707,B-145045,B-233889,B-754877",,False,
W-869825,GOPINATH K,Lok Sabha,Tamil Nadu,KRISHNAGIRI,V-754796,Health,2022-04-12,2022-04-21,21204589.27,14949021.85,81,"B-552990,B-439792,B-97282,B-57178,B-683961",,False,
W-683309,GOPINATH K,Lok Sabha,Tamil Nadu,KRISHNAGIRI,V-246277,Road,2022-02-10,2022-03-04,15337707.11,13887188.68,61,"B-264474,B-904659,B-37323,B-335897",,False,
W-816450,GOPINATH K,Lok Sabha,Tamil Nadu,KRISHNAGIRI,V-707689,Health,2023-12-14,2024-01-12,21348114.24,16714228.14,77,"B-589217,B-100693",,False,
W-123868,GOPINATH K,Lok Sabha,Tamil Nadu,KRISHNAGIRI,V-907889,Water,2025-08-13,2025-09-03,22702299.37,16287553.07,67,"B-971898,B-773929,B-343413,B-814559,B-100947",,False,
W-166789,GOPINATH K,Lok Sabha,Tamil Nadu,KRISHNAGIRI,V-138063,Sanitation,2024-02-12,2022-03-18,6965414.1,5197013.02,21,"B-111885,B-623413,B-66777,B-529637,B-193729",,True,delayed_completion
W-700789,GOVIND MAKTHAPPA KARJOL,Lok Sabha,Karnataka,CHITRADURGA(SC),V-786699,Other,2023-08-11,2023-09-09,22997271.13,15300542.93,82,"B-714012,B-273439,B-260954,B-632250",,False,
W-617984,GOVIND MAKTHAPPA KARJOL,Lok Sabha,Karnataka,CHITRADURGA(SC),V-551317,Water,2025-05-22,2025-06-12,18692694.27,19630767.15,82,"B-971548,B-910569,B-850171,B-765077,B-531807",,True,cost_overrun
W-364330,GOVIND MAKTHAPPA KARJOL,Lok Sabha,Karnataka,CHITRADURGA(SC),V-937758,Sanitation,2023-08-16,2023-08-22,15246745.48,14360756.27,93,"B-449080,B-646224,B-76422,B-726224,B-298467",,False,
W-337525,GOVIND MAKTHAPPA KARJOL,Lok Sabha,Karnataka,CHITRADURGA(SC),V-941113,Road,2025-01-24,2025-02-01,53734159.56,37600240.37,45,"B-800921,B-263241,B-375656",,False,
W-621451,GOVIND MAKTHAPPA KARJOL,Lok Sabha,Karnataka,CHITRADURGA(SC),V-840749,Health,2022-04-21,2022-05-04,25660696.84,18760764.95,44,"B-957138,B-698981,B-472800,B-445870,B-349201",,False,
W-519476,GOVIND MAKTHAPPA KARJOL,Lok Sabha,Karnataka,CHITRADURGA(SC),V-27282,Health,2025-12-30,2025-08-19,9933432.72,9179579.47,45,"B-902912,B-208575",,True,delayed_completion
W-721724,Gumma Thanuja Rani,Lok Sabha,Andhra Pradesh,ARAKU(ST),V-806949,Other,2025-10-01,2025-11-17,58155645.7,40582269.9,59,"B-569870,B-221087",,True,sanction_delay
W-865470,Gumma Thanuja Rani,Lok Sabha,Andhra Pradesh,ARAKU(ST),V-82425,Other,2024-02-28,2024-03-08,13303280.4,13745234.24,84,"B-6651,B-132359",,True,cost_overrun
W-156701,Gumma Thanuja Rani,Lok Sabha,Andhra Pradesh,ARAKU(ST),V-431934,Education,2023-03-13,2023-03-26,41867455.84,51313768.05,81,"B-933651,B-727148,B-779981",,True,cost_overrun
W-707383,Gumma Thanuja Rani,Lok Sabha,Andhra Pradesh,ARAKU(ST),V-598777,Water,2023-03-01,2023-03-15,16618711.27,13285127.22,55,"B-234593,B-851309,B-698685,B-338193,B-841972",,False,
W-626515,Gumma Thanuja Rani,Lok Sabha,Andhra Pradesh,ARAKU(ST),V-28808,Health,2023-01-14,2023-02-03,5987341.98,4333018.16,95,"B-224175,B-225126,B-831327",,False,
W-858983,Gumma Thanuja Rani,Lok Sabha,Andhra Pradesh,ARAKU(ST),V-905892,Education,2025-06-17,2025-07-03,12779175.39,9782455.53,44,"B-603565,B-336180,B-485408,B-56307,B-948921",,False,
W-430563,GURMEET SINGH MEET HAYER,Lok Sabha,Punjab,SANGRUR,V-537304,Road,2023-05-22,2023-06-25,11926088.82,9938639.43,35,"B-899531,B-409833,B-766178,B-566010",,False,
W-296898,GURMEET SINGH MEET HAYER,Lok Sabha,Punjab,SANGRUR,V-201395,Other,2026-03-13,2026-04-04,39552810.05,36515746.29,94,"B-248050,B-497248,B-642707,B-122570,B-583397",,False,
W-298439,GURMEET SINGH MEET HAYER,Lok Sabha,Punjab,SANGRUR,V-832732,Water,2023-02-27,2023-03-18,17292756.59,12921208.33,76,"B-83559,B-291151",,False,
W-716595,GURMEET SINGH MEET HAYER,Lok Sabha,Punjab,SANGRUR,V-792668,Other,2022-09-29,2022-10-20,27998711.64,25826143.63,48,"B-95908,B-48098,B-257149",,False,
W-356078,GURMEET SINGH MEET HAYER,Lok Sabha,Punjab,SANGRUR,V-531096,Other,2022-03-30,2022-04-04,9773748.46,7282098.27,70,"B-42283,B-820264,B-3722,B-446809",,False,
W-373677,GURMEET SINGH MEET HAYER,Lok Sabha,Punjab,SANGRUR,V-263140,Sanitation,2023-02-12,2023-03-13,32599163.23,23037129.02,60,"B-420694,B-320373,B-414217,B-86978",,False,
W-793014,GURMEET SINGH MEET HAYER,Lok Sabha,Punjab,SANGRUR,V-DUP-000,Sanitation,2021-09-09,2021-10-05,7121721.21,6828987.71,40,"B-44140,B-908773",,True,duplicate_vendor
W-716817,Gyaneshwar Patil,Lok Sabha,Madhya Pradesh,KHANDWA,V-493448,Other,2024-05-30,2024-06-02,75091318.65,62544939.83,61,"B-608115,B-238704,B-367035,B-586153,B-591404",,False,
W-318883,Gyaneshwar Patil,Lok Sabha,Madhya Pradesh,KHANDWA,V-34667,Health,2025-03-07,2025-03-27,62567285.5,49742805.36,37,"B-421405,B-352205",,False,
W-333288,Gyaneshwar Patil,Lok Sabha,Madhya Pradesh,KHANDWA,V-443302,Water,2022-08-31,2022-09-27,17253627.19,16775208.21,90,"B-425355,B-406195",,False,
W-329101,H.D. KUMARASWAMY,Lok Sabha,Karnataka,MANDYA,V-404692,Education,2022-03-19,2022-04-17,67533337.98,57746986.35,37,"B-201454,B-189693,B-485251,B-316200",,False,
W-950939,H.D. KUMARASWAMY,Lok Sabha,Karnataka,MANDYA,V-5892,Health,2025-11-15,2025-11-26,11011456.82,10534775.08,50,"B-357660,B-639564,B-3194",,False,
W-639524,H.D. KUMARASWAMY,Lok Sabha,Karnataka,MANDYA,V-253838,Water,2023-06-16,2023-07-15,39410934.9,37268878.11,82,"B-426010,B-89016,B-623930",,False,
W-540185,H.D. KUMARASWAMY,Lok Sabha,Karnataka,MANDYA,V-918290,Health,2021-12-27,2022-01-27,28309270.3,20986938.39,38,"B-716577,B-826815,B-765094,B-853685",,False,
W-489534,HARENDRA SINGH MALIK,Lok Sabha,Uttar Pradesh,MUZAFFARNAGAR,V-706642,Road,2023-07-11,2023-07-21,49255008.45,36920759.78,62,"B-780677,B-212141,B-972830,B-430776,B-185741",,False,
W-367631,HARENDRA SINGH MALIK,Lok Sabha,Uttar Pradesh,MUZAFFARNAGAR,V-284440,Other,2025-06-25,2025-07-12,51910260.87,35894159.22,92,"B-719907,B-396806,B-603877,B-721429,B-275644",,False,
W-424762,HARENDRA SINGH MALIK,Lok Sabha,Uttar Pradesh,MUZAFFARNAGAR,V-116412,Education,2023-04-06,2023-04-27,45099730.67,40231303.28,74,"B-432571,B-906251,B-986365,B-532206",,False,
W-159913,HARIBHAI PATEL,Lok Sabha,Gujarat,MAHESANA,V-920125,Health,2022-08-09,2022-08-09,48946237.2,39959189.2,94,"B-805710,B-550996,B-31608,B-878268",,False,
W-968884,HARIBHAI PATEL,Lok Sabha,Gujarat,MAHESANA,V-907416,Education,2025-09-22,2025-10-15,8494791.26,6600632.11,70,"B-702454,B-219282",,False,
W-450033,HARIBHAI PATEL,Lok Sabha,Gujarat,MAHESANA,V-129024,Water,2023-02-24,2023-03-19,20036084.84,13382422.82,42,"B-802104,B-739563,B-837740,B-352703,B-415893",,False,
W-737602,HARIBHAI PATEL,Lok Sabha,Gujarat,MAHESANA,V-DUP-005,Water,2021-09-29,2021-09-29,27104329.86,22362611.41,62,"B-925577,B-733080,B-595792,B-836072,B-405495",,True,duplicate_vendor
W-284318,HARIBHAI PATEL,Lok Sabha,Gujarat,MAHESANA,V-384731,Water,2025-11-14,2025-12-04,41683556.84,35463433.38,47,"B-500605,B-449494,B-684529,B-557494",,False,
W-465211,HARISH CHANDRA MEENA,Lok Sabha,Rajasthan,TONK-SAWAI MADHOPUR,V-217179,Road,2023-06-13,2023-06-24,9230248.35,6221900.36,91,"B-331099,B-568116,B-653387,B-649548",,False,
W-302577,HARISH CHANDRA MEENA,Lok Sabha,Rajasthan,TONK-SAWAI MADHOPUR,V-614495,Road,2022-12-16,2023-01-16,43971210.31,32137814.2,62,"B-964898,B-927310",,False,
W-647254,HARISH CHANDRA MEENA,Lok Sabha,Rajasthan,TONK-SAWAI MADHOPUR,V-381780,Other,2025-12-05,2025-12-31,30447444.14,23857559.85,90,"B-754268,B-354078,B-793308,B-202577",,False,
W-376839,HARISH CHANDRA MEENA,Lok Sabha,Rajasthan,TONK-SAWAI MADHOPUR,V-509300,Education,2025-03-06,2025-03-14,18157424.53,12029217.83,57,"B-941920,B-168514,B-418407",,False,
W-619976,HARISH CHANDRA MEENA,Lok Sabha,Rajasthan,TONK-SAWAI MADHOPUR,V-806920,Water,2025-03-28,2025-03-30,24075309.75,25343481.76,71,"B-108197,B-336676,B-333218",,True,cost_overrun
W-894244,HARISH CHANDRA MEENA,Lok Sabha,Rajasthan,TONK-SAWAI MADHOPUR,V-328599,Health,2022-01-14,2022-05-28,5857650.34,4006441.5,39,"B-879742,B-384719,B-186759",,True,sanction_delay
W-576784,HARISH CHANDRA MEENA,Lok Sabha,Rajasthan,TONK-SAWAI MADHOPUR,V-426037,Education,2026-07-24,2026-08-20,14525712.57,10101463.47,61,"B-627884,B-85792",,False,
W-135416,Harsh Malhotra,Lok Sabha,Delhi,EAST DELHI,V-375165,Sanitation,2024-12-31,2025-01-24,26672729.33,22855442.07,79,"B-280813,B-20876",,False,
W-461029,Harsh Malhotra,Lok Sabha,Delhi,EAST DELHI,V-156802,Education,2024-07-16,2024-07-19,39035680.87,31010410.34,73,"B-949318,B-923239,B-29876,B-134718",,False,
W-802656,Harsh Malhotra,Lok Sabha,Delhi,EAST DELHI,V-522279,Water,2023-01-11,2023-02-05,80690050.15,60257736.05,71,"B-631529,B-877618,B-380192",,False,
W-953656,Hasmukh Bhai Soma Bhai Patel,Lok Sabha,Gujarat,AHMEDABAD EAST,V-89227,Water,2022-09-16,2022-10-20,4321295.78,3643166.46,74,"B-543945,B-178764,B-504057",,False,
W-158480,Hasmukh Bhai Soma Bhai Patel,Lok Sabha,Gujarat,AHMEDABAD EAST,V-427908,Road,2022-08-28,2022-09-27,14634258.86,11291713.75,89,"B-821155,B-927425,B-395747",,False,
W-518425,Hasmukh Bhai Soma Bhai Patel,Lok Sabha,Gujarat,AHMEDABAD EAST,V-333690,Road,2025-09-28,2025-10-23,40355515.48,37815245.38,55,"B-130560,B-657684",,False,
W-395138,Hasmukh Bhai Soma Bhai Patel,Lok Sabha,Gujarat,AHMEDABAD EAST,V-487788,Other,2025-01-05,2025-01-09,37980398.71,36673576.0,64,"B-918663,B-927263,B-112314,B-74719",,False,
W-932821,Hasmukh Bhai Soma Bhai Patel,Lok Sabha,Gujarat,AHMEDABAD EAST,V-DUP-004,Other,2021-10-11,2021-10-31,16552743.48,15455368.12,85,"B-392267,B-292694,B-425322",,True,duplicate_vendor
W-755945,Hasmukh Bhai Soma Bhai Patel,Lok Sabha,Gujarat,AHMEDABAD EAST,V-826841,Education,2025-05-21,2025-06-24,15721741.66,13214467.72,81,"B-11126,B-745539,B-840166,B-992859,B-647355",,False,
W-842485,Hasmukh Bhai Soma Bhai Patel,Lok Sabha,Gujarat,AHMEDABAD EAST,V-126029,Sanitation,2023-01-29,2023-02-23,4586782.12,4088474.07,45,"B-674281,B-487625,B-225291,B-884842,B-416934",,False,
W-142126,Hasmukh Bhai Soma Bhai Patel,Lok Sabha,Gujarat,AHMEDABAD EAST,V-518975,Other,2022-02-26,2022-03-09,12112263.91,11814704.79,53,"B-210530,B-373899",,False,
W-307818,IMRAN MASOOD,Lok Sabha,Uttar Pradesh,SAHARANPUR,V-DUP-003,Other,2021-09-17,2021-10-13,6149548.72,5181319.94,52,"B-587977,B-320342,B-788217,B-676365,B-602456",,False,
W-892958,IMRAN MASOOD,Lok Sabha,Uttar Pradesh,SAHARANPUR,V-804317,Health,2023-10-10,2023-10-18,26973173.01,19867254.66,85,"B-343458,B-394544",,False,
W-950732,IMRAN MASOOD,Lok Sabha,Uttar Pradesh,SAHARANPUR,V-437015,Sanitation,2022-04-13,2022-05-02,13372689.32,11398994.69,80,"B-997441,B-851218,B-435067,B-100851",,False,
W-852371,IMRAN MASOOD,Lok Sabha,Uttar Pradesh,SAHARANPUR,V-83047,Health,2021-12-27,2022-01-07,9165549.18,5994679.27,56,"B-613135,B-118519,B-803877,B-221497",,False,
W-889702,IMRAN MASOOD,Lok Sabha,Uttar Pradesh,SAHARANPUR,V-268969,Road,2024-12-08,2024-05-05,90604039.76,67699455.09,18,"B-37709,B-733220",,True,delayed_completion
W-476824,Indra Hang Subba,Lok Sabha,Sikkim,SIKKIM,V-330627,Water,2022-05-08,2022-06-09,24129164.66,23019369.45,71,"B-379165,B-314588,B-561607,B-292698,B-327465",,False,
W-363356,Indra Hang Subba,Lok Sabha,Sikkim,SIKKIM,V-947419,Education,2026-08-27,2026-09-01,26345968.58,23783228.41,55,"B-627889,B-812240,B-391409",,False,
W-172875,Indra Hang Subba,Lok Sabha,Sikkim,SIKKIM,V-885821,Sanitation,2025-10-14,2025-10-23,6410876.71,4507312.4,50,"B-300330,B-286067,B-284343",,False,
W-254385,Indra Hang Subba,Lok Sabha,Sikkim,SIKKIM,V-891985,Education,2023-11-15,2023-05-26,22508430.5,19793259.21,58,"B-516647,B-637849,B-960206,B-864499",,True,delayed_completion
W-299436,Indra Hang Subba,Lok Sabha,Sikkim,SIKKIM,V-465645,Health,2025-01-31,2025-04-25,23405665.08,17354200.66,54,"B-963994,B-206068,B-367913,B-493227,B-271071",,False,
W-113604,Indra Hang Subba,Lok Sabha,Sikkim,SIKKIM,V-521291,Education,2023-09-19,2023-10-13,29557715.6,31642872.25,71,"B-685827,B-136760,B-601896,B-401309",,True,cost_overrun
W-610193,Indra Hang Subba,Lok Sabha,Sikkim,SIKKIM,V-657115,Health,2024-02-18,2024-03-18,5650744.32,3802427.98,53,"B-90200,B-358617,B-289261,B-357931",,False,
W-579473,Indra Hang Subba,Lok Sabha,Sikkim,SIKKIM,V-186969,Sanitation,2022-10-09,2022-11-04,13235338.04,11512612.61,80,"B-895559,B-734797,B-974451,B-164165,B-341524",,False,
W-935234,IQRA CHOUDHARY,Lok Sabha,Uttar Pradesh,KAIRANA,V-649187,Health,2024-03-25,2024-04-06,61483408.15,56582935.67,60,"B-716493,B-763149,B-295876,B-406764",,False,
W-809947,IQRA CHOUDHARY,Lok Sabha,Uttar Pradesh,KAIRANA,V-103415,Road,2026-07-08,2026-07-10,37588224.85,26196037.7,83,"B-816880,B-282664,B-701615,B-32440,B-509616",,False,
W-471522,IQRA CHOUDHARY,Lok Sabha,Uttar Pradesh,KAIRANA,V-157177,Education,2026-05-09,2026-06-08,36499866.19,35189692.84,49,"B-713570,B-905118,B-892216",,False,
W-541195,IQRA CHOUDHARY,Lok Sabha,Uttar Pradesh,KAIRANA,V-670367,Education,2025-11-29,2025-12-26,10693500.81,9873461.78,36,"B-314863,B-618993,B-240404",,False,
W-213655,ISHA KHAN CHOUDHURY,Lok Sabha,West Bengal,MALDAHA DAKSHIN,V-603338,Road,2026-02-04,2026-02-13,61726023.07,55991936.86,49,"B-368919,B-168912,B-843120,B-501175",,False,
W-901723,ISHA KHAN CHOUDHURY,Lok Sabha,West Bengal,MALDAHA DAKSHIN,V-542661,Road,2025-06-18,2025-06-24,12957162.18,10369943.4,46,"B-194587,B-463757,B-884876",,False,
W-514778,ISHA KHAN CHOUDHURY,Lok Sabha,West Bengal,MALDAHA DAKSHIN,V-437733,Other,2022-06-09,2022-06-16,9524143.41,7409152.03,69,"B-279209,B-244710,B-866109,B-300064,B-286706",,False,
W-989280,ISHA KHAN CHOUDHURY,Lok Sabha,West Bengal,MALDAHA DAKSHIN,V-334820,Other,2026-07-15,2026-07-15,30003853.92,23797032.91,63,"B-578218,B-853559,B-955442,B-709265",,False,
W-507098,ISHA KHAN CHOUDHURY,Lok Sabha,West Bengal,MALDAHA DAKSHIN,V-104132,Education,2025-02-20,2025-03-02,17576919.55,13314152.49,54,"B-68987,B-180228,B-940039",,False,
W-725516,ISHA KHAN CHOUDHURY,Lok Sabha,West Bengal,MALDAHA DAKSHIN,V-722905,Sanitation,2024-11-26,2024-11-29,14476897.87,12667278.68,37,"B-412902,B-338415,B-90097",,False,
W-403281,JAGADISH CHANDRA BARMA BASUNIA,Lok Sabha,West Bengal,COOCHBEHAR(SC),V-420886,Other,2025-12-08,2025-12-17,74269825.29,67262605.1,76,"B-548705,B-736204,B-622109",,False,
W-617940,JAGADISH CHANDRA BARMA BASUNIA,Lok Sabha,West Bengal,COOCHBEHAR(SC),V-493381,Health,2022-09-13,2022-09-19,47819032.17,70364192.21,98,"B-984163,B-763178,B-24523",,True,cost_overrun
W-620491,JAGADISH CHANDRA BARMA BASUNIA,Lok Sabha,West Bengal,COOCHBEHAR(SC),V-379383,Education,2022-03-31,2022-04-01,16660064.58,16106633.87,62,"B-118083,B-876334",,False,
W-974401,JAGADISH CHANDRA BARMA BASUNIA,Lok Sabha,West Bengal,COOCHBEHAR(SC),V-605410,Road,2026-01-12,2026-01-24,29012695.86,22542349.11,95,"B-749892,B-91615,B-414717",,False,
W-360362,JAGADISH SHETTAR,Lok Sabha,Karnataka,BELGAUM,V-250641,Sanitation,2022-11-16,2022-12-02,13485037.18,12965899.81,47,"B-285334,B-224121,B-901762,B-930419,B-109528",,False,
W-884145,JAGADISH SHETTAR,Lok Sabha,Karnataka,BELGAUM,V-45673,Road,2025-02-05,2025-02-07,18503141.72,16984387.5,42,"B-124938,B-175630",,False,
W-102088,JAGADISH SHETTAR,Lok Sabha,Karnataka,BELGAUM,V-227012,Sanitation,2022-04-26,2022-04-26,7117697.73,6882636.14,80,"B-254550,B-458006,B-634217",,True,duplicate_vendor
W-917366,JAGADISH SHETTAR,Lok Sabha,Karnataka,BELGAUM,V-482372,Water,2023-05-05,2023-05-13,30563029.13,23416579.18,85,B-DUP-000,,True,duplicate_beneficiary
W-603023,JAGADISH SHETTAR,Lok Sabha,Karnataka,BELGAUM,V-551041,Health,2021-11-12,2021-12-05,42858829.05,57570187.6,92,"B-81492,B-182748",,False,
W-680603,JAGADISH SHETTAR,Lok Sabha,Karnataka,BELGAUM,V-50256,Health,2023-06-26,2023-07-13,10927212.0,7732120.2,80,"B-613253,B-2807,B-276933,B-243286,B-591611",,False,
W-280433,JAGADISH SHETTAR,Lok Sabha,Karnataka,BELGAUM,V-678883,Other,2024-05-31,2024-06-21,22810053.18,23438947.46,67,"B-394506,B-118494",,False,
W-984262,Jagannath Sarkar,Lok Sabha,West Bengal,RANAGHAT(SC),V-252301,Education,2022-04-12,2021-11-24,21302584.08,14289068.38,17,"B-889176,B-167602,B-329568,B-950692,B-547307",,True,delayed_completion
W-491150,Jagannath Sarkar,Lok Sabha,West Bengal,RANAGHAT(SC),V-251088,Sanitation,2023-12-03,2023-12-10,35632575.9,31191161.9,38,"B-331222,B-103258",,False,
W-758234,Jagannath Sarkar,Lok Sabha,West Bengal,RANAGHAT(SC),V-984473,Other,2022-09-13,2022-11-01,29535071.01,23593010.02,84,"B-8323,B-999316,B-358832,B-152349",,False,
W-482042,Jagannath Sarkar,Lok Sabha,West Bengal,RANAGHAT(SC),V-947922,Health,2023-12-21,2024-01-24,21470377.88,14139438.77,40,"B-542184,B-203724",,False,
W-860610,Jagannath Sarkar,Lok Sabha,West Bengal,RANAGHAT(SC),V-548787,Education,2024-06-04,2024-06-16,19625466.28,15127929.6,36,"B-80246,B-44658,B-821784,B-162613,B-35157",,False,
W-842973,Jagannath Sarkar,Lok Sabha,West Bengal,RANAGHAT(SC),V-241110,Water,2024-12-25,2025-01-25,18698924.84,17587708.36,85,"B-572533,B-633023",,False,
W-988540,Jagdambika Pal,Lok Sabha,Uttar Pradesh,DOMARIYAGANJ,V-596128,Education,2025-06-12,2025-07-04,59598079.69,40955579.96,65,"B-435310,B-205291,B-840928",,False,
W-864996,Jagdambika Pal,Lok Sabha,Uttar Pradesh,DOMARIYAGANJ,V-866092,Health,2026-01-18,2026-01-29,22467122.45,17291399.11,88,"B-769544,B-705201",,False,
W-822645,Jagdambika Pal,Lok Sabha,Uttar Pradesh,DOMARIYAGANJ,V-897168,Water,2023-07-29,2023-08-14,11696845.31,10636749.12,59,"B-179740,B-483738",,False,
W-257952,Jagdambika Pal,Lok Sabha,Uttar Pradesh,DOMARIYAGANJ,V-114492,Health,2026-08-08,2026-08-23,18254890.11,15101755.09,41,"B-269710,B-810048",,False,
W-380815,Jagdambika Pal,Lok Sabha,Uttar Pradesh,DOMARIYAGANJ,V-651952,Education,2023-06-04,2023-06-29,30521458.64,20948494.6,54,"B-315119,B-608003",,False,
W-589445,Jagdambika Pal,Lok Sabha,Uttar Pradesh,DOMARIYAGANJ,V-442226,Other,2021-11-30,2021-12-21,17302341.11,12347039.79,45,"B-232015,B-852552,B-228403",,False,
W-830687,JAI PARKASH,Lok Sabha,Haryana,HISAR,V-421766,Other,2022-11-09,2022-11-19,95955397.34,68646402.99,43,"B-393167,B-806597,B-376642,B-94252,B-823403",,False,
W-793675,JAI PARKASH,Lok Sabha,Haryana,HISAR,V-231640,Other,2022-01-13,2022-02-10,7670543.88,5854430.75,64,"B-265605,B-15638,B-177397,B-859960,B-957208",,False,
W-433678,JAI PARKASH,Lok Sabha,Haryana,HISAR,V-811453,Sanitation,2025-02-12,2025-03-02,42639058.78,32594504.26,60,"B-463343,B-272103,B-341017,B-93148,B-231743",,False,
W-752639,Jai Prakash,Lok Sabha,Uttar Pradesh,HARDOI (SC),V-401753,Sanitation,2025-09-10,2025-09-11,41680003.91,35642679.36,94,"B-956707,B-110741,B-978915,B-597760,B-120829",,False,
W-825657,Jai Prakash,Lok Sabha,Uttar Pradesh,HARDOI (SC),V-112839,Sanitation,2024-05-29,2024-06-02,8077415.11,6017627.91,62,"B-499690,B-125162,B-978767,B-684241,B-566577",,False,
W-591017,Jai Prakash,Lok Sabha,Uttar Pradesh,HARDOI (SC),V-614796,Road,2025-05-01,2025-05-12,13749575.3,9736241.35,56,"B-22113,B-937974",,False,
W-404265,Jai Prakash,Lok Sabha,Uttar Pradesh,HARDOI (SC),V-130103,Health,2024-11-03,2024-11-12,59921682.3,63682107.61,81,"B-319327,B-490837,B-377021,B-351816",,True,cost_overrun
W-243834,Jai Prakash,Lok Sabha,Uttar Pradesh,HARDOI (SC),V-185154,Water,2023-02-12,2023-02-24,22836323.38,15968517.74,75,"B-301913,B-896318,B-360691",,False,
W-972276,Janardan Mishra,Lok Sabha,Madhya Pradesh,REWA,V-946109,Health,2024-04-12,2024-05-05,50529782.48,47029478.77,79,"B-633410,B-159891,B-103502,B-440724,B-829401",,False,
W-125433,Janardan Mishra,Lok Sabha,Madhya Pradesh,REWA,V-529587,Education,2024-06-06,2024-06-26,16169855.33,12562459.92,80,"B-58191,B-814334,B-122915",,False,
W-792201,Janardan Mishra,Lok Sabha,Madhya Pradesh,REWA,V-386098,Other,2022-04-26,2022-05-21,25511337.13,22616190.5,62,"B-642769,B-863156,B-990271,B-547764,B-507477",,False,
W-913162,Janardan Mishra,Lok Sabha,Madhya Pradesh,REWA,V-122001,Water,2022-04-11,2022-04-30,7435331.59,5555865.39,70,"B-639180,B-922950,B-101470",,False,
W-337940,Janardan Mishra,Lok Sabha,Madhya Pradesh,REWA,V-566037,Other,2022-07-06,2022-07-27,12153738.25,9611429.42,72,"B-596890,B-596280,B-420975,B-563949,B-879729",,False,
W-928717,Janardan Mishra,Lok Sabha,Madhya Pradesh,REWA,V-47112,Water,2026-08-01,2026-08-21,18146088.24,11851460.47,90,"B-641171,B-999158,B-17945,B-681112",,False,
W-662675,Janardan Mishra,Lok Sabha,Madhya Pradesh,REWA,V-353645,Water,2024-08-15,2024-05-05,3948404.13,3759023.72,53,"B-376712,B-331630,B-206491",,True,delayed_completion
W-170008,Janardan Mishra,Lok Sabha,Madhya Pradesh,REWA,V-941475,Water,2022-03-19,2022-04-10,12370462.85,9979860.5,87,"B-791714,B-109006,B-125116,B-463019",,False,
W-977610,JASHUBHAI BHILUBHAI RATHVA,Lok Sabha,Gujarat,CHHOTA UDAIPUR(ST),V-657595,Road,2022-01-09,2022-02-05,20301906.9,17562423.6,52,"B-10886,B-954142,B-717391",,False,
W-236523,JASHUBHAI BHILUBHAI RATHVA,Lok Sabha,Gujarat,CHHOTA UDAIPUR(ST),V-253636,Health,2025-12-23,2026-01-22,35832572.37,28499410.42,48,"B-371629,B-736595",,False,
W-933044,JASHUBHAI BHILUBHAI RATHVA,Lok Sabha,Gujarat,CHHOTA UDAIPUR(ST),V-151955,Other,2026-04-29,2026-06-01,31116398.21,20931492.0,71,"B-398984,B-31715,B-769956,B-266874",,False,
W-925123,JASHUBHAI BHILUBHAI RATHVA,Lok Sabha,Gujarat,CHHOTA UDAIPUR(ST),V-465042,Education,2024-12-15,2024-12-24,12214231.77,10525529.63,54,"B-753335,B-761561",,False,
W-536863,JASHUBHAI BHILUBHAI RATHVA,Lok Sabha,Gujarat,CHHOTA UDAIPUR(ST),V-354037,Health,2024-02-07,2024-03-10,46799890.74,39805156.52,35,"B-886642,B-143664,B-640343",,False,
W-844298,Jaswantsinh Sumanbhai Bhabhor,Lok Sabha,Gujarat,DAHOD(ST),V-599069,Road,2024-10-10,2024-11-06,39531009.77,35921987.55,38,"B-371453,B-445694,B-722557",,False,
W-675111,Jaswantsinh Sumanbhai Bhabhor,Lok Sabha,Gujarat,DAHOD(ST),V-787083,Water,2025-01-16,2025-02-06,46411954.96,33652896.71,81,"B-94196,B-892118,B-869528,B-552879",,False,
W-247796,Jaswantsinh Sumanbhai Bhabhor,Lok Sabha,Gujarat,DAHOD(ST),V-346297,Sanitation,2026-06-18,2026-06-20,16245811.02,15750475.79,52,"B-66909,B-652140",,False,
W-999260,Jaswantsinh Sumanbhai Bhabhor,Lok Sabha,Gujarat,DAHOD(ST),V-280139,Other,2022-09-25,2022-10-25,3229399.0,2573240.89,79,"B-204794,B-364337,B-608298,B-453850",,False,
W-571979,Jaswantsinh Sumanbhai Bhabhor,Lok Sabha,Gujarat,DAHOD(ST),V-778170,Water,2025-07-22,2025-08-03,16634712.52,12397594.1,93,"B-374647,B-764130",,False,
W-849603,Jaswantsinh Sumanbhai Bhabhor,Lok Sabha,Gujarat,DAHOD(ST),V-182950,Sanitation,2025-03-24,2025-04-24,13776637.57,12589418.03,44,"B-209767,B-373357",,False,
W-374933,Jaswantsinh Sumanbhai Bhabhor,Lok Sabha,Gujarat,DAHOD(ST),V-804075,Sanitation,2023-07-29,2023-08-24,10435475.15,8224356.13,66,"B-448858,B-499252",,False,
W-568784,JITAN RAM MANJHI,Lok Sabha,Bihar,GAYA (SC),V-116647,Health,2026-05-29,2026-06-18,35525533.27,27331780.14,87,"B-980562,B-885415,B-117764,B-361558",,False,
W-787034,JITAN RAM MANJHI,Lok Sabha,Bihar,GAYA (SC),V-637932,Health,2022-06-01,2022-06-09,56064568.92,53163279.82,66,"B-568577,B-961490,B-189694,B-681196",,False,
W-173874,JITAN RAM MANJHI,Lok Sabha,Bihar,GAYA (SC),V-924509,Road,2026-05-17,2026-06-20,41310729.13,37136787.83,70,"B-418379,B-673810,B-333661",,False,
W-341571,JITAN RAM MANJHI,Lok Sabha,Bihar,GAYA (SC),V-99678,Education,2023-06-01,2023-06-30,13364168.68,10331770.29,87,"B-689401,B-556894,B-177858,B-302653,B-327462",,False,
W-647809,JITENDRA KUMAR DOHARE,Lok Sabha,Uttar Pradesh,ETAWAH(SC),V-707619,Road,2025-09-02,2025-09-05,26211338.88,21659956.24,68,"B-554132,B-90296,B-920610,B-797360,B-692350",,False,
W-386554,JITENDRA KUMAR DOHARE,Lok Sabha,Uttar Pradesh,ETAWAH(SC),V-168666,Road,2022-12-02,2022-12-28,54802026.2,40885730.86,45,"B-764350,B-768842",,False,
W-988785,JITENDRA KUMAR DOHARE,Lok Sabha,Uttar Pradesh,ETAWAH(SC),V-23089,Health,2025-12-24,2026-01-24,36982639.7,34462246.41,71,"B-997619,B-299973",,False,
W-821748,JITENDRA KUMAR DOHARE,Lok Sabha,Uttar Pradesh,ETAWAH(SC),V-816594,Education,2021-10-08,2021-11-05,69807564.95,47614355.8,85,"B-209239,B-720123,B-DUP-013",,True,duplicate_beneficiary
W-149093,Jitendra Singh,Lok Sabha,Jammu And Kashmir,UDHAMPUR,V-360902,Sanitation,2025-02-18,2025-03-15,18969292.46,12732889.31,81,"B-346348,B-41519,B-140015",,False,
W-271630,Jitendra Singh,Lok Sabha,Jammu And Kashmir,UDHAMPUR,V-860224,Road,2022-07-08,2022-07-31,12562845.55,11484305.64,89,"B-268876,B-391113,B-858034,B-920948,B-213574",,False,
W-285755,Jitendra Singh,Lok Sabha,Jammu And Kashmir,UDHAMPUR,V-83705,Other,2022-01-23,2022-02-18,25377194.93,19196249.69,74,"B-50424,B-130047,B-328972",,False,
W-803816,Jitendra Singh,Lok Sabha,Jammu And Kashmir,UDHAMPUR,V-258219,Other,2025-06-22,2025-07-02,15435432.07,11436398.36,53,"B-164113,B-931024,B-865976,B-777051",,False,
W-426171,Jitendra Singh,Lok Sabha,Jammu And Kashmir,UDHAMPUR,V-157945,Other,2022-03-14,2022-03-18,11272827.5,10659267.65,76,"B-560336,B-754530,B-347279,B-940833,B-658410",,False,
W-103225,Jitendra Singh,Lok Sabha,Jammu And Kashmir,UDHAMPUR,V-234332,Road,2022-10-16,2022-11-02,32723505.41,27887132.04,93,"B-282209,B-540654,B-710660,B-450608,B-316584",,False,
W-794580,Jitendra Singh,Lok Sabha,Jammu And Kashmir,UDHAMPUR,V-267992,Sanitation,2023-03-24,2023-03-26,23269546.32,18048988.27,90,"B-868678,B-102256",,False,
W-839715,Jitendra Singh,Lok Sabha,Jammu And Kashmir,UDHAMPUR,V-706176,Sanitation,2026-01-08,2026-01-09,6654355.76,6055186.9,74,"B-738390,B-140690,B-838931",,False,
W-902184,JITIN PRASADA,Lok Sabha,Uttar Pradesh,PILIBHIT,V-269252,Sanitation,2025-09-05,2025-09-07,22881336.51,21750876.61,55,"B-219252,B-401785,B-833555,B-625810",,False,
W-245635,JITIN PRASADA,Lok Sabha,Uttar Pradesh,PILIBHIT,V-330273,Education,2023-07-28,2023-08-29,9311584.93,7496726.09,76,"B-872532,B-689595,B-450585",,False,
W-591368,JITIN PRASADA,Lok Sabha,Uttar Pradesh,PILIBHIT,V-978888,Other,2026-01-21,2026-02-02,41719874.97,35602962.88,74,"B-305674,B-868653,B-220546",,False,
W-229266,JITIN PRASADA,Lok Sabha,Uttar Pradesh,PILIBHIT,V-65495,Sanitation,2023-01-14,2023-02-09,12053040.3,11021718.5,44,"B-958411,B-26189,B-97041,B-226987,B-934332",,False,
W-525292,JITIN PRASADA,Lok Sabha,Uttar Pradesh,PILIBHIT,V-970309,Other,2023-06-18,2023-06-26,15156893.25,12488026.2,54,"B-38215,B-369860",,False,
W-660346,JITIN PRASADA,Lok Sabha,Uttar Pradesh,PILIBHIT,V-56369,Education,2022-01-14,2022-01-15,22929970.31,20260517.06,75,"B-191456,B-737531,B-856736,B-207183",,False,
W-725441,JITIN PRASADA,Lok Sabha,Uttar Pradesh,PILIBHIT,V-9762,Education,2022-11-19,2022-12-14,18832781.01,12785868.08,58,"B-456652,B-30400,B-944799,B-341506,B-223759",,False,
W-986861,JITIN PRASADA,Lok Sabha,Uttar Pradesh,PILIBHIT,V-829281,Other,2024-07-22,2024-08-25,3379518.72,2715274.12,42,"B-103990,B-119404,B-218065,B-794532,B-589979",,False,
W-812147,JOBA MAJHI,Lok Sabha,Jharkhand,SINGHBHUM(ST),V-936199,Water,2023-02-26,2023-03-19,6603330.13,5729477.23,90,"B-605061,B-589788,B-215884,B-33605",,False,
W-593944,JOBA MAJHI,Lok Sabha,Jharkhand,SINGHBHUM(ST),V-166437,Education,2022-08-17,2022-09-17,38323315.75,32564495.58,60,"B-260125,B-752650,B-64124,B-975682",,False,
W-226534,JOBA MAJHI,Lok Sabha,Jharkhand,SINGHBHUM(ST),V-204195,Sanitation,2023-04-06,2023-05-01,49358967.28,40370259.61,69,"B-690754,B-959064,B-101157",,False,
W-545293,JOBA MAJHI,Lok Sabha,Jharkhand,SINGHBHUM(ST),V-853542,Sanitation,2023-01-23,2023-02-22,18606633.5,17192798.36,78,"B-232413,B-554816,B-983818",,False,
W-623804,JOBA MAJHI,Lok Sabha,Jharkhand,SINGHBHUM(ST),V-865318,Road,2025-12-26,2026-01-06,4318835.01,3539462.14,81,"B-159363,B-565586,B-876007,B-619323,B-771427",,False,
W-821201,JOBA MAJHI,Lok Sabha,Jharkhand,SINGHBHUM(ST),V-882311,Road,2026-07-23,2026-08-14,29053918.33,25755086.01,76,"B-382056,B-78351,B-553694",,False,
W-887420,JOYANTA BASUMATARY,Lok Sabha,Assam,KOKRAJHAR (ST),V-415646,Sanitation,2025-07-24,2025-08-01,24063959.33,19813727.19,66,"B-730737,B-534979,B-825770,B-522073,B-989261",,False,
W-748158,JOYANTA BASUMATARY,Lok Sabha,Assam,KOKRAJHAR (ST),V-829769,Education,2023-12-30,2024-01-22,13278933.98,9938796.3,85,"B-435195,B-242651,B-901165",,False,
W-758997,JOYANTA BASUMATARY,Lok Sabha,Assam,KOKRAJHAR (ST),V-7527,Education,2023-12-01,2023-12-23,15079834.07,12536233.37,49,"B-692916,B-737351",,False,
W-549418,JOYANTA BASUMATARY,Lok Sabha,Assam,KOKRAJHAR (ST),V-839661,Other,2026-07-21,2026-08-20,8726169.82,7148149.97,88,"B-432239,B-385771,B-61799",,False,
W-452562,JOYANTA BASUMATARY,Lok Sabha,Assam,KOKRAJHAR (ST),V-265412,Road,2026-06-30,2026-07-06,54145762.81,41930909.73,92,"B-106974,B-653330,B-86368",,False,
W-611190,JOYANTA BASUMATARY,Lok Sabha,Assam,KOKRAJHAR (ST),V-142723,Health,2025-06-15,2025-06-24,30970339.99,25929736.59,44,"B-719469,B-445732,B-245944",,False,
W-210967,JUNE MALIAH,Lok Sabha,West Bengal,MEDINIPUR,V-27100,Other,2025-01-21,2025-02-19,37027219.57,30344810.56,70,"B-230850,B-612417,B-773339",,False,
W-274546,JUNE MALIAH,Lok Sabha,West Bengal,MEDINIPUR,V-586243,Health,2022-12-05,2023-01-06,59551611.57,50531963.89,50,"B-174870,B-656325,B-526490,B-783602",,False,
W-747822,JUNE MALIAH,Lok Sabha,West Bengal,MEDINIPUR,V-988142,Road,2024-08-27,2024-09-06,49686168.86,44338106.85,74,"B-502570,B-278485,B-71298,B-828117,B-361169",,False,
W-469519,JYOTIRADITYA M. SCINDIA,Lok Sabha,Madhya Pradesh,GUNA,V-595156,Other,2022-03-30,2022-04-08,35901408.99,27027089.97,48,"B-907771,B-525961",,False,
W-814981,JYOTIRADITYA M. SCINDIA,Lok Sabha,Madhya Pradesh,GUNA,V-246052,Education,2025-12-22,2026-01-18,1947936.01,1883144.86,56,"B-167204,B-386632,B-330170",,False,
W-425697,JYOTIRADITYA M. SCINDIA,Lok Sabha,Madhya Pradesh,GUNA,V-187925,Education,2022-03-08,2022-03-09,40834846.37,30053951.78,64,"B-456750,B-236481",,False,
W-314034,JYOTIRADITYA M. SCINDIA,Lok Sabha,Madhya Pradesh,GUNA,V-178978,Sanitation,2023-11-08,2023-12-07,12902651.25,8748020.98,42,"B-449208,B-207192,B-111979,B-686114,B-3126",,False,
W-367820,JYOTIRADITYA M. SCINDIA,Lok Sabha,Madhya Pradesh,GUNA,V-60902,Other,2026-08-23,2026-09-12,23151767.15,19004223.68,67,"B-833666,B-152975,B-585222,B-877001,B-986433",,False,
W-403090,JYOTIRADITYA M. SCINDIA,Lok Sabha,Madhya Pradesh,GUNA,V-623731,Health,2024-07-09,2024-07-09,3093205.51,2803868.33,53,"B-975300,B-623657",,False,
W-635966,JYOTIRADITYA M. SCINDIA,Lok Sabha,Madhya Pradesh,GUNA,V-982909,Road,2025-04-07,2025-05-06,28433184.72,23446804.58,93,"B-179722,B-491507",,False,
W-358158,Jyotsna Charandas Mahant,Lok Sabha,Chhattisgarh,KORBA,V-430449,Sanitation,2022-04-02,2022-04-28,25692932.03,24849867.0,43,"B-950880,B-629519,B-877057,B-708819",,False,
W-720497,Jyotsna Charandas Mahant,Lok Sabha,Chhattisgarh,KORBA,V-284328,Road,2026-06-13,2026-07-02,22876159.8,16927160.34,67,"B-86718,B-334550,B-585678,B-19467",,False,
W-780844,Jyotsna Charandas Mahant,Lok Sabha,Chhattisgarh,KORBA,V-330589,Water,2024-02-16,2024-03-06,31138751.36,33470127.8,80,"B-380781,B-417618,B-930277,B-214276,B-570618",,False,
W-537945,Jyotsna Charandas Mahant,Lok Sabha,Chhattisgarh,KORBA,V-205834,Sanitation,2025-07-31,2025-08-27,74670126.23,55753039.91,87,"B-530898,B-434919,B-973702,B-853465",,False,
W-260476,K E PRAKASH,Lok Sabha,Tamil Nadu,ERODE,V-541160,Health,2025-05-28,2025-06-05,24221383.49,18217220.22,71,"B-327544,B-547069",,False,
W-639513,K E PRAKASH,Lok Sabha,Tamil Nadu,ERODE,V-691341,Road,2025-01-05,2025-01-14,36903106.0,30717342.7,36,"B-38673,B-492338",,False,
W-922260,K E PRAKASH,Lok Sabha,Tamil Nadu,ERODE,V-526421,Health,2022-07-18,2022-07-31,13893824.35,12036917.12,93,"B-220723,B-769124,B-558400,B-448821,B-771017",,False,
W-162256,K E PRAKASH,Lok Sabha,Tamil Nadu,ERODE,V-365127,Water,2023-04-08,2023-05-02,53449485.16,45225027.88,83,"B-495150,B-52675",,False,
W-892247,K E PRAKASH,Lok Sabha,Tamil Nadu,ERODE,V-892462,Education,2023-09-22,2023-10-20,17797201.0,11787098.91,63,"B-930220,B-356428,B-331788",,False,
W-376750,K RADHAKRISHNAN,Lok Sabha,Kerala,ALATHUR(SC),V-305177,Road,2024-02-12,2024-02-19,14135918.69,11735600.7,74,"B-376981,B-356106",,False,
W-299985,K RADHAKRISHNAN,Lok Sabha,Kerala,ALATHUR(SC),V-446717,Road,2025-07-19,2025-08-02,46729982.12,35137428.21,75,"B-580870,B-874188,B-389573,B-798856,B-714441",,False,
W-881271,K RADHAKRISHNAN,Lok Sabha,Kerala,ALATHUR(SC),V-840827,Road,2025-01-13,2025-01-15,61209205.27,49836209.72,44,"B-996597,B-164427",,False,
W-413729,K RADHAKRISHNAN,Lok Sabha,Kerala,ALATHUR(SC),V-950803,Water,2026-02-14,2026-03-19,24189893.92,17644487.12,77,"B-176826,B-977600",,False,
W-447009,K Subbarayan,Lok Sabha,Tamil Nadu,TIRUPPUR,V-69983,Health,2023-04-10,2023-04-21,17784393.99,15474935.18,76,"B-55474,B-164177,B-87163",,False,
W-408118,K Subbarayan,Lok Sabha,Tamil Nadu,TIRUPPUR,V-648177,Health,2021-11-01,2021-11-02,31917654.19,24728042.53,67,"B-903926,B-341759,B-705214,B-792050,B-110342,B-DUP-012",,True,duplicate_beneficiary
W-403713,K Subbarayan,Lok Sabha,Tamil Nadu,TIRUPPUR,V-967756,Other,2024-07-19,2024-08-04,13960584.99,9572997.11,64,"B-112128,B-958706,B-743611,B-398348",,False,
W-635466,K Subbarayan,Lok Sabha,Tamil Nadu,TIRUPPUR,V-430209,Sanitation,2023-08-18,2023-09-20,14489468.39,13759516.96,94,"B-219456,B-651937,B-393502,B-306994",,False,
W-471550,K Subbarayan,Lok Sabha,Tamil Nadu,TIRUPPUR,V-905529,Road,2025-02-26,2025-03-11,7535719.36,6342239.49,92,"B-505241,B-634622,B-123054,B-937437,B-528449",,False,
W-646779,K Subbarayan,Lok Sabha,Tamil Nadu,TIRUPPUR,V-76975,Road,2023-07-28,2023-08-14,22048217.86,20289177.57,57,"B-510962,B-384891,B-436413",,False,
W-603250,K Subbarayan,Lok Sabha,Tamil Nadu,TIRUPPUR,V-715411,Road,2022-05-29,2022-06-02,38528961.22,32280612.89,68,"B-223311,B-674781",,False,
W-111071,K. C VENUGOPAL,Lok Sabha,Kerala,ALAPPUZHA,V-89010,Road,2024-08-21,2024-09-05,2369879.75,2122156.93,85,"B-478016,B-625862,B-993699,B-857407",,False,
W-759500,K. C VENUGOPAL,Lok Sabha,Kerala,ALAPPUZHA,V-270776,Other,2024-09-07,2024-09-23,25933725.56,24501761.59,94,"B-31204,B-933290,B-388634,B-131083",,False,
W-835269,K. C VENUGOPAL,Lok Sabha,Kerala,ALAPPUZHA,V-479722,Road,2023-09-26,2023-10-18,37585249.62,34832139.65,88,"B-198430,B-870141",,False,
W-331243,K. C VENUGOPAL,Lok Sabha,Kerala,ALAPPUZHA,V-844484,Other,2024-11-30,2024-12-27,46344706.5,31910244.61,44,"B-753987,B-403231,B-297320,B-950029",,False,
W-868244,K. C VENUGOPAL,Lok Sabha,Kerala,ALAPPUZHA,V-392990,Other,2022-11-03,2022-11-10,11129698.94,8588178.44,45,"B-136330,B-48498",,False,
W-524753,K. C VENUGOPAL,Lok Sabha,Kerala,ALAPPUZHA,V-371691,Education,2022-04-23,2022-05-02,22901739.62,15042075.91,42,"B-713487,B-35382,B-748358,B-927636,B-737637",,False,
W-956255,K. RAJASHEKAR BASAVARAJ HITNAL,Lok Sabha,Karnataka,KOPPAL,V-931306,Sanitation,2021-12-15,2022-02-10,13046454.02,8599298.54,54,"B-657618,B-168678",,False,
W-620695,K. RAJASHEKAR BASAVARAJ HITNAL,Lok Sabha,Karnataka,KOPPAL,V-572190,Other,2026-07-14,2026-07-18,19183933.63,16081112.41,49,"B-340441,B-551509,B-852303,B-184190,B-793214",,False,
W-636669,K. RAJASHEKAR BASAVARAJ HITNAL,Lok Sabha,Karnataka,KOPPAL,V-220078,Road,2025-02-13,2025-03-16,17440568.36,14991692.06,88,"B-926831,B-422034,B-725648",,False,
W-511016,K. RAJASHEKAR BASAVARAJ HITNAL,Lok Sabha,Karnataka,KOPPAL,V-413941,Water,2025-09-13,2025-09-18,13298008.95,10405267.16,85,"B-281259,B-805351,B-371897",,False,
W-478000,K. RAJASHEKAR BASAVARAJ HITNAL,Lok Sabha,Karnataka,KOPPAL,V-289103,Other,2025-10-22,2025-11-21,11308375.55,9166765.92,83,B-DUP-009,,True,duplicate_beneficiary
W-132819,K. RAJASHEKAR BASAVARAJ HITNAL,Lok Sabha,Karnataka,KOPPAL,V-408351,Road,2024-11-09,2024-11-19,37658650.14,26174085.71,55,"B-733376,B-822455,B-170933,B-13211,B-984265",,False,
W-835108,K. RAJASHEKAR BASAVARAJ HITNAL,Lok Sabha,Karnataka,KOPPAL,V-39849,Road,2025-03-31,2025-04-01,13309964.97,8707901.66,36,"B-260353,B-938422",,False,
W-163577,K. RAJASHEKAR BASAVARAJ HITNAL,Lok Sabha,Karnataka,KOPPAL,V-697588,Road,2025-05-25,2025-06-22,21019044.38,17293293.48,78,"B-577079,B-565681,B-441169,B-908785",,False,
W-242860,KADIYAM KAVYA,Lok Sabha,Telangana,WARANGEL(SC),V-597634,Education,2023-11-22,2023-12-15,13029811.5,8970225.23,39,"B-438911,B-653903",,False,
W-824175,KADIYAM KAVYA,Lok Sabha,Telangana,WARANGEL(SC),V-759956,Health,2023-05-25,2023-05-29,60783288.69,59015256.05,72,"B-570424,B-148555,B-970033,B-737519",,False,
W-938564,KADIYAM KAVYA,Lok Sabha,Telangana,WARANGEL(SC),V-909092,Education,2025-05-14,2025-05-29,55066014.37,45560923.9,38,"B-794028,B-609335",,False,
W-208892,KADIYAM KAVYA,Lok Sabha,Telangana,WARANGEL(SC),V-444652,Health,2024-04-02,2024-04-15,9259905.87,9130083.67,43,"B-229392,B-757793,B-126899,B-924868",,False,
W-718800,KADIYAM KAVYA,Lok Sabha,Telangana,WARANGEL(SC),V-410362,Water,2024-12-19,2025-01-07,1877825.93,1738121.87,86,"B-550051,B-946610,B-320570,B-832610",,False,
W-771265,KADIYAM KAVYA,Lok Sabha,Telangana,WARANGEL(SC),V-259696,Education,2022-07-21,2022-08-20,6248153.64,6081486.51,93,"B-935169,B-873684",,False,
W-176285,Kakoli Ghosh Dastidar,Lok Sabha,West Bengal,BARASAT,V-152274,Health,2025-09-23,2025-10-07,97855479.39,88234464.02,63,"B-880122,B-320372,B-243545",,True,duplicate_beneficiary
W-829767,Kakoli Ghosh Dastidar,Lok Sabha,West Bengal,BARASAT,V-283308,Sanitation,2022-12-19,2022-12-23,15512910.22,14502089.07,63,"B-691309,B-880108",,False,
W-320925,Kakoli Ghosh Dastidar,Lok Sabha,West Bengal,BARASAT,V-368641,Water,2026-06-15,2026-06-16,32896610.39,25338510.66,43,"B-837364,B-976630,B-719767,B-538089",,False,
W-657404,Kalaben Mohanbhai Delkar,Lok Sabha,The Dadra And Nagar Haveli And Daman And Diu,DADRA & NAGAR HAVELI (ST),V-384852,Education,2022-12-02,2022-12-12,33504413.24,25417584.07,51,"B-849637,B-479374,B-17845,B-951992,B-627291",,False,
W-451295,Kalaben Mohanbhai Delkar,Lok Sabha,The Dadra And Nagar Haveli And Daman And Diu,DADRA & NAGAR HAVELI (ST),V-417066,Water,2026-06-02,2026-06-11,53081441.74,37840247.52,93,"B-157674,B-335492,B-938133,B-357787,B-407202",,False,
W-978765,Kalaben Mohanbhai Delkar,Lok Sabha,The Dadra And Nagar Haveli And Daman And Diu,DADRA & NAGAR HAVELI (ST),V-134641,Water,2022-03-01,2022-03-06,4677892.82,4331821.21,62,"B-300532,B-607224,B-363329,B-320377,B-98152",,False,
W-134753,Kalaben Mohanbhai Delkar,Lok Sabha,The Dadra And Nagar Haveli And Daman And Diu,DADRA & NAGAR HAVELI (ST),V-271239,Road,2023-11-13,2023-12-10,55001252.2,47370186.62,40,"B-410896,B-570378,B-330599",,False,
W-238393,Kalanidhi Veeraswamy,Lok Sabha,Tamil Nadu,CHENNAI NORTH,V-292326,Water,2024-05-04,2024-06-05,32537727.2,28551242.74,35,"B-166411,B-538067,B-279559,B-584222",,False,
W-225679,Kalanidhi Veeraswamy,Lok Sabha,Tamil Nadu,CHENNAI NORTH,V-943753,Other,2025-12-08,2025-12-19,49788379.38,41736480.43,52,"B-811767,B-122135,B-596800,B-860205,B-149188",,False,
W-904410,Kalanidhi Veeraswamy,Lok Sabha,Tamil Nadu,CHENNAI NORTH,V-490273,Other,2023-04-30,2023-05-22,11729921.27,9956580.74,79,"B-752455,B-292039,B-265873",,False,
W-313157,Kalanidhi Veeraswamy,Lok Sabha,Tamil Nadu,CHENNAI NORTH,V-213816,Other,2026-05-17,2026-05-29,23880044.03,21026869.45,75,"B-670432,B-747110,B-626230,B-645966,B-610226",,False,
W-802395,Kalanidhi Veeraswamy,Lok Sabha,Tamil Nadu,CHENNAI NORTH,V-641148,Education,2025-12-11,2025-12-25,5973171.81,4655655.67,82,"B-526877,B-536651,B-661681",,False,
W-157492,Kalanidhi Veeraswamy,Lok Sabha,Tamil Nadu,CHENNAI NORTH,V-62731,Sanitation,2024-04-13,2024-04-27,46733256.31,45654006.68,67,"B-661989,B-155723,B-727726,B-241696",,False,
W-445733,KALI CHARAN MUNDA,Lok Sabha,Jharkhand,KHUNTI(ST),V-133221,Education,2025-03-28,2025-03-29,43206612.09,30024441.64,86,"B-446749,B-208711,B-415318,B-818596,B-972870",,False,
W-461085,KALI CHARAN MUNDA,Lok Sabha,Jharkhand,KHUNTI(ST),V-92666,Water,2022-11-16,2022-12-04,13502878.59,8973579.66,64,"B-629011,B-964427",,False,
W-745151,KALI CHARAN MUNDA,Lok Sabha,Jharkhand,KHUNTI(ST),V-612818,Education,2026-03-05,2026-03-21,13489332.1,13443228.79,83,"B-776014,B-312456,B-197130,B-592146,B-350253",,False,
W-841862,KALI CHARAN MUNDA,Lok Sabha,Jharkhand,KHUNTI(ST),V-935232,Education,2024-12-25,2025-01-27,8742375.91,7142115.51,95,"B-197686,B-602064,B-356140",,False,
W-495468,KALI CHARAN MUNDA,Lok Sabha,Jharkhand,KHUNTI(ST),V-803161,Education,2023-05-26,2023-06-05,62179034.98,44233011.58,69,"B-460331,B-942133,B-244625",,False,
W-666235,KALI CHARAN MUNDA,Lok Sabha,Jharkhand,KHUNTI(ST),V-316270,Road,2026-01-19,2026-02-21,5144766.33,4016020.27,40,"B-480961,B-166903",,True,sanction_delay
W-865512,KALI CHARAN SINGH,Lok Sabha,Jharkhand,CHATRA,V-43228,Health,2022-05-19,2022-06-06,16978630.9,14933619.99,57,"B-955968,B-664035",,False,
W-590199,KALI CHARAN SINGH,Lok Sabha,Jharkhand,CHATRA,V-454920,Health,2024-10-05,2024-04-03,28877695.41,23007903.58,47,"B-354985,B-171878",,True,delayed_completion
W-938860,KALI CHARAN SINGH,Lok Sabha,Jharkhand,CHATRA,V-325751,Water,2026-06-03,2026-06-22,27531982.22,19221695.03,69,"B-183579,B-686067,B-953472,B-438994",,False,
W-240030,KALI CHARAN SINGH,Lok Sabha,Jharkhand,CHATRA,V-695511,Health,2025-12-15,2025-12-18,72876691.47,59046808.48,44,"B-156713,B-280545,B-814890",,False,
W-570989,KALIPADA SAREN,Lok Sabha,West Bengal,JHARGRAM(ST),V-485559,Education,2025-03-09,2025-03-26,15159727.48,13055920.85,69,"B-539800,B-174230",,False,
W-335797,KALIPADA SAREN,Lok Sabha,West Bengal,JHARGRAM(ST),V-418959,Water,2025-11-16,2025-11-30,21830370.21,19893079.59,37,"B-628263,B-25214",,False,
W-595239,KALIPADA SAREN,Lok Sabha,West Bengal,JHARGRAM(ST),V-18715,Water,2025-01-29,2025-02-15,16479099.84,15809975.32,40,"B-864699,B-839120,B-402698,B-591174",,False,
W-440235,KALIPADA SAREN,Lok Sabha,West Bengal,JHARGRAM(ST),V-911079,Other,2023-11-20,2023-12-02,92795802.47,71912134.96,72,"B-583035,B-364258",,False,
W-324895,Kalyan Banerjee,Lok Sabha,West Bengal,SREERAMPUR,V-56810,Education,2022-11-12,2022-12-11,7534480.81,5082970.05,44,"B-637510,B-780253,B-48583,B-803435,B-111260",,False,
W-567679,Kalyan Banerjee,Lok Sabha,West Bengal,SREERAMPUR,V-855265,Education,2022-01-12,2022-01-13,40079314.77,26422813.46,84,"B-496386,B-388284,B-386638",,False,
W-768861,Kalyan Banerjee,Lok Sabha,West Bengal,SREERAMPUR,V-437847,Road,2024-08-30,2024-09-06,15285758.52,12930638.5,84,"B-926826,B-566915",,False,
W-204236,Kalyan Banerjee,Lok Sabha,West Bengal,SREERAMPUR,V-DUP-003,Road,2021-10-22,2021-10-23,56926483.08,50662236.17,75,"B-58786,B-539068",,False,
W-433837,Kalyan Banerjee,Lok Sabha,West Bengal,SREERAMPUR,V-446804,Health,2023-06-23,2023-07-15,7450404.91,6686547.03,60,"B-537760,B-380171",,False,
W-758399,Kalyan Banerjee,Lok Sabha,West Bengal,SREERAMPUR,V-809921,Education,2023-07-30,2023-08-25,11404965.04,8423467.7,81,"B-400723,B-587729,B-569235",,False,
W-433407,Kalyan Banerjee,Lok Sabha,West Bengal,SREERAMPUR,V-80921,Education,2021-11-19,2021-11-22,7583592.87,7028078.73,46,"B-226049,B-547779,B-761629,B-336354",,False,
W-915026,KALYAN VAIJINATHRAO KALE,Lok Sabha,Maharashtra,JALNA,V-296410,Health,2025-08-19,2025-09-20,5777337.94,4749496.06,65,"B-723490,B-193177,B-143546,B-31518",,False,
W-135258,KALYAN VAIJINATHRAO KALE,Lok Sabha,Maharashtra,JALNA,V-73273,Road,2023-02-18,2023-03-01,12896869.16,8761180.66,79,"B-643364,B-86987",,False,
W-163250,KALYAN VAIJINATHRAO KALE,Lok Sabha,Maharashtra,JALNA,V-322354,Sanitation,2022-02-06,2022-02-21,41152564.06,31494091.03,86,"B-8185,B-942183",,False,
W-691671,KALYAN VAIJINATHRAO KALE,Lok Sabha,Maharashtra,JALNA,V-852133,Sanitation,2024-02-15,2024-03-16,47807364.19,44420842.08,44,"B-542750,B-948513",,False,
W-459486,KALYAN VAIJINATHRAO KALE,Lok Sabha,Maharashtra,JALNA,V-853921,Other,2024-08-12,2024-09-12,27254924.28,23938371.38,44,"B-601293,B-209315",,False,
W-741245,KALYAN VAIJINATHRAO KALE,Lok Sabha,Maharashtra,JALNA,V-855796,Health,2023-10-09,2023-10-11,9491795.61,8382599.63,67,"B-469755,B-885665,B-93555,B-788828,B-125279",,False,
W-155345,KALYAN VAIJINATHRAO KALE,Lok Sabha,Maharashtra,JALNA,V-507768,Education,2023-07-31,2023-08-22,1884144.76,1368260.91,71,"B-682261,B-203679",,False,
W-702249,KAMAKHYA PRASAD TASA,Lok Sabha,Assam,Kaziranga,V-728772,Water,2023-08-29,2023-09-15,79410037.79,81587937.55,86,"B-976240,B-907624,B-163384,B-503584",,False,
W-591840,KAMAKHYA PRASAD TASA,Lok Sabha,Assam,Kaziranga,V-983039,Other,2021-12-26,2022-01-08,3796472.96,3003199.57,69,"B-907404,B-55977,B-93102",,False,
W-884840,KAMAKHYA PRASAD TASA,Lok Sabha,Assam,Kaziranga,V-602999,Education,2023-05-08,2023-07-20,7801132.01,6908347.38,63,"B-559327,B-491692,B-491365,B-855977,B-812627",,False,
W-699853,KAMAKHYA PRASAD TASA,Lok Sabha,Assam,Kaziranga,V-392233,Other,2023-05-25,2023-06-25,26698010.84,25113883.55,55,"B-807498,B-832173,B-865867",,False,
W-864505,KAMAKHYA PRASAD TASA,Lok Sabha,Assam,Kaziranga,V-378518,Education,2021-11-23,2021-12-02,28559346.39,24575741.31,93,"B-632514,B-667088,B-939281,B-419350,B-281875",,False,
W-937779,Kamaljeet Sehrawat,Lok Sabha,Delhi,WEST DELHI,V-240957,Sanitation,2025-05-29,2025-06-17,25917992.66,22315503.3,56,"B-814312,B-845324,B-70723,B-545645,B-511413",,False,
W-256540,Kamaljeet Sehrawat,Lok Sabha,Delhi,WEST DELHI,V-511349,Health,2025-08-13,2025-08-28,27637673.04,25892038.3,42,"B-990485,B-619102,B-980067,B-928230,B-878377",,False,
W-342982,Kamaljeet Sehrawat,Lok Sabha,Delhi,WEST DELHI,V-803773,Education,2026-02-10,2026-03-03,45431137.58,32613656.58,61,"B-329530,B-606779,B-328086",,False,
W-890697,Kamaljeet Sehrawat,Lok Sabha,Delhi,WEST DELHI,V-240015,Health,2024-03-25,2024-03-29,13282651.21,12496113.12,77,"B-240341,B-473893,B-459010",,False,
W-613565,Kamaljeet Sehrawat,Lok Sabha,Delhi,WEST DELHI,V-644649,Road,2025-09-28,2025-10-08,33995545.51,29992905.05,94,"B-571447,B-170424,B-258528,B-587576,B-594147",,False,
W-292460,KAMLESH JANGDE,Lok Sabha,Chhattisgarh,JANJGIR CHAMPA(SC),V-631417,Education,2026-05-06,2026-06-01,35483077.85,25093556.11,46,"B-533390,B-138451,B-253543,B-900810,B-91966",,False,
W-714709,KAMLESH JANGDE,Lok Sabha,Chhattisgarh,JANJGIR CHAMPA(SC),V-561146,Health,2023-04-26,2023-05-05,20856633.91,14440399.04,91,"B-163138,B-190511,B-951563,B-460871,B-475616",,False,
W-820534,KAMLESH JANGDE,Lok Sabha,Chhattisgarh,JANJGIR CHAMPA(SC),V-984701,Education,2023-04-06,2023-04-13,38805251.39,52752176.93,93,"B-514986,B-413136,B-174184,B-235028",,True,cost_overrun
W-869157,KAMLESH JANGDE,Lok Sabha,Chhattisgarh,JANJGIR CHAMPA(SC),V-744879,Other,2025-09-17,2025-09-28,54487497.05,37814608.34,58,"B-361376,B-677877,B-760206,B-723069",,False,
W-293807,Kamlesh Paswan,Lok Sabha,Uttar Pradesh,BANSGAON(SC),V-830599,Sanitation,2024-05-15,2024-05-18,67835772.48,55837609.99,35,"B-730444,B-513541",,False,
W-109641,Kamlesh Paswan,Lok Sabha,Uttar Pradesh,BANSGAON(SC),V-488772,Water,2022-11-07,2022-11-11,25168676.98,24351464.44,79,"B-512286,B-524606",,False,
W-700236,Kamlesh Paswan,Lok Sabha,Uttar Pradesh,BANSGAON(SC),V-452926,Water,2022-10-19,2022-11-03,53260550.53,38342556.46,74,"B-652120,B-349050,B-319521",,False,
W-613628,Kangana Ranaut,Lok Sabha,Himachal Pradesh,MANDI,V-963442,Water,2022-08-30,2022-09-06,30034195.24,28224624.76,72,"B-55520,B-993045,B-563677,B-964230",,False,
W-686808,Kangana Ranaut,Lok Sabha,Himachal Pradesh,MANDI,V-207281,Road,2024-07-31,2024-08-11,72826034.49,60021812.56,77,"B-101117,B-797398,B-258020,B-220369",,False,
W-690111,Kangana Ranaut,Lok Sabha,Himachal Pradesh,MANDI,V-704377,Education,2023-11-09,2023-12-06,43404770.27,29361095.18,90,"B-661312,B-558314",,False,
W-321619,Kani K Navas,Lok Sabha,Tamil Nadu,RAMANATHAPURAM,V-235556,Road,2023-11-18,2023-12-10,39199807.47,32037193.97,58,"B-714219,B-259192,B-629300,B-202115,B-780213",,False,
W-972341,Kani K Navas,Lok Sabha,Tamil Nadu,RAMANATHAPURAM,V-589549,Water,2022-03-09,2022-04-08,27166839.29,28798989.22,87,"B-466687,B-642537,B-664580,B-375420",,False,
W-705768,Kani K Navas,Lok Sabha,Tamil Nadu,RAMANATHAPURAM,V-752301,Education,2023-01-15,2023-02-08,37739602.66,34966998.61,90,"B-917869,B-99370,B-401057,B-566147,B-759092",,False,
W-690176,Kani K Navas,Lok Sabha,Tamil Nadu,RAMANATHAPURAM,V-539891,Sanitation,2024-12-07,2025-07-03,42158750.58,29533495.97,70,"B-856958,B-346509",,True,sanction_delay
W-344627,Kanimozhi Karunanidhi,Lok Sabha,Tamil Nadu,THOOTHUKKUDI,V-564456,Road,2023-09-29,2023-10-24,42906249.72,38014548.0,77,"B-926682,B-157434,B-425990",,False,
W-974233,Kanimozhi Karunanidhi,Lok Sabha,Tamil Nadu,THOOTHUKKUDI,V-699128,Road,2022-09-26,2022-10-15,20149668.59,18784585.98,56,"B-748504,B-306671",,False,
W-753852,Kanimozhi Karunanidhi,Lok Sabha,Tamil Nadu,THOOTHUKKUDI,V-73659,Other,2022-10-16,2022-11-10,12303012.43,11870057.32,82,"B-728720,B-267619,B-510748,B-938581,B-368084",,False,
W-829440,Kanimozhi Karunanidhi,Lok Sabha,Tamil Nadu,THOOTHUKKUDI,V-853357,Sanitation,2025-05-14,2025-05-28,20586864.52,17506628.04,81,"B-241587,B-299383,B-407484,B-195595,B-474405",,False,
W-859973,Kanimozhi Karunanidhi,Lok Sabha,Tamil Nadu,THOOTHUKKUDI,V-753948,Sanitation,2023-11-30,2023-12-19,7054392.76,4853133.76,35,"B-709399,B-44258",,False,
W-986819,Kanimozhi Karunanidhi,Lok Sabha,Tamil Nadu,THOOTHUKKUDI,V-515218,Other,2025-11-03,2025-11-30,6330897.52,5000126.07,64,"B-79195,B-253799",,False,
W-180371,Kanimozhi Karunanidhi,Lok Sabha,Tamil Nadu,THOOTHUKKUDI,V-281757,Education,2023-04-08,2023-04-20,36933914.46,33238050.14,41,"B-220865,B-454440,B-595144",,False,
W-881456,KANWAR SINGH TANWAR,Lok Sabha,Uttar Pradesh,AMROHA,V-916143,Other,2022-09-27,2022-12-19,25430500.9,24207242.31,78,"B-135151,B-191429",,False,
W-607391,KANWAR SINGH TANWAR,Lok Sabha,Uttar Pradesh,AMROHA,V-623533,Water,2022-08-18,2022-11-02,10830572.16,10176000.9,56,"B-796637,B-239589,B-126036,B-816511,B-144512",,True,delayed_completion
W-544569,KANWAR SINGH TANWAR,Lok Sabha,Uttar Pradesh,AMROHA,V-366419,Sanitation,2025-05-05,2025-05-11,8818525.96,8475670.07,37,"B-361016,B-939115,B-396692",,False,
W-867397,KANWAR SINGH TANWAR,Lok Sabha,Uttar Pradesh,AMROHA,V-993889,Road,2024-02-22,2024-03-16,58891458.36,49460974.48,70,"B-674778,B-303473,B-360656,B-335848,B-461586",,False,
W-129410,KANWAR SINGH TANWAR,Lok Sabha,Uttar Pradesh,AMROHA,V-196978,Sanitation,2022-06-11,2022-06-11,9333386.24,6619165.0,44,"B-793338,B-633861",,False,
W-640422,KANWAR SINGH TANWAR,Lok Sabha,Uttar Pradesh,AMROHA,V-637190,Sanitation,2022-07-01,2022-07-08,15673960.23,12616235.35,44,"B-331523,B-471782,B-371809,B-873409",,False,
W-185429,KANWAR SINGH TANWAR,Lok Sabha,Uttar Pradesh,AMROHA,V-534975,Sanitation,2024-08-17,2024-09-17,14856291.81,10689092.77,74,"B-987580,B-978068,B-969933",,False,
W-568907,KANWAR SINGH TANWAR,Lok Sabha,Uttar Pradesh,AMROHA,V-843019,Water,2023-05-15,2022-03-05,2430304.34,1939531.85,68,"B-338103,B-173045,B-284054",,True,delayed_completion
W-788575,KARAN BHUSHAN SINGH,Lok Sabha,Uttar Pradesh,KAISERGANJ,V-1782,Water,2021-11-26,2021-12-05,15516927.15,15167586.01,53,"B-427352,B-253454,B-669583,B-19031",,False,
W-751696,KARAN BHUSHAN SINGH,Lok Sabha,Uttar Pradesh,KAISERGANJ,V-560565,Sanitation,2025-01-12,2025-04-03,98635820.98,78717955.98,54,"B-310951,B-68098",,False,
W-396415,KARAN BHUSHAN SINGH,Lok Sabha,Uttar Pradesh,KAISERGANJ,V-37204,Education,2026-07-23,2026-07-27,32112251.87,27094121.21,37,"B-982872,B-836171,B-947406,B-376783",,False,
W-386676,KARTICK CHANDRA PAUL,Lok Sabha,West Bengal,RAIGANJ,V-940460,Sanitation,2025-08-07,2025-08-22,23217561.75,16199198.62,87,"B-822433,B-759958,B-871051,B-440154",,False,
W-939295,KARTICK CHANDRA PAUL,Lok Sabha,West Bengal,RAIGANJ,V-724621,Other,2024-03-16,2024-04-08,33631798.95,26882830.91,49,"B-293732,B-444005,B-689221",,False,
W-695350,KARTICK CHANDRA PAUL,Lok Sabha,West Bengal,RAIGANJ,V-141829,Education,2023-12-05,2023-12-08,19999218.37,19231692.65,42,"B-624898,B-598833,B-661440,B-896348",,False,
W-187120,KARTICK CHANDRA PAUL,Lok Sabha,West Bengal,RAIGANJ,V-357551,Education,2023-05-15,2023-06-16,9856174.59,8277593.24,77,"B-24746,B-556255,B-198375,B-681432,B-943512",,False,
W-836864,KARTICK CHANDRA PAUL,Lok Sabha,West Bengal,RAIGANJ,V-443147,Health,2023-03-28,2023-04-18,7525752.6,7122770.83,72,"B-596362,B-176019,B-622063",,False,
W-746385,KARTICK CHANDRA PAUL,Lok Sabha,West Bengal,RAIGANJ,V-7591,Sanitation,2022-03-20,2022-03-21,73916935.67,63783764.0,67,"B-622432,B-148664,B-493052",,False,
W-816773,KARTICK CHANDRA PAUL,Lok Sabha,West Bengal,RAIGANJ,V-361730,Health,2023-08-02,2023-08-14,5280134.59,4520704.04,61,"B-13954,B-133454",,False,
W-589727,KARTICK CHANDRA PAUL,Lok Sabha,West Bengal,RAIGANJ,V-336597,Education,2024-06-07,2025-01-12,28237020.11,27382599.49,61,"B-236848,B-764803",,False,
W-952986,Kaushalendra Kumar,Lok Sabha,Bihar,NALANDA,V-838833,Health,2024-10-28,2024-10-28,2694220.12,1852951.33,95,"B-720190,B-339614,B-399600",,False,
W-177173,Kaushalendra Kumar,Lok Sabha,Bihar,NALANDA,V-36101,Education,2021-11-02,2021-11-07,28410200.05,25330889.57,39,"B-177669,B-33498,B-DUP-014",,True,duplicate_beneficiary
W-366169,Kaushalendra Kumar,Lok Sabha,Bihar,NALANDA,V-800173,Health,2025-02-10,2025-03-12,37821995.52,27344084.37,68,"B-889405,B-312080",,False,
W-969893,Kaushalendra Kumar,Lok Sabha,Bihar,NALANDA,V-669638,Water,2023-11-23,2023-11-23,11434155.12,10130863.27,60,"B-937146,B-198801,B-977289",,False,
W-842246,Kaushalendra Kumar,Lok Sabha,Bihar,NALANDA,V-628406,Education,2022-11-01,2020-10-07,11322220.63,7776478.11,17,"B-424613,B-144189,B-208029,B-591959,B-659599",,True,delayed_completion
W-281796,Kaushalendra Kumar,Lok Sabha,Bihar,NALANDA,V-757306,Sanitation,2023-10-14,2023-10-18,22523407.69,17701946.94,46,"B-337627,B-919617,B-835331,B-449558,B-433540",,False,
W-630994,Kaushalendra Kumar,Lok Sabha,Bihar,NALANDA,V-153403,Other,2022-03-20,2022-03-28,26554193.46,19599668.49,70,"B-797253,B-984881,B-474723,B-809949,B-184885",,False,
W-305866,Kaushalendra Kumar,Lok Sabha,Bihar,NALANDA,V-111849,Education,2025-01-10,2025-01-19,5504607.4,3583210.61,35,"B-322113,B-242405,B-196062",,False,
W-124152,Khagen Murmu,Lok Sabha,West Bengal,MALDAHA UTTAR,V-829354,Road,2022-02-18,2022-03-22,21844531.22,19921803.68,77,"B-109669,B-607961",,False,
W-794244,Khagen Murmu,Lok Sabha,West Bengal,MALDAHA UTTAR,V-11793,Education,2021-12-07,2021-12-29,33285384.58,30623346.94,36,"B-411250,B-203810,B-913213,B-851075",,False,
W-863692,Khagen Murmu,Lok Sabha,West Bengal,MALDAHA UTTAR,V-762493,Water,2024-11-12,2024-12-08,34661660.27,29716004.0,55,"B-528050,B-906349",,False,
W-850802,Khagen Murmu,Lok Sabha,West Bengal,MALDAHA UTTAR,V-76872,Road,2023-11-01,2023-11-01,30337957.34,19977006.25,39,"B-429923,B-108126,B-983327,B-342935,B-305714",,False,
W-382868,Khagen Murmu,Lok Sabha,West Bengal,MALDAHA UTTAR,V-998558,Other,2024-08-27,2024-09-02,6077913.59,5275734.81,53,"B-158089,B-439097,B-764301,B-247745",,False,
W-182382,Khagen Murmu,Lok Sabha,West Bengal,MALDAHA UTTAR,V-194514,Other,2022-07-10,2022-08-01,20057553.0,16513007.96,75,"B-589342,B-454007,B-638337",,False,
W-365146,Khalilur Rahaman,Lok Sabha,West Bengal,JANGIPUR,V-887658,Other,2022-08-06,2022-08-22,27811470.63,19842196.96,89,"B-205696,B-484571,B-577395,B-397796,B-991988",,False,
W-131337,Khalilur Rahaman,Lok Sabha,West Bengal,JANGIPUR,V-881010,Road,2025-01-18,2025-01-30,15048665.2,11374149.64,73,"B-970604,B-980676,B-532941,B-972300",,False,
W-697302,Khalilur Rahaman,Lok Sabha,West Bengal,JANGIPUR,V-851465,Education,2022-08-30,2022-09-14,20392972.64,17852155.72,37,"B-184768,B-12469",,False,
W-382611,Khalilur Rahaman,Lok Sabha,West Bengal,JANGIPUR,V-805399,Education,2022-02-22,2022-03-09,27501040.7,25968176.63,74,"B-839447,B-802751",,False,
W-934412,Khalilur Rahaman,Lok Sabha,West Bengal,JANGIPUR,V-752564,Road,2022-03-20,2022-04-05,4128408.32,3583357.48,43,"B-247225,B-670329,B-193862,B-211318,B-933404",,False,
W-637585,Khalilur Rahaman,Lok Sabha,West Bengal,JANGIPUR,V-452588,Education,2022-04-10,2022-04-30,51382442.51,47378712.8,68,"B-151814,B-517841",,False,
W-815355,Kinjarapu Ram Mohan Naidu,Lok Sabha,Andhra Pradesh,SRIKAKULAM,V-806454,Education,2026-07-28,2026-08-09,34733025.99,25779379.52,62,"B-331787,B-20479,B-898919,B-360337",,False,
W-804739,Kinjarapu Ram Mohan Naidu,Lok Sabha,Andhra Pradesh,SRIKAKULAM,V-615646,Education,2022-07-13,2022-07-29,52651265.82,46764360.15,42,"B-863270,B-530717,B-552091,B-120797",,False,
W-700221,Kinjarapu Ram Mohan Naidu,Lok Sabha,Andhra Pradesh,SRIKAKULAM,V-469861,Health,2025-05-31,2025-07-02,52860185.12,45226742.99,49,"B-616336,B-584345,B-628126",,False,
W-996923,Kinjarapu Ram Mohan Naidu,Lok Sabha,Andhra Pradesh,SRIKAKULAM,V-283609,Other,2023-01-30,2023-02-01,30100150.03,24119251.83,42,"B-316895,B-96702,B-227901,B-356852,B-28907",,False,
W-335034,Kiren Rijiju,Lok Sabha,Arunachal Pradesh,ARUNACHAL WEST,V-242438,Health,2023-05-04,2023-05-29,27970593.92,25939655.33,67,"B-234234,B-213118,B-256388,B-236034",,False,
W-758443,Kiren Rijiju,Lok Sabha,Arunachal Pradesh,ARUNACHAL WEST,V-86645,Education,2024-07-27,2024-08-11,7960038.28,6207850.39,36,"B-260436,B-610836,B-424247",,False,
W-742485,Kiren Rijiju,Lok Sabha,Arunachal Pradesh,ARUNACHAL WEST,V-31952,Education,2023-09-12,2023-09-26,53792761.91,37260742.84,54,"B-841056,B-566002,B-102468",,False,
W-658721,Kiren Rijiju,Lok Sabha,Arunachal Pradesh,ARUNACHAL WEST,V-927715,Road,2023-05-18,2023-05-31,23783612.69,15730687.14,50,"B-22094,B-115301,B-62007",,False,
W-503218,Kiren Rijiju,Lok Sabha,Arunachal Pradesh,ARUNACHAL WEST,V-620764,Road,2023-07-17,2023-08-12,32757993.2,27540366.82,75,"B-519185,B-819069,B-36495,B-304087,B-973006",,False,
W-278661,Kirti Vardhan Singh,Lok Sabha,Uttar Pradesh,GONDA,V-294478,Health,2025-11-14,2025-12-17,36929669.25,25203582.15,40,"B-938346,B-343939,B-338928",,False,
W-442317,Kirti Vardhan Singh,Lok Sabha,Uttar Pradesh,GONDA,V-315136,Health,2023-06-19,2023-06-22,35018209.18,28025173.98,67,"B-862050,B-797057",,False,
W-222851,Kirti Vardhan Singh,Lok Sabha,Uttar Pradesh,GONDA,V-517717,Sanitation,2026-07-13,2026-07-19,12067426.6,8922951.47,36,"B-383074,B-66590",,False,
W-201607,Kirti Vardhan Singh,Lok Sabha,Uttar Pradesh,GONDA,V-290211,Sanitation,2025-12-24,2026-01-13,9069507.07,7207093.56,90,"B-599249,B-37517,B-466800,B-333779,B-498785",,False,
W-301704,Kirti Vardhan Singh,Lok Sabha,Uttar Pradesh,GONDA,V-525107,Road,2024-07-21,2024-08-02,41951330.4,39522610.27,83,"B-402481,B-816983,B-881318",,False,
W-174506,Kirti Vardhan Singh,Lok Sabha,Uttar Pradesh,GONDA,V-502517,Education,2022-05-05,2022-06-05,11228857.5,7461695.4,49,"B-675713,B-653558,B-645969",,False,
W-209808,Kishan Reddy Gangapuram,Lok Sabha,Telangana,SECUNDERABAD,V-875179,Road,2026-05-19,2026-06-06,12927265.37,11960547.3,85,"B-116563,B-359707,B-400413",,False,
W-924246,Kishan Reddy Gangapuram,Lok Sabha,Telangana,SECUNDERABAD,V-652775,Road,2025-03-14,2025-04-02,17663477.81,13550024.28,65,"B-181727,B-715631,B-564533,B-686794",,False,
W-355511,Kishan Reddy Gangapuram,Lok Sabha,Telangana,SECUNDERABAD,V-187880,Water,2022-08-23,2022-09-05,8969847.33,6967487.21,70,"B-818508,B-522811,B-711833,B-240645",,False,
W-376405,Kishan Reddy Gangapuram,Lok Sabha,Telangana,SECUNDERABAD,V-13463,Water,2024-08-23,2024-08-25,38664213.74,33493537.2,40,"B-993646,B-407299,B-186189,B-167740",,False,
W-166405,Kishan Reddy Gangapuram,Lok Sabha,Telangana,SECUNDERABAD,V-135443,Road,2024-02-07,2024-02-22,33161993.58,45544061.77,75,"B-151478,B-107130,B-180960,B-812387,B-560333",,True,cost_overrun
W-816022,Kishan Reddy Gangapuram,Lok Sabha,Telangana,SECUNDERABAD,V-295832,Water,2025-01-02,2025-01-31,34878202.16,26984742.88,83,"B-928259,B-664098,B-120170",,False,
W-559051,KISHORI LAL,Lok Sabha,Uttar Pradesh,AMETHI,V-820726,Sanitation,2023-01-10,2023-02-12,36080180.28,28301045.9,44,"B-629791,B-672051,B-841772",,False,
W-164486,KISHORI LAL,Lok Sabha,Uttar Pradesh,AMETHI,V-55460,Health,2024-11-24,2024-12-04,92568912.13,71765456.83,65,"B-380075,B-507411",,False,
W-608081,KISHORI LAL,Lok Sabha,Uttar Pradesh,AMETHI,V-349029,Other,2023-03-22,2023-03-31,41993407.59,34588960.27,82,B-DUP-008,,True,duplicate_beneficiary
W-223581,KONDA VISHWESHWAR REDDY,Lok Sabha,Telangana,CHELVELLA,V-965130,Sanitation,2022-04-15,2022-04-15,44682403.77,41742742.83,79,"B-260003,B-212966,B-507518,B-664909",,False,
W-930383,KONDA VISHWESHWAR REDDY,Lok Sabha,Telangana,CHELVELLA,V-799830,Road,2023-06-15,2023-07-11,22792241.75,18529954.99,70,"B-111443,B-871819,B-905793,B-611425",,False,
W-999542,KONDA VISHWESHWAR REDDY,Lok Sabha,Telangana,CHELVELLA,V-186776,Road,2024-02-25,2024-03-05,11216162.66,10894708.15,51,"B-924089,B-478967,B-882175",,False,
W-480414,KONDA VISHWESHWAR REDDY,Lok Sabha,Telangana,CHELVELLA,V-993070,Other,2025-03-01,2025-03-06,27856540.52,18620762.68,49,"B-435500,B-163685,B-609805,B-695515",,False,
W-444207,KONDA VISHWESHWAR REDDY,Lok Sabha,Telangana,CHELVELLA,V-571895,Education,2023-11-30,2024-06-08,29478381.37,27875116.59,89,"B-437546,B-583908,B-567393,B-666097",,True,sanction_delay
W-450067,KONDA VISHWESHWAR REDDY,Lok Sabha,Telangana,CHELVELLA,V-194382,Health,2024-05-01,2024-07-25,18822596.12,16724503.94,58,"B-628449,B-820267,B-86497",,False,
W-108281,KONDA VISHWESHWAR REDDY,Lok Sabha,Telangana,CHELVELLA,V-837909,Water,2026-05-25,2026-06-15,10676819.98,7220978.83,71,"B-247231,B-770874",,False,
W-592095,KONDA VISHWESHWAR REDDY,Lok Sabha,Telangana,CHELVELLA,V-339277,Road,2025-10-06,2025-10-20,67027667.69,48032033.56,58,"B-425179,B-378067,B-80407,B-48092,B-713760",,False,
W-386046,KOTA SRINIVAS POOJARY,Lok Sabha,Karnataka,UDUPI CHIKMAGALUR,V-735416,Other,2024-03-09,2024-04-07,7770431.28,5269309.36,90,"B-670282,B-693138",,False,
W-864738,KOTA SRINIVAS POOJARY,Lok Sabha,Karnataka,UDUPI CHIKMAGALUR,V-807663,Water,2022-08-15,2021-07-02,22834572.03,17513869.6,66,"B-198596,B-787504,B-434171",,True,delayed_completion
W-758799,KOTA SRINIVAS POOJARY,Lok Sabha,Karnataka,UDUPI CHIKMAGALUR,V-892834,Health,2021-11-02,2021-11-26,6152065.87,5315557.04,37,"B-482977,B-360810,B-987374,B-355691",,False,
W-318653,KOTA SRINIVAS POOJARY,Lok Sabha,Karnataka,UDUPI CHIKMAGALUR,V-525556,Health,2025-02-08,2025-02-26,12249733.31,10255416.45,76,"B-91683,B-31854,B-482025",,False,
W-564243,KOTA SRINIVAS POOJARY,Lok Sabha,Karnataka,UDUPI CHIKMAGALUR,V-242119,Education,2025-05-06,2025-05-10,97258197.51,70485312.27,56,"B-766590,B-100957,B-513637",,False,
W-859338,Kripanath Mallah,Lok Sabha,Assam,KARIMGANJ (SC),V-903074,Sanitation,2026-03-20,2026-04-10,14368678.98,12318321.16,51,"B-390743,B-80762,B-966586,B-872976",,False,
W-697832,Kripanath Mallah,Lok Sabha,Assam,KARIMGANJ (SC),V-4639,Education,2026-08-18,2026-08-29,36817379.92,24705863.68,81,"B-35323,B-30878",,False,
W-874145,Kripanath Mallah,Lok Sabha,Assam,KARIMGANJ (SC),V-803103,Water,2024-07-18,2024-07-23,46619229.91,32208625.21,85,"B-581809,B-424473,B-489463,B-220899,B-601782",,False,
W-665457,Kripanath Mallah,Lok Sabha,Assam,KARIMGANJ (SC),V-883584,Health,2024-09-06,2024-09-21,24306744.33,20627020.54,87,"B-480799,B-558823,B-931195,B-107421,B-87365",,False,
W-593491,Kripanath Mallah,Lok Sabha,Assam,KARIMGANJ (SC),V-623920,Education,2026-08-30,2026-09-11,9134852.29,7526591.84,78,"B-755698,B-827048,B-17786,B-845072",,False,
W-799413,Kripanath Mallah,Lok Sabha,Assam,KARIMGANJ (SC),V-261923,Other,2022-11-08,2022-11-19,15018114.57,12129007.12,74,"B-835542,B-997784,B-211002,B-803857,B-93385",,False,
W-694176,Krishan Pal Gurjar,Lok Sabha,Haryana,FARIDABAD,V-416142,Sanitation,2023-05-04,2023-06-01,38100339.43,29157281.18,89,"B-164055,B-331040",,False,
W-691739,Krishan Pal Gurjar,Lok Sabha,Haryana,FARIDABAD,V-984695,Health,2022-05-04,2022-05-07,8225782.98,6960720.67,52,"B-134907,B-103134,B-396834,B-689214",,False,
W-105321,Krishan Pal Gurjar,Lok Sabha,Haryana,FARIDABAD,V-749262,Sanitation,2025-09-27,2025-10-02,49872487.19,39331492.46,83,"B-634587,B-386991,B-689719",,False,
W-216028,Krishan Pal Gurjar,Lok Sabha,Haryana,FARIDABAD,V-799802,Health,2025-06-09,2025-06-28,50066390.4,35335956.87,55,"B-859238,B-691570,B-939135",,False,
W-686835,KRISHNA DEVI SHIVSHANKER PATEL,Lok Sabha,Uttar Pradesh,BANDA,V-561095,Road,2024-12-12,2025-01-05,39925108.87,37882162.05,88,"B-678950,B-29086,B-167214,B-983242",,False,
W-643439,KRISHNA DEVI SHIVSHANKER PATEL,Lok Sabha,Uttar Pradesh,BANDA,V-170450,Health,2024-07-22,2024-07-24,9765997.96,7220709.29,50,"B-962248,B-763874,B-269184,B-210261",,False,
W-271732,KRISHNA DEVI SHIVSHANKER PATEL,Lok Sabha,Uttar Pradesh,BANDA,V-287623,Other,2026-03-09,2026-03-26,75782140.94,62976638.02,52,"B-989359,B-496375,B-671815,B-970243",,False,
W-596089,KRISHNA DEVI SHIVSHANKER PATEL,Lok Sabha,Uttar Pradesh,BANDA,V-786170,Other,2023-09-04,2023-09-17,20791752.22,18824551.46,86,"B-22822,B-81839,B-200687,B-123178",,False,
W-832528,Krishna Prasad Tenneti,Lok Sabha,Andhra Pradesh,BAPATLA,V-446056,Sanitation,2023-03-31,2023-04-23,14110801.02,11802245.41,40,"B-473305,B-831294",,False,
W-325833,Krishna Prasad Tenneti,Lok Sabha,Andhra Pradesh,BAPATLA,V-602632,Health,2021-10-25,2021-11-23,8993968.01,7619874.94,45,"B-643082,B-941406,B-804976,B-489117,B-103907",,False,
W-681172,Krishna Prasad Tenneti,Lok Sabha,Andhra Pradesh,BAPATLA,V-52271,Health,2025-10-15,2025-11-09,57351545.83,44121580.94,82,"B-980282,B-517243,B-985530,B-499310",,False,
W-348096,Krishna Prasad Tenneti,Lok Sabha,Andhra Pradesh,BAPATLA,V-232119,Water,2024-01-05,2024-02-03,9763261.63,8154293.52,93,"B-508626,B-915498,B-230260,B-664079,B-253742",,False,
W-511827,Krishna Prasad Tenneti,Lok Sabha,Andhra Pradesh,BAPATLA,V-264727,Road,2022-06-03,2022-06-27,20008535.68,14304705.62,85,"B-433854,B-932235,B-480834,B-345654,B-458540",,False,
W-327021,Krishna Prasad Tenneti,Lok Sabha,Andhra Pradesh,BAPATLA,V-486422,Sanitation,2022-04-17,2022-04-17,5008039.12,4856338.25,78,"B-282701,B-371616",,False,
W-574392,Krishna Prasad Tenneti,Lok Sabha,Andhra Pradesh,BAPATLA,V-255607,Other,2022-09-10,2022-09-29,7115160.66,6424480.36,51,"B-747885,B-932948,B-376191,B-13860,B-871651",,False,
W-837998,Krishna Prasad Tenneti,Lok Sabha,Andhra Pradesh,BAPATLA,V-DUP-004,Water,2021-09-02,2021-10-06,44606552.91,37793178.87,73,"B-948684,B-193693,B-991157,B-131009,B-928965",,True,duplicate_vendor
W-932658,KRITI DEVI DEBBARMAN,Lok Sabha,Tripura,TRIPURA EAST(ST),V-658249,Sanitation,2023-06-08,2023-07-05,58156097.82,53889933.87,87,"B-377545,B-652171,B-966284,B-871287",,False,
W-332000,KRITI DEVI DEBBARMAN,Lok Sabha,Tripura,TRIPURA EAST(ST),V-410031,Health,2025-03-15,2025-03-28,53973066.88,50468789.95,66,"B-501554,B-29136,B-170119,B-25132",,False,
W-588022,KRITI DEVI DEBBARMAN,Lok Sabha,Tripura,TRIPURA EAST(ST),V-853540,Education,2022-09-19,2022-10-15,34135835.3,32344370.55,66,"B-746627,B-758813,B-111341,B-318916",,False,
W-625940,KULDEEP INDORA,Lok Sabha,Rajasthan,GANGANAGAR(SC),V-155342,Health,2024-08-01,2024-08-21,53069662.99,47072227.47,35,"B-890180,B-987700,B-881955,B-265848",,False,
W-118622,KULDEEP INDORA,Lok Sabha,Rajasthan,GANGANAGAR(SC),V-360823,Water,2022-01-21,2022-02-18,16959486.15,13159013.61,94,"B-239163,B-607889,B-43806,B-459037",,False,
W-190020,KULDEEP INDORA,Lok Sabha,Rajasthan,GANGANAGAR(SC),V-823836,Road,2024-10-27,2024-11-14,46133126.25,38411050.46,36,"B-252684,B-507615,B-548351,B-703230",,False,
W-300850,KULDEEP INDORA,Lok Sabha,Rajasthan,GANGANAGAR(SC),V-710123,Other,2023-03-26,2023-04-12,30102724.61,22917206.68,94,"B-427379,B-693224,B-792872,B-974794,B-886019",,False,
W-381088,KUNDURU RAGHUVEER,Lok Sabha,Telangana,NALGONDA,V-17505,Water,2026-08-01,2026-08-04,59371125.49,53060891.0,50,"B-618123,B-428596,B-731635,B-505372,B-890603",,False,
W-356441,KUNDURU RAGHUVEER,Lok Sabha,Telangana,NALGONDA,V-675752,Water,2026-04-09,2026-05-11,5870009.58,5094334.88,36,"B-535987,B-999944",,False,
W-950245,KUNDURU RAGHUVEER,Lok Sabha,Telangana,NALGONDA,V-117055,Education,2025-07-15,2025-07-17,18612089.79,13522953.22,41,"B-902751,B-779875,B-835452,B-565535,B-323238",,False,
W-750588,KUNDURU RAGHUVEER,Lok Sabha,Telangana,NALGONDA,V-347939,Other,2025-04-15,2025-05-18,52359986.28,40633089.36,54,"B-773759,B-448926,B-600727",,False,
W-264094,KUNDURU RAGHUVEER,Lok Sabha,Telangana,NALGONDA,V-218172,Education,2021-10-25,2021-11-11,25924050.74,19346006.15,94,"B-877686,B-292287,B-340601,B-620857,B-730307,B-DUP-016",,True,duplicate_beneficiary
W-441033,LALJI VERMA,Lok Sabha,Uttar Pradesh,AMBEDKAR NAGAR,V-989423,Water,2024-09-04,2024-09-19,20580750.01,13461270.39,45,"B-640945,B-220685",,False,
W-813379,LALJI VERMA,Lok Sabha,Uttar Pradesh,AMBEDKAR NAGAR,V-351477,Water,2025-04-13,2025-04-18,42940096.64,33249959.42,38,"B-144064,B-649875",,False,
W-609411,LALJI VERMA,Lok Sabha,Uttar Pradesh,AMBEDKAR NAGAR,V-256485,Sanitation,2025-10-24,2025-11-23,8585252.95,8264478.92,78,"B-995627,B-367232,B-362847",,False,
W-371973,LALJI VERMA,Lok Sabha,Uttar Pradesh,AMBEDKAR NAGAR,V-920967,Education,2025-08-20,2025-08-20,74158900.39,64485818.72,78,"B-264189,B-143575,B-397196,B-767864,B-980729",,False,
W-531091,Lavu Sri Krishna Devarayalu,Lok Sabha,Andhra Pradesh,NARASARAOPET,V-100367,Water,2022-10-21,2020-05-06,76348921.41,69654861.94,56,"B-122463,B-801750",,True,delayed_completion
W-849134,Lavu Sri Krishna Devarayalu,Lok Sabha,Andhra Pradesh,NARASARAOPET,V-649107,Other,2024-08-05,2024-08-27,29380318.55,26434278.74,45,"B-920299,B-683543,B-359642,B-477273",,False,
W-723141,Lavu Sri Krishna Devarayalu,Lok Sabha,Andhra Pradesh,NARASARAOPET,V-707889,Water,2023-05-03,2023-05-12,28433066.42,20180920.44,94,"B-357728,B-904070,B-772063",,False,
W-716548,Lavu Sri Krishna Devarayalu,Lok Sabha,Andhra Pradesh,NARASARAOPET,V-DUP-004,Education,2021-09-12,2021-09-28,38977308.41,32715512.08,67,"B-379176,B-391613,B-750689,B-538641,B-691429",,True,duplicate_vendor
W-633690,LAXMIKANT PAPPU NISHAD,Lok Sabha,Uttar Pradesh,SANT KABIR NAGAR,V-900092,Sanitation,2024-09-23,2024-10-20,27980184.48,18600497.25,51,"B-668271,B-396962,B-34022,B-238303,B-973440",,False,
W-601120,LAXMIKANT PAPPU NISHAD,Lok Sabha,Uttar Pradesh,SANT KABIR NAGAR,V-19628,Health,2023-08-11,2023-09-14,12186750.63,9278606.92,69,B-DUP-007,,True,duplicate_beneficiary
W-549289,LAXMIKANT PAPPU NISHAD,Lok Sabha,Uttar Pradesh,SANT KABIR NAGAR,V-768491,Road,2022-04-10,2022-05-12,10734327.32,9047422.5,93,"B-4118,B-379084,B-529351,B-376444",,False,
W-638399,LAXMIKANT PAPPU NISHAD,Lok Sabha,Uttar Pradesh,SANT KABIR NAGAR,V-635050,Sanitation,2024-09-05,2024-09-07,78451704.57,71873997.63,67,"B-386014,B-437526,B-863157,B-903945",,True,duplicate_vendor
W-154794,LAXMIKANT PAPPU NISHAD,Lok Sabha,Uttar Pradesh,SANT KABIR NAGAR,V-384984,Other,2022-11-18,2022-12-08,16912032.99,14843832.62,58,"B-231010,B-966394,B-74895,B-365341,B-870913",,False,
W-286807,LOVELY ANAND,Lok Sabha,Bihar,SHEOHAR,V-741524,Sanitation,2021-12-26,2022-01-11,12383914.11,11528377.33,61,"B-623706,B-140759,B-894023",,False,
W-776191,LOVELY ANAND,Lok Sabha,Bihar,SHEOHAR,V-158444,Other,2023-01-21,2023-02-05,21490536.64,18689111.2,92,"B-507350,B-167791",,False,
W-170765,LOVELY ANAND,Lok Sabha,Bihar,SHEOHAR,V-637691,Other,2023-10-31,2023-11-14,64753773.25,48701654.72,63,"B-6927,B-552418,B-824247,B-85176",,False,
W-540887,LOVELY ANAND,Lok Sabha,Bihar,SHEOHAR,V-413424,Health,2025-04-20,2025-04-24,47636776.0,34622474.92,51,"B-900092,B-482144,B-450016,B-954618",,False,
W-776382,LUMBARAM,Lok Sabha,Rajasthan,JALORE,V-98528,Road,2022-11-30,2022-12-31,23795911.96,21311864.48,84,"B-172180,B-993056,B-602954",,False,
W-621536,LUMBARAM,Lok Sabha,Rajasthan,JALORE,V-152403,Other,2023-03-16,2023-04-15,21382707.92,22855052.21,93,"B-287747,B-211253",,False,
W-346965,LUMBARAM,Lok Sabha,Rajasthan,JALORE,V-723131,Road,2023-05-09,2023-06-12,5771201.18,4606961.59,70,"B-767795,B-102958",,False,
W-547162,LUMBARAM,Lok Sabha,Rajasthan,JALORE,V-737503,Health,2025-11-01,2025-12-07,35527400.22,34016269.91,58,"B-912226,B-1761",,True,sanction_delay
W-960278,LUMBARAM,Lok Sabha,Rajasthan,JALORE,V-918727,Education,2022-08-31,2022-09-11,43175569.69,30868102.92,78,"B-993598,B-14581,B-409643",,False,
W-116928,LUMBARAM,Lok Sabha,Rajasthan,JALORE,V-788185,Health,2022-10-26,2022-11-11,13749172.75,11222592.97,36,"B-797460,B-9475,B-614920",,False,
W-357358,LUMBARAM,Lok Sabha,Rajasthan,JALORE,V-140467,Health,2026-04-22,2026-04-27,2863036.28,2474608.09,79,"B-23451,B-128223,B-582429,B-269416,B-439941",,False,
W-107661,M. MALLESH BABU,Lok Sabha,Karnataka,KOLAR(SC),V-174986,Road,2022-06-28,2022-07-12,58785096.1,43265499.66,74,"B-990260,B-398007,B-89769",,False,
W-319307,M. MALLESH BABU,Lok Sabha,Karnataka,KOLAR(SC),V-599282,Water,2026-06-29,2026-07-04,14684947.82,12737976.66,56,"B-443179,B-129947,B-523176,B-231802",,False,
W-571621,M. MALLESH BABU,Lok Sabha,Karnataka,KOLAR(SC),V-557284,Education,2024-08-23,2024-09-01,30759647.45,25615853.68,39,"B-79081,B-223823,B-228889",,False,
W-810887,M. MALLESH BABU,Lok Sabha,Karnataka,KOLAR(SC),V-71943,Education,2026-05-18,2026-06-14,29616851.01,28594323.57,72,B-DUP-012,,True,duplicate_beneficiary
W-939642,M. MALLESH BABU,Lok Sabha,Karnataka,KOLAR(SC),V-90080,Education,2026-08-26,2026-09-25,12484084.94,11018241.01,82,"B-380072,B-617095,B-485546,B-680522",,False,
W-210080,M.K. VISHNUPRASAD,Lok Sabha,Tamil Nadu,CUDDALORE,V-849452,Education,2021-12-24,2021-12-25,9220430.86,6521655.15,37,"B-578544,B-676604,B-259636",,False,
W-209892,M.K. VISHNUPRASAD,Lok Sabha,Tamil Nadu,CUDDALORE,V-703234,Health,2023-02-10,2023-03-02,94954231.15,86383158.19,66,"B-353512,B-737111,B-822121,B-795027,B-301029",,False,
W-426521,M.K. VISHNUPRASAD,Lok Sabha,Tamil Nadu,CUDDALORE,V-439005,Health,2025-07-22,2025-08-25,42090337.99,38682606.68,71,"B-73919,B-343184,B-521086,B-903919,B-514273",,False,
W-375205,Maddila Gurumoorthy,Lok Sabha,Andhra Pradesh,TIRUPATI(SC),V-904212,Road,2022-02-24,2022-03-14,113371285.72,78765458.39,66,"B-52331,B-500249,B-397925,B-558540",,False,
W-616131,Maddila Gurumoorthy,Lok Sabha,Andhra Pradesh,TIRUPATI(SC),V-111499,Sanitation,2023-05-17,2023-05-20,59856364.51,39437777.25,49,"B-106153,B-504422,B-642587",,False,
W-651586,Maddila Gurumoorthy,Lok Sabha,Andhra Pradesh,TIRUPATI(SC),V-640705,Other,2023-11-11,2023-11-17,6269361.74,6120517.55,93,"B-435741,B-206704,B-978757",,False,
W-598985,MADHAVANENI RAGHUNANDAN RAO,Lok Sabha,Telangana,MEDAK,V-799249,Water,2026-04-24,2026-05-22,29887359.68,27775622.38,64,"B-708265,B-505272,B-56850,B-839728,B-355955",,False,
W-106681,MADHAVANENI RAGHUNANDAN RAO,Lok Sabha,Telangana,MEDAK,V-119062,Health,2026-03-15,2026-03-18,74097253.62,65367396.39,52,"B-947098,B-859938,B-530537,B-365757",,False,
W-997449,MADHAVANENI RAGHUNANDAN RAO,Lok Sabha,Telangana,MEDAK,V-210576,Sanitation,2023-12-06,2023-12-07,42280386.7,41256148.09,63,"B-219469,B-246512",,False,
W-181645,Magunta Sreenivasulu Reddy,Lok Sabha,Andhra Pradesh,ONGOLE,V-579232,Water,2025-02-28,2025-02-28,19123240.91,15979414.03,44,"B-233016,B-695826",,False,
W-148270,Magunta Sreenivasulu Reddy,Lok Sabha,Andhra Pradesh,ONGOLE,V-653980,Other,2021-12-10,2021-12-21,27283243.61,23396477.48,57,"B-184628,B-122173,B-199555,B-290209,B-773798",,False,
W-504447,Magunta Sreenivasulu Reddy,Lok Sabha,Andhra Pradesh,ONGOLE,V-350997,Sanitation,2023-12-09,2023-12-21,14783631.77,13805071.37,71,"B-562943,B-820082,B-124464,B-414262,B-424848",,False,
W-464439,Magunta Sreenivasulu Reddy,Lok Sabha,Andhra Pradesh,ONGOLE,V-268938,Education,2025-08-18,2025-08-18,1425813.04,1039433.66,86,"B-545472,B-941063,B-243196,B-387776",,False,
W-579416,Magunta Sreenivasulu Reddy,Lok Sabha,Andhra Pradesh,ONGOLE,V-966140,Water,2024-09-29,2024-10-25,10987511.87,8564738.7,56,"B-538013,B-477820,B-105752,B-12777",,False,
W-705205,Magunta Sreenivasulu Reddy,Lok Sabha,Andhra Pradesh,ONGOLE,V-835982,Health,2024-08-02,2024-08-23,18172704.7,16248682.99,44,"B-7907,B-501665,B-721756,B-989889",,False,
W-747238,Magunta Sreenivasulu Reddy,Lok Sabha,Andhra Pradesh,ONGOLE,V-214541,Road,2024-12-01,2024-12-04,28602289.32,20085172.82,81,"B-295670,B-464786",,False,
W-513310,Magunta Sreenivasulu Reddy,Lok Sabha,Andhra Pradesh,ONGOLE,V-319394,Road,2026-01-21,2026-02-22,25886564.78,24630265.82,56,"B-550809,B-275598,B-717503,B-593996,B-951833",,False,
W-255852,Mahendra Singh Solanky,Lok Sabha,Madhya Pradesh,DEWAS(SC),V-629765,Road,2023-08-01,2023-08-24,8507722.39,6800287.52,42,"B-703073,B-285990",,True,sanction_delay
W-690433,Mahendra Singh Solanky,Lok Sabha,Madhya Pradesh,DEWAS(SC),V-573794,Road,2026-08-21,2026-09-18,42410551.15,43626979.67,70,"B-154586,B-772949",,True,cost_overrun
W-921585,Mahendra Singh Solanky,Lok Sabha,Madhya Pradesh,DEWAS(SC),V-263745,Education,2022-10-21,2022-12-13,5013877.21,3722369.93,87,"B-672421,B-895800",,True,sanction_delay
W-836024,Mahendra Singh Solanky,Lok Sabha,Madhya Pradesh,DEWAS(SC),V-715994,Education,2022-11-13,2022-12-08,22587706.22,17003072.34,72,"B-714382,B-885694,B-758052,B-833078",,False,
W-824058,Mahendra Singh Solanky,Lok Sabha,Madhya Pradesh,DEWAS(SC),V-971726,Water,2023-08-08,2023-09-06,14771540.02,14333929.82,88,"B-967639,B-998878",,False,
W-873159,Mahendra Singh Solanky,Lok Sabha,Madhya Pradesh,DEWAS(SC),V-724958,Education,2023-05-06,2023-05-29,29980040.5,19956786.15,54,"B-26012,B-471169,B-752528,B-984537",,False,
W-880092,Mahendra Singh Solanky,Lok Sabha,Madhya Pradesh,DEWAS(SC),V-814465,Road,2025-05-26,2025-06-11,4225911.16,4044111.9,58,"B-910564,B-18874,B-1636,B-469214,B-358662",,False,
W-919775,Mahendra Singh Solanky,Lok Sabha,Madhya Pradesh,DEWAS(SC),V-778355,Sanitation,2025-05-24,2025-06-12,18767651.35,18194399.45,56,"B-574599,B-768006,B-705781",,False,
W-264561,MAHESH KASHYAP,Lok Sabha,Chhattisgarh,BASTAR(ST),V-439712,Road,2023-08-03,2023-08-07,12435598.91,11784377.67,42,"B-158611,B-796175,B-352151,B-521418",,False,
W-990907,MAHESH KASHYAP,Lok Sabha,Chhattisgarh,BASTAR(ST),V-825597,Education,2022-06-28,2022-09-21,39232022.65,36866954.47,51,"B-956828,B-868065",,False,
W-397325,MAHESH KASHYAP,Lok Sabha,Chhattisgarh,BASTAR(ST),V-283829,Education,2026-05-11,2026-05-21,54392295.39,44990770.56,36,"B-273292,B-293794,B-663299",,False,
W-886634,MAHESH KASHYAP,Lok Sabha,Chhattisgarh,BASTAR(ST),V-55433,Sanitation,2022-10-29,2022-11-14,20643651.57,15219002.88,54,"B-237147,B-7206",,False,
W-130759,MAHESH KASHYAP,Lok Sabha,Chhattisgarh,BASTAR(ST),V-580014,Road,2026-07-08,2026-02-22,19561431.48,13732581.98,31,"B-819262,B-751125,B-278606,B-479171,B-947890",,True,delayed_completion
W-891801,Mahesh Sharma,Lok Sabha,Uttar Pradesh,GAUTAM BUDDHA NAGAR,V-899119,Health,2025-08-17,2025-09-01,30260478.38,28910804.35,90,"B-859178,B-565948,B-59008",,False,
W-894838,Mahesh Sharma,Lok Sabha,Uttar Pradesh,GAUTAM BUDDHA NAGAR,V-229114,Water,2025-11-07,2025-11-08,33997840.82,28114777.15,86,"B-628420,B-402154",,False,
W-458810,Mahesh Sharma,Lok Sabha,Uttar Pradesh,GAUTAM BUDDHA NAGAR,V-DUP-012,Sanitation,2021-10-08,2021-10-18,19043651.98,13295225.89,68,"B-322388,B-851407",,True,duplicate_vendor
W-668354,Mahesh Sharma,Lok Sabha,Uttar Pradesh,GAUTAM BUDDHA NAGAR,V-99082,Road,2024-02-02,2024-03-06,15541829.14,12286046.63,93,"B-512027,B-683265,B-974755",,False,
W-868175,Mahesh Sharma,Lok Sabha,Uttar Pradesh,GAUTAM BUDDHA NAGAR,V-472717,Education,2021-11-29,2021-12-18,25595026.91,19837383.52,56,"B-673727,B-482774,B-811522,B-379015",,False,
W-476916,Mahesh Sharma,Lok Sabha,Uttar Pradesh,GAUTAM BUDDHA NAGAR,V-294394,Other,2023-05-16,2023-05-23,13348943.96,9201296.58,38,"B-478314,B-235260",,False,
W-681573,Mahesh Sharma,Lok Sabha,Uttar Pradesh,GAUTAM BUDDHA NAGAR,V-291959,Sanitation,2026-01-23,2026-02-06,10284431.5,7121116.54,68,"B-302589,B-85197,B-805356",,False,
W-143316,MAHIMA KUMARI MEWAR,Lok Sabha,Rajasthan,RAJSAMAND,V-126962,Other,2022-05-22,2022-06-22,50683604.42,39465884.91,74,"B-270403,B-681976,B-895900",,False,
W-253522,MAHIMA KUMARI MEWAR,Lok Sabha,Rajasthan,RAJSAMAND,V-705451,Health,2022-06-12,2022-07-16,97324187.4,87969615.1,92,"B-631511,B-832465,B-281555,B-749425",,False,
W-700062,MAHIMA KUMARI MEWAR,Lok Sabha,Rajasthan,RAJSAMAND,V-337802,Education,2026-08-18,2024-07-01,34964890.47,26434534.09,21,"B-523988,B-619693,B-344586,B-375236",,True,delayed_completion
W-663991,Mala Rajya Laxmi Shah,Lok Sabha,Uttarakhand,TEHRI GARHWAL,V-367802,Health,2022-03-20,2022-03-25,24663801.2,21388545.48,71,"B-15618,B-57107,B-95420",,False,
W-438099,Mala Rajya Laxmi Shah,Lok Sabha,Uttarakhand,TEHRI GARHWAL,V-771179,Other,2024-01-19,2024-02-03,33176841.66,31173606.81,47,"B-406237,B-743779,B-775173,B-527420",,False,
W-474217,Mala Rajya Laxmi Shah,Lok Sabha,Uttarakhand,TEHRI GARHWAL,V-456111,Education,2026-04-23,2026-04-30,42277125.79,28953701.11,40,"B-630427,B-71864,B-274822,B-998877",,False,
W-434248,Mala Rajya Laxmi Shah,Lok Sabha,Uttarakhand,TEHRI GARHWAL,V-617720,Water,2026-03-21,2026-03-25,46147231.35,37555259.03,52,"B-697592,B-660191",,False,
W-472593,Mala Roy,Lok Sabha,West Bengal,KOLKATA DAKSHIN,V-921320,Education,2022-10-21,2022-11-16,31981563.0,30076052.85,87,"B-653464,B-268838,B-590393,B-140291,B-423375",,True,sanction_delay
W-920399,Mala Roy,Lok Sabha,West Bengal,KOLKATA DAKSHIN,V-DUP-005,Other,2021-10-07,2021-10-31,31130762.51,21817799.92,78,"B-607280,B-779500",,False,
W-733651,Mala Roy,Lok Sabha,West Bengal,KOLKATA DAKSHIN,V-503415,Sanitation,2023-10-16,2023-11-07,15379682.43,13256443.22,57,"B-199048,B-82685,B-694168",,False,
W-854754,Mala Roy,Lok Sabha,West Bengal,KOLKATA DAKSHIN,V-789706,Health,2023-05-19,2023-06-04,15736540.89,12768932.96,67,"B-194295,B-218380",,False,
W-773834,Mala Roy,Lok Sabha,West Bengal,KOLKATA DAKSHIN,V-883124,Health,2025-09-02,2025-09-12,21243681.47,16741477.32,41,"B-509231,B-168128,B-304078,B-109838",,False,
W-422120,Mala Roy,Lok Sabha,West Bengal,KOLKATA DAKSHIN,V-149888,Sanitation,2022-02-09,2022-03-14,18078278.33,14963389.55,65,"B-216536,B-516078,B-443634,B-48742",,False,
W-161928,Mala Roy,Lok Sabha,West Bengal,KOLKATA DAKSHIN,V-DUP-001,Health,2021-10-01,2021-10-29,12714491.37,8740674.74,56,"B-590338,B-450856,B-28826,B-329191",,True,duplicate_vendor
W-887500,MALAIYARASAN D,Lok Sabha,Tamil Nadu,KALLAKURICHI,V-16788,Education,2023-07-05,2023-08-02,42875044.4,33348688.87,63,"B-638864,B-568996,B-922382",,False,
W-995705,MALAIYARASAN D,Lok Sabha,Tamil Nadu,KALLAKURICHI,V-987111,Health,2025-09-29,2025-09-30,14008846.54,10375129.95,64,"B-779921,B-821020,B-137555",,False,
W-117828,MALAIYARASAN D,Lok Sabha,Tamil Nadu,KALLAKURICHI,V-644518,Education,2023-08-16,2023-08-28,20613280.76,16819510.84,90,"B-534223,B-162250,B-623944",,False,
W-330545,MALAIYARASAN D,Lok Sabha,Tamil Nadu,KALLAKURICHI,V-346206,Other,2026-01-03,2026-01-03,29311073.09,26488701.27,68,"B-26957,B-217348,B-110456",,False,
W-371985,MALAIYARASAN D,Lok Sabha,Tamil Nadu,KALLAKURICHI,V-154781,Water,2023-03-19,2023-03-21,53413117.29,39377545.87,83,"B-320381,B-356446,B-979881,B-437860,B-770668",,False,
W-616782,MALAIYARASAN D,Lok Sabha,Tamil Nadu,KALLAKURICHI,V-782335,Road,2022-09-14,2022-09-30,40370232.95,26529114.85,44,"B-842377,B-925716",,False,
W-680533,MALVIKA DEVI,Lok Sabha,Odisha,KALAHANDI,V-373016,Sanitation,2024-06-04,2024-06-23,9491347.64,6355309.1,75,"B-800479,B-905150,B-807312,B-513141",,False,
W-777504,MALVIKA DEVI,Lok Sabha,Odisha,KALAHANDI,V-907819,Education,2026-02-19,2026-03-16,8461373.18,6930867.47,37,"B-975328,B-348388,B-588126,B-487362,B-981047",,False,
W-252157,MALVIKA DEVI,Lok Sabha,Odisha,KALAHANDI,V-861965,Education,2022-03-13,2022-04-05,17532046.16,13494053.67,72,"B-327707,B-929554",,False,
W-503172,MALVIKA DEVI,Lok Sabha,Odisha,KALAHANDI,V-415259,Other,2021-11-18,2021-11-20,11771580.28,9018130.27,37,"B-243847,B-821397,B-911098",,False,
W-784286,MALVIKA DEVI,Lok Sabha,Odisha,KALAHANDI,V-683404,Other,2025-03-05,2025-03-10,5959622.3,4246101.81,42,"B-696662,B-383217",,False,
W-998664,MALVIKA DEVI,Lok Sabha,Odisha,KALAHANDI,V-896625,Health,2022-11-24,2022-12-21,7842045.44,7093326.05,78,"B-509484,B-410257,B-127273",,False,
W-572916,MALVIKA DEVI,Lok Sabha,Odisha,KALAHANDI,V-526477,Other,2021-12-22,2021-12-28,44338608.1,30442877.99,81,"B-555352,B-431024",,False,
W-730194,MALVIKA DEVI,Lok Sabha,Odisha,KALAHANDI,V-410775,Water,2025-06-15,2025-06-28,40868376.9,27178655.94,50,"B-500745,B-50156,B-501525",,False,
W-375551,MALVINDER SINGH KANG,Lok Sabha,Punjab,ANANDPUR SAHIB,V-167251,Other,2021-12-26,2022-01-06,17520228.52,15269274.09,88,"B-999820,B-990619,B-274130,B-240971",,False,
W-513232,MALVINDER SINGH KANG,Lok Sabha,Punjab,ANANDPUR SAHIB,V-296142,Water,2026-08-22,2026-09-13,19797335.99,17330890.4,48,"B-471202,B-7645,B-359888,B-970972,B-762537",,False,
W-751696,MALVINDER SINGH KANG,Lok Sabha,Punjab,ANANDPUR SAHIB,V-935922,Other,2026-08-22,2026-08-22,7834988.56,5924148.51,53,"B-583713,B-173204,B-490514,B-900804",,False,
W-999241,MALVINDER SINGH KANG,Lok Sabha,Punjab,ANANDPUR SAHIB,V-349843,Other,2026-03-26,2026-04-04,14298952.26,13607341.5,89,"B-362121,B-628292",,False,
W-446937,MALVINDER SINGH KANG,Lok Sabha,Punjab,ANANDPUR SAHIB,V-184175,Water,2025-06-06,2025-06-10,30280189.45,24078782.39,42,"B-967303,B-633254",,False,
W-357557,MALVINDER SINGH KANG,Lok Sabha,Punjab,ANANDPUR SAHIB,V-600870,Water,2021-12-25,2022-01-28,13775012.35,9120291.46,88,"B-814083,B-317329,B-25796,B-879860",,False,
W-220753,MALVINDER SINGH KANG,Lok Sabha,Punjab,ANANDPUR SAHIB,V-312175,Health,2022-09-10,2022-09-14,42758292.87,41573940.37,90,"B-852540,B-462967",,False,
W-678754,MANI. A.,Lok Sabha,Tamil Nadu,DHARAMAPURI,V-104043,Other,2023-02-05,2023-03-04,84017589.18,69984274.17,93,"B-524485,B-911616,B-424437",,False,
W-923357,MANI. A.,Lok Sabha,Tamil Nadu,DHARAMAPURI,V-830633,Road,2026-04-16,2026-04-21,14596168.67,13475968.14,80,"B-930924,B-895671,B-650873,B-755257",,False,
W-409420,MANI. A.,Lok Sabha,Tamil Nadu,DHARAMAPURI,V-970959,Water,2023-09-02,2023-09-17,17412832.14,13450926.9,73,"B-372106,B-722145,B-499999,B-66312,B-876227",,False,
W-666290,MANI. A.,Lok Sabha,Tamil Nadu,DHARAMAPURI,V-513696,Other,2024-04-01,2024-04-29,28007020.85,25701799.66,48,"B-736433,B-111461,B-546794,B-583586",,False,
W-663899,MANI. A.,Lok Sabha,Tamil Nadu,DHARAMAPURI,V-294867,Other,2023-07-15,2023-08-15,15564628.68,11654200.36,66,"B-848875,B-600065,B-872565,B-194041",,False,
W-611268,MANI. A.,Lok Sabha,Tamil Nadu,DHARAMAPURI,V-732281,Health,2024-08-21,2024-09-04,4094256.23,3471927.67,37,"B-150484,B-440964,B-811349,B-569676,B-660092",,False,
W-756791,Manickam Tagore B,Lok Sabha,Tamil Nadu,VIRUDHUNAGAR,V-620289,Other,2022-12-21,2023-01-03,43736946.02,41369271.47,54,"B-680558,B-737918,B-216232",,False,
W-827535,Manickam Tagore B,Lok Sabha,Tamil Nadu,VIRUDHUNAGAR,V-121272,Sanitation,2026-07-24,2026-07-26,41495730.87,36118492.73,80,"B-879026,B-442625,B-716087",,False,
W-754425,Manickam Tagore B,Lok Sabha,Tamil Nadu,VIRUDHUNAGAR,V-76965,Education,2023-02-05,2023-02-14,61032323.1,55963449.57,59,"B-402262,B-932431,B-830966",,False,
W-702565,MANISH JAISWAL,Lok Sabha,Jharkhand,HAZARIBAGH,V-627285,Education,2024-11-11,2024-11-12,66636957.79,64154094.47,67,"B-204068,B-256417,B-423987,B-364589,B-846382",,False,
W-619749,MANISH JAISWAL,Lok Sabha,Jharkhand,HAZARIBAGH,V-227996,Other,2021-12-27,2021-12-28,46522200.25,43109465.08,65,"B-698861,B-377345,B-242019,B-943349",,False,
W-348368,MANISH JAISWAL,Lok Sabha,Jharkhand,HAZARIBAGH,V-808466,Health,2023-07-02,2023-07-26,3068064.2,2892225.11,73,"B-659529,B-432354,B-557759,B-180018",,True,duplicate_beneficiary
W-466165,MANISH JAISWAL,Lok Sabha,Jharkhand,HAZARIBAGH,V-542246,Education,2022-06-25,2022-06-29,30037777.76,19550115.93,77,"B-902377,B-964876,B-133147",,False,
W-775051,MANISH TEWARI,Lok Sabha,Chandigarh,CHANDIGARH,V-554534,Other,2024-09-04,2024-10-08,29936301.29,21575224.71,37,"B-353737,B-753879",,False,
W-655808,MANISH TEWARI,Lok Sabha,Chandigarh,CHANDIGARH,V-940658,Sanitation,2022-03-13,2022-03-20,13708238.1,12422590.06,83,"B-858923,B-92374",,False,
W-888380,MANISH TEWARI,Lok Sabha,Chandigarh,CHANDIGARH,V-887710,Road,2023-01-03,2023-01-18,45507506.86,35927893.46,68,"B-312439,B-246340",,False,
W-800311,MANISH TEWARI,Lok Sabha,Chandigarh,CHANDIGARH,V-471353,Other,2025-12-03,2026-01-03,10490883.75,10056736.26,74,"B-134525,B-732656,B-114527",,False,
W-666145,MANISH TEWARI,Lok Sabha,Chandigarh,CHANDIGARH,V-965624,Road,2021-10-15,2021-11-05,22774413.14,20602428.93,62,"B-183583,B-458397,B-572702,B-DUP-012",,True,duplicate_beneficiary
W-693167,MANISH TEWARI,Lok Sabha,Chandigarh,CHANDIGARH,V-775798,Education,2022-10-24,2022-11-07,35712819.17,29243860.42,73,"B-916440,B-3081,B-373036,B-46906",,False,
W-609753,MANISH TEWARI,Lok Sabha,Chandigarh,CHANDIGARH,V-9586,Other,2022-02-01,2022-02-09,19329524.22,20192127.37,77,"B-565519,B-925611,B-870771,B-376322",,True,cost_overrun
W-816365,MANJU SHARMA,Lok Sabha,Rajasthan,JAIPUR,V-428759,Sanitation,2024-01-13,2024-01-13,49383899.17,45697555.78,80,"B-466813,B-948894,B-802358",,False,
W-699382,MANJU SHARMA,Lok Sabha,Rajasthan,JAIPUR,V-153702,Education,2023-09-16,2023-10-09,22696942.92,17554614.59,59,"B-825065,B-702690,B-774002",,False,
W-637093,MANJU SHARMA,Lok Sabha,Rajasthan,JAIPUR,V-698839,Road,2023-10-12,2023-10-13,22015436.99,17388904.18,66,"B-705715,B-122458,B-293803",,False,
W-979885,MANJU SHARMA,Lok Sabha,Rajasthan,JAIPUR,V-720752,Other,2024-02-11,2024-02-18,4368174.92,3195829.63,53,"B-219888,B-148423,B-83900,B-316020",,False,
W-925021,MANJU SHARMA,Lok Sabha,Rajasthan,JAIPUR,V-736549,Water,2022-04-13,2022-04-24,67783032.6,62630378.62,47,"B-781597,B-257802",,False,
W-108153,MANNA LAL RAWAT,Lok Sabha,Rajasthan,UDAIPUR(ST),V-846931,Health,2025-01-23,2025-02-12,29131626.49,25339366.45,57,"B-926740,B-949731",,False,
W-208549,MANNA LAL RAWAT,Lok Sabha,Rajasthan,UDAIPUR(ST),V-619443,Education,2021-11-02,2021-11-14,44832417.37,35443495.63,82,"B-592267,B-282749,B-545946",,False,
W-173079,MANNA LAL RAWAT,Lok Sabha,Rajasthan,UDAIPUR(ST),V-219888,Water,2025-11-05,2025-11-12,40357998.92,26835814.25,51,"B-160373,B-323719",,False,
W-366866,MANNA LAL RAWAT,Lok Sabha,Rajasthan,UDAIPUR(ST),V-817180,Health,2025-09-08,2025-09-15,31942957.22,28870263.97,85,"B-328254,B-597029,B-69756",,False,
W-599750,MANOHAR LAL,Lok Sabha,Haryana,KARNAL,V-739524,Sanitation,2025-11-19,2026-01-08,4615312.38,3667296.93,57,"B-537099,B-769518,B-613923",,False,
W-633046,MANOHAR LAL,Lok Sabha,Haryana,KARNAL,V-420408,Health,2022-03-11,2022-03-19,24461924.67,22546528.95,67,"B-631173,B-961462,B-672435",,False,
W-170730,MANOHAR LAL,Lok Sabha,Haryana,KARNAL,V-912227,Health,2022-02-11,2022-03-08,103570594.74,82371476.82,50,"B-631757,B-233691",,False,
W-285514,MANOHAR LAL,Lok Sabha,Haryana,KARNAL,V-924746,Road,2026-01-04,2026-01-19,5699281.82,4659373.57,82,"B-606857,B-307287,B-453573",,False,
W-496942,MANOHAR LAL,Lok Sabha,Haryana,KARNAL,V-484043,Health,2022-07-02,2022-07-30,7917886.38,7526591.92,48,"B-268083,B-66734,B-838724,B-18539,B-852540",,False,
W-553168,MANOJ KUMAR,Lok Sabha,Bihar,SASARAM(SC),V-121117,Health,2026-04-19,2026-05-15,14845755.03,11027433.07,50,"B-93744,B-881988,B-597284",,False,
W-103658,MANOJ KUMAR,Lok Sabha,Bihar,SASARAM(SC),V-477706,Health,2023-05-03,2023-05-13,29196980.82,27269426.65,35,"B-638030,B-612872",,False,
W-514717,MANOJ KUMAR,Lok Sabha,Bihar,SASARAM(SC),V-856816,Education,2023-07-27,2023-08-05,11104569.52,9751675.45,94,"B-142038,B-416515,B-606575",,False,
W-178501,MANOJ KUMAR,Lok Sabha,Bihar,SASARAM(SC),V-28522,Road,2026-04-07,2026-05-13,14667331.03,9960518.14,65,"B-327536,B-555359,B-59320,B-69755",,False,
W-978855,MANOJ KUMAR,Lok Sabha,Bihar,SASARAM(SC),V-760906,Other,2022-02-17,2022-02-27,12782164.87,16540325.09,81,"B-644521,B-821157,B-517353",,True,cost_overrun
W-322991,MANOJ KUMAR,Lok Sabha,Bihar,SASARAM(SC),V-936996,Water,2025-10-25,2025-11-08,49803345.02,35684766.87,88,"B-622883,B-413985,B-240271,B-120884",,False,
W-773534,MANOJ KUMAR,Lok Sabha,Bihar,SASARAM(SC),V-468600,Sanitation,2023-03-12,2023-03-14,13864853.71,10360324.89,81,"B-638843,B-472543,B-986558",,False,
W-162981,MANOJ TIGGA,Lok Sabha,West Bengal,ALIPURDUARS(ST),V-552918,Road,2025-08-25,2025-09-15,8353257.54,6100073.76,48,"B-526824,B-428671,B-619555,B-787538,B-786339",,True,sanction_delay
W-349827,MANOJ TIGGA,Lok Sabha,West Bengal,ALIPURDUARS(ST),V-665559,Road,2022-12-18,2022-12-31,10439053.09,7719420.0,94,"B-698786,B-722308",,False,
W-941251,MANOJ TIGGA,Lok Sabha,West Bengal,ALIPURDUARS(ST),V-864958,Health,2022-09-09,2022-10-07,49730910.18,38137357.42,77,"B-622037,B-883240,B-439481",,False,
W-244100,MANOJ TIGGA,Lok Sabha,West Bengal,ALIPURDUARS(ST),V-DUP-006,Road,2021-10-18,2021-10-25,6871813.75,6022526.66,66,"B-382463,B-688892,B-18411,B-821861,B-298126",,True,duplicate_vendor
W-422949,MANOJ TIGGA,Lok Sabha,West Bengal,ALIPURDUARS(ST),V-824698,Sanitation,2025-07-08,2025-07-19,26400407.85,25393923.91,94,"B-32913,B-246245",,False,
W-957392,MANOJ TIGGA,Lok Sabha,West Bengal,ALIPURDUARS(ST),V-922955,Sanitation,2025-10-30,2025-11-03,44469557.59,37545635.04,76,"B-812285,B-340415,B-433711,B-238925",,False,
W-516616,Manoj Tiwari,Lok Sabha,Delhi,NORTH EAST DELHI,V-753463,Water,2024-10-04,2024-11-05,28574211.15,19955481.54,83,"B-905726,B-36312,B-170644",,False,
W-317845,Manoj Tiwari,Lok Sabha,Delhi,NORTH EAST DELHI,V-138382,Sanitation,2025-10-11,2025-10-31,19761135.1,19151735.14,46,"B-443338,B-418582,B-614943",,False,
W-276521,Manoj Tiwari,Lok Sabha,Delhi,NORTH EAST DELHI,V-523910,Sanitation,2025-08-02,2025-08-14,45573681.84,40047802.25,40,"B-848864,B-12162,B-391919",,False,
W-329724,Manoj Tiwari,Lok Sabha,Delhi,NORTH EAST DELHI,V-204397,Health,2024-10-09,2024-10-24,16932777.9,12463250.6,55,"B-492666,B-354045,B-721241",,False,
W-176591,Manoj Tiwari,Lok Sabha,Delhi,NORTH EAST DELHI,V-949554,Sanitation,2023-03-13,2023-03-24,43732325.54,33148137.59,80,"B-469999,B-668515,B-107163,B-684006,B-618015",,False,
W-331725,Manoj Tiwari,Lok Sabha,Delhi,NORTH EAST DELHI,V-536977,Other,2024-01-16,2024-01-30,70140507.18,47208437.34,51,"B-86014,B-994256,B-701346",,False,
W-358424,Mansukhbhai Dhanjibhai Vasava,Lok Sabha,Gujarat,BHARUCH,V-308906,Water,2023-08-11,2023-08-17,13727033.71,10019847.51,80,"B-473721,B-215198,B-620949,B-731957,B-863040",,False,
W-904220,Mansukhbhai Dhanjibhai Vasava,Lok Sabha,Gujarat,BHARUCH,V-48897,Road,2024-02-29,2024-03-25,36730315.65,31303347.28,88,"B-363825,B-857090",,False,
W-560877,Mansukhbhai Dhanjibhai Vasava,Lok Sabha,Gujarat,BHARUCH,V-257460,Sanitation,2023-09-25,2023-09-29,18622180.62,15176815.78,40,"B-253009,B-911232,B-663078,B-49326",,False,
W-773732,Mansukhbhai Dhanjibhai Vasava,Lok Sabha,Gujarat,BHARUCH,V-308801,Sanitation,2026-08-10,2026-08-26,21641752.93,14190642.35,90,"B-800194,B-97848",,False,
W-520509,Mansukhbhai Dhanjibhai Vasava,Lok Sabha,Gujarat,BHARUCH,V-616780,Other,2021-11-13,2021-12-03,23176378.28,20374160.15,87,"B-130759,B-973921",,False,
W-332550,Mansukhbhai Dhanjibhai Vasava,Lok Sabha,Gujarat,BHARUCH,V-740617,Other,2024-01-15,2024-01-16,32367338.81,23829881.53,86,"B-923114,B-788467",,False,
W-119621,MIAN ALTAF AHMAD,Lok Sabha,Jammu And Kashmir,ANANTNAG,V-821548,Health,2025-08-15,2025-09-06,7965874.64,5961273.44,56,"B-274937,B-694696,B-459667",,False,
W-847215,MIAN ALTAF AHMAD,Lok Sabha,Jammu And Kashmir,ANANTNAG,V-50111,Water,2025-06-21,2025-06-30,45872476.83,39794465.93,78,"B-92038,B-972160",,False,
W-354477,MIAN ALTAF AHMAD,Lok Sabha,Jammu And Kashmir,ANANTNAG,V-886695,Health,2026-01-24,2026-02-09,16717052.59,11435062.8,90,"B-38436,B-716116,B-882413,B-25487",,False,
W-485367,MIAN ALTAF AHMAD,Lok Sabha,Jammu And Kashmir,ANANTNAG,V-903322,Road,2021-11-27,2021-12-28,22086932.17,19137025.3,58,"B-495085,B-781544,B-784900",,False,
W-385639,MIAN ALTAF AHMAD,Lok Sabha,Jammu And Kashmir,ANANTNAG,V-867021,Health,2023-03-10,2023-03-16,53622663.76,51814517.47,39,"B-557305,B-69896,B-998951,B-174878,B-274715",,False,
W-197219,Midhun Reddy,Lok Sabha,Andhra Pradesh,RAJAMPET,V-918011,Road,2021-12-03,2021-12-20,18475990.55,14217594.6,92,"B-565973,B-949071,B-151816,B-994989,B-899965",,False,
W-965836,Midhun Reddy,Lok Sabha,Andhra Pradesh,RAJAMPET,V-825898,Road,2025-07-03,2025-07-07,75226133.73,59098157.99,61,"B-559432,B-909698,B-117434,B-999337,B-51016",,False,
W-842654,Midhun Reddy,Lok Sabha,Andhra Pradesh,RAJAMPET,V-995903,Other,2026-04-02,2026-05-03,16058359.73,15633232.22,78,"B-347254,B-223963,B-119816,B-435281,B-557645",,False,
W-500172,Midhun Reddy,Lok Sabha,Andhra Pradesh,RAJAMPET,V-834745,Health,2024-01-15,2024-02-07,68296235.71,65347405.38,85,"B-543310,B-838024,B-879234",,False,
W-608715,MISHA BHARTI,Lok Sabha,Bihar,PATALIPUTRA,V-625082,Health,2021-11-08,2021-12-05,24253699.51,20750095.6,45,"B-179991,B-198997",,False,
W-197052,MISHA BHARTI,Lok Sabha,Bihar,PATALIPUTRA,V-282414,Water,2026-05-18,2026-05-22,11746733.47,8522482.38,48,"B-61669,B-258521",,False,
W-133572,MISHA BHARTI,Lok Sabha,Bihar,PATALIPUTRA,V-868811,Water,2022-12-05,2023-05-20,11662409.77,8225941.96,82,"B-757911,B-221825,B-653801,B-751928",,True,sanction_delay
W-976002,MISHA BHARTI,Lok Sabha,Bihar,PATALIPUTRA,V-429292,Education,2024-10-10,2024-10-12,18938555.34,15520362.93,76,"B-346713,B-665315,B-212678,B-238322",,False,
W-740332,MISHA BHARTI,Lok Sabha,Bihar,PATALIPUTRA,V-873109,Health,2023-08-21,2023-08-25,39751911.02,38074217.72,50,"B-178985,B-998542",,False,
W-186083,MISHA BHARTI,Lok Sabha,Bihar,PATALIPUTRA,V-482316,Education,2021-12-19,2022-01-18,39911690.88,37853350.82,52,"B-62827,B-567504,B-844384,B-639951,B-478759",,False,
W-830141,Mitesh Rameshbhai Bakabhai Patel,Lok Sabha,Gujarat,ANAND,V-34349,Road,2024-11-09,2024-12-07,13889005.4,11366689.78,70,"B-902411,B-367048,B-583019,B-41503,B-887320",,False,
W-302941,Mitesh Rameshbhai Bakabhai Patel,Lok Sabha,Gujarat,ANAND,V-656420,Sanitation,2023-06-22,2023-06-25,43781607.18,29076849.51,58,"B-13449,B-356755,B-447017,B-769887",,False,
W-101552,Mitesh Rameshbhai Bakabhai Patel,Lok Sabha,Gujarat,ANAND,V-117945,Water,2026-04-06,2026-04-11,30256305.65,24907994.87,78,"B-513228,B-654297",,False,
W-219535,Mitesh Rameshbhai Bakabhai Patel,Lok Sabha,Gujarat,ANAND,V-20762,Water,2022-08-31,2022-09-27,8396378.0,7950068.16,84,"B-652124,B-342717,B-906215,B-911961,B-153250",,False,
W-828396,Mitesh Rameshbhai Bakabhai Patel,Lok Sabha,Gujarat,ANAND,V-872903,Health,2024-06-22,2024-07-25,29758411.9,28211617.23,58,"B-998567,B-638224,B-54517",,False,
W-148778,Mitesh Rameshbhai Bakabhai Patel,Lok Sabha,Gujarat,ANAND,V-75601,Sanitation,2024-03-06,2024-03-19,20183291.87,19088158.77,62,"B-523302,B-588769,B-324449,B-713487,B-297599",,False,
W-235306,Mohamed Haneefa,Lok Sabha,Ladakh,LADAKH,V-839752,Other,2025-12-18,2026-01-05,18255900.19,13909267.61,38,"B-810494,B-284618,B-218673",,False,
W-831202,Mohamed Haneefa,Lok Sabha,Ladakh,LADAKH,V-153424,Road,2021-10-22,2021-11-08,44824058.23,32571008.9,64,"B-829722,B-294044,B-710788,B-139738,B-DUP-015",,True,duplicate_beneficiary
W-871365,Mohamed Haneefa,Lok Sabha,Ladakh,LADAKH,V-237477,Other,2022-01-01,2022-02-04,12969736.68,12272628.16,69,"B-836909,B-653049,B-793177,B-233072,B-142538",,False,
W-254076,Mohamed Haneefa,Lok Sabha,Ladakh,LADAKH,V-337907,Water,2025-03-07,2025-03-21,31926361.48,28924202.83,36,"B-405537,B-512707",,False,
W-714371,Mohamed Haneefa,Lok Sabha,Ladakh,LADAKH,V-915650,Sanitation,2023-04-24,2023-05-08,52332912.71,48097249.03,68,"B-685713,B-732276,B-17458",,False,
W-687810,MOHIBBULLAH,Lok Sabha,Uttar Pradesh,RAMPUR,V-563811,Other,2023-02-07,2023-03-04,4394680.77,4251846.24,87,"B-663401,B-731999,B-503984,B-798914",,False,
W-876488,MOHIBBULLAH,Lok Sabha,Uttar Pradesh,RAMPUR,V-846210,Road,2023-10-15,2023-11-04,26177722.78,20167191.28,43,"B-741726,B-424488,B-717630,B-793189",,False,
W-991444,MOHIBBULLAH,Lok Sabha,Uttar Pradesh,RAMPUR,V-660611,Sanitation,2026-07-16,2026-07-27,20766460.33,13505683.13,77,"B-165672,B-711113,B-500507,B-51395,B-479690",,False,
W-211660,MOHIBBULLAH,Lok Sabha,Uttar Pradesh,RAMPUR,V-769729,Sanitation,2024-09-26,2024-10-11,29147444.51,23679069.13,92,"B-218577,B-12290",,False,
W-711533,MOHIBBULLAH,Lok Sabha,Uttar Pradesh,RAMPUR,V-225057,Water,2023-10-13,2023-11-11,10565805.6,7461690.6,36,"B-261497,B-809281,B-102183",,False,
W-364975,MOHIBBULLAH,Lok Sabha,Uttar Pradesh,RAMPUR,V-283107,Health,2024-08-01,2024-09-22,9189140.76,7361130.01,72,"B-928301,B-890686,B-968313,B-515734,B-744683",,True,delayed_completion
W-543997,MOHIBBULLAH,Lok Sabha,Uttar Pradesh,RAMPUR,V-49347,Sanitation,2025-12-19,2025-12-26,7562403.25,6700492.21,49,"B-178552,B-475874,B-25999,B-668445,B-301461",,False,
W-124916,MOHIBBULLAH,Lok Sabha,Uttar Pradesh,RAMPUR,V-543517,Water,2026-01-31,2026-02-19,38461342.0,33785238.45,90,"B-53259,B-233015,B-238946",,False,
W-181864,MOHITE PATIL DHAIRYASHEEL RAJSINH,Lok Sabha,Maharashtra,MADHA,V-225333,Sanitation,2023-01-24,2023-01-30,56885099.54,51165834.52,68,"B-427367,B-93105,B-405007",,False,
W-527284,MOHITE PATIL DHAIRYASHEEL RAJSINH,Lok Sabha,Maharashtra,MADHA,V-682309,Other,2023-04-26,2023-05-09,26269460.19,18180411.44,44,"B-497753,B-274444,B-317821",,False,
W-113637,MOHITE PATIL DHAIRYASHEEL RAJSINH,Lok Sabha,Maharashtra,MADHA,V-280878,Education,2023-11-04,2023-12-03,28351273.02,27601142.03,42,"B-676007,B-69676",,False,
W-771130,MOHITE PATIL DHAIRYASHEEL RAJSINH,Lok Sabha,Maharashtra,MADHA,V-465547,Education,2023-10-16,2023-10-22,23083998.78,16734490.25,67,"B-552724,B-876707,B-612636",,False,
W-328703,MOHITE PATIL DHAIRYASHEEL RAJSINH,Lok Sabha,Maharashtra,MADHA,V-738806,Education,2024-11-09,2024-12-06,60045702.16,48713082.24,95,"B-664691,B-455622,B-180555,B-119301,B-154113",,False,
W-613084,Mr Gopal Jee Thakur,Lok Sabha,Bihar,DARBHANGA,V-306735,Health,2025-05-17,2025-06-14,18153189.47,17428146.47,47,"B-567070,B-977062",,False,
W-460845,Mr Gopal Jee Thakur,Lok Sabha,Bihar,DARBHANGA,V-459190,Health,2024-08-28,2024-09-13,20066129.05,13718694.51,43,"B-381177,B-936898,B-164358",,False,
W-438082,Mr Gopal Jee Thakur,Lok Sabha,Bihar,DARBHANGA,V-103877,Sanitation,2022-09-27,2022-09-29,108045681.48,79662119.23,88,"B-517558,B-640324,B-614185,B-876919,B-74636",,False,
W-425185,Ms Mahua Moitra,Lok Sabha,West Bengal,KRISHNANAGAR,V-212678,Road,2025-06-08,2025-07-11,54476701.62,46211669.69,86,"B-964088,B-82078,B-644704",,False,
W-816996,Ms Mahua Moitra,Lok Sabha,West Bengal,KRISHNANAGAR,V-622214,Health,2023-08-20,2023-09-08,20120317.16,14805678.62,53,"B-792940,B-931089,B-96561,B-866786,B-246663",,False,
W-533394,Ms Mahua Moitra,Lok Sabha,West Bengal,KRISHNANAGAR,V-335534,Other,2026-07-12,2026-07-17,50994260.33,35281185.68,79,"B-965619,B-322678,B-335618,B-890349",,False,
W-214564,Ms Mahua Moitra,Lok Sabha,West Bengal,KRISHNANAGAR,V-838768,Other,2026-02-22,2026-03-01,8544515.7,6493913.8,70,"B-543529,B-646828",,False,
W-244902,Ms Mahua Moitra,Lok Sabha,West Bengal,KRISHNANAGAR,V-40373,Education,2023-12-11,2023-12-22,24929925.96,19300000.16,79,"B-524382,B-696377,B-916275,B-812120,B-960010",,False,
W-812890,MUHAMMED HAMDULLAH SAYEED,Lok Sabha,Lakshadweep,LAKSHADWEEP(ST),V-482643,Sanitation,2024-10-12,2024-10-21,3321013.34,2618297.23,53,"B-828562,B-643411,B-158259,B-140419",,False,
W-855821,MUHAMMED HAMDULLAH SAYEED,Lok Sabha,Lakshadweep,LAKSHADWEEP(ST),V-359830,Road,2026-05-13,2026-05-14,14479956.08,13090335.25,54,"B-805932,B-288445,B-532405",,False,
W-392597,MUHAMMED HAMDULLAH SAYEED,Lok Sabha,Lakshadweep,LAKSHADWEEP(ST),V-18770,Road,2022-04-20,2022-04-29,41038640.8,30186643.76,55,"B-276717,B-976896,B-742206",,False,
W-107856,MUHAMMED HAMDULLAH SAYEED,Lok Sabha,Lakshadweep,LAKSHADWEEP(ST),V-782963,Sanitation,2025-11-26,2025-12-07,46107320.45,39172415.4,74,"B-71986,B-421772,B-447268,B-266836",,False,
W-820730,MUHAMMED HAMDULLAH SAYEED,Lok Sabha,Lakshadweep,LAKSHADWEEP(ST),V-412551,Other,2024-02-26,2024-03-05,14438642.71,10368678.27,43,"B-988930,B-179258,B-341389,B-985745,B-239757",,False,
W-887627,MUHAMMED HAMDULLAH SAYEED,Lok Sabha,Lakshadweep,LAKSHADWEEP(ST),V-DUP-002,Other,2021-09-06,2021-09-09,33787174.73,27679519.11,48,"B-253603,B-352452,B-192969,B-241159",,True,duplicate_vendor
W-270690,Mukesh Rajput,Lok Sabha,Uttar Pradesh,FARRUKHABAD,V-368671,Health,2024-07-19,2024-08-07,16452019.21,11792759.55,94,"B-44060,B-247945",,False,
W-257118,Mukesh Rajput,Lok Sabha,Uttar Pradesh,FARRUKHABAD,V-301519,Education,2022-08-06,2022-09-02,4651825.49,4082920.65,52,"B-66658,B-244995",,False,
W-870154,Mukesh Rajput,Lok Sabha,Uttar Pradesh,FARRUKHABAD,V-746540,Health,2022-12-18,2022-12-24,7469179.43,5041086.82,67,"B-194343,B-372883,B-226684,B-303833,B-685775",,False,
W-470222,Mukesh Rajput,Lok Sabha,Uttar Pradesh,FARRUKHABAD,V-955305,Other,2024-10-22,2024-11-14,8710571.46,7305122.89,73,"B-335267,B-104253,B-111727,B-202788",,False,
W-527590,Mukesh Rajput,Lok Sabha,Uttar Pradesh,FARRUKHABAD,V-629187,Health,2026-06-20,2026-06-29,29664573.46,21774964.17,58,"B-50109,B-475129,B-494726,B-274168,B-897141",,False,
W-191495,Mukesh Rajput,Lok Sabha,Uttar Pradesh,FARRUKHABAD,V-749546,Sanitation,2026-07-31,2026-08-31,52722518.73,34860131.79,66,"B-306144,B-563444,B-499896,B-958608",,False,
W-751855,Mukesh Rajput,Lok Sabha,Uttar Pradesh,FARRUKHABAD,V-732754,Education,2023-10-04,2023-10-07,26594312.22,20567647.62,91,"B-701529,B-229388,B-286456,B-324925",,False,
W-560376,MUKESHKUMAR CHANDRAKAANT DALAL,Lok Sabha,Gujarat,SURAT,V-69673,Other,2022-07-25,2022-08-01,8699035.32,5717461.01,44,"B-83622,B-560964,B-7693,B-388637,B-944367",,False,
W-474183,MUKESHKUMAR CHANDRAKAANT DALAL,Lok Sabha,Gujarat,SURAT,V-451702,Other,2023-06-06,2023-06-15,20730465.05,17532287.94,90,"B-518506,B-23921,B-815328",,False,
W-430784,MUKESHKUMAR CHANDRAKAANT DALAL,Lok Sabha,Gujarat,SURAT,V-824796,Other,2023-12-13,2023-12-25,9571239.11,7477638.85,75,"B-636646,B-598206,B-836378",,False,
W-514637,MUKESHKUMAR CHANDRAKAANT DALAL,Lok Sabha,Gujarat,SURAT,V-690132,Other,2024-12-20,2025-01-11,37217083.87,35992975.62,78,"B-390732,B-413448,B-476311",,False,
W-801783,MUKESHKUMAR CHANDRAKAANT DALAL,Lok Sabha,Gujarat,SURAT,V-995154,Road,2024-06-26,2024-07-30,70047176.65,60967177.47,85,"B-707726,B-465469,B-687373,B-395193",,False,
W-758307,MURARI LAL MEENA,Lok Sabha,Rajasthan,DAUSA(ST),V-917919,Water,2025-03-20,2025-03-23,25686744.89,18967839.1,91,"B-462438,B-68337,B-696353",,False,
W-197247,MURARI LAL MEENA,Lok Sabha,Rajasthan,DAUSA(ST),V-166944,Road,2025-04-07,2025-05-05,12809400.7,9014482.44,77,"B-910943,B-63348",,False,
W-412581,MURARI LAL MEENA,Lok Sabha,Rajasthan,DAUSA(ST),V-882390,Other,2023-02-08,2023-02-23,32845942.28,23852198.35,74,"B-95728,B-118802,B-995062,B-113642",,False,
W-689577,MURARI LAL MEENA,Lok Sabha,Rajasthan,DAUSA(ST),V-691769,Water,2022-09-11,2022-10-02,74922912.13,63728912.93,91,"B-346566,B-166599,B-74902,B-930039,B-403230",,False,
W-239506,MURASOLI S,Lok Sabha,Tamil Nadu,THANJAVUR,V-DUP-000,Road,2021-10-07,2021-10-11,37378247.55,33306791.01,72,"B-914995,B-209186,B-214198,B-358118,B-997944",,True,duplicate_vendor
W-823200,MURASOLI S,Lok Sabha,Tamil Nadu,THANJAVUR,V-976851,Road,2022-02-21,2022-03-17,14532891.59,10407920.26,67,"B-947257,B-386036,B-731917,B-454397,B-935958",,False,
W-515737,MURASOLI S,Lok Sabha,Tamil Nadu,THANJAVUR,V-171363,Health,2025-10-17,2025-10-25,1729716.52,1557836.73,35,"B-977733,B-600271,B-991769,B-495846",,False,
W-137918,MURASOLI S,Lok Sabha,Tamil Nadu,THANJAVUR,V-523104,Health,2026-02-04,2026-02-16,17193373.1,11649412.67,80,"B-757738,B-782476,B-864745,B-356536,B-23222",,False,
W-965045,MURASOLI S,Lok Sabha,Tamil Nadu,THANJAVUR,V-685516,Education,2022-09-10,2022-11-14,5784524.95,5031107.16,63,"B-614579,B-806467,B-431763,B-814802,B-424761",,False,
W-675385,MURASOLI S,Lok Sabha,Tamil Nadu,THANJAVUR,V-459844,Health,2024-12-04,2025-01-05,25967824.18,18546759.44,75,"B-473620,B-493039,B-238412,B-940526",,False,
W-939580,MURASOLI S,Lok Sabha,Tamil Nadu,THANJAVUR,V-451596,Sanitation,2025-06-20,2025-07-02,24116690.48,19555759.56,58,"B-593734,B-757599",,False,
W-850497,MURASOLI S,Lok Sabha,Tamil Nadu,THANJAVUR,V-263810,Water,2022-04-01,2022-05-05,19561731.62,17402612.07,89,"B-331207,B-102637,B-625131",,False,
W-849369,MURLIDHAR MOHOL,Lok Sabha,Maharashtra,PUNE,V-760644,Education,2022-01-08,2022-01-10,26276064.73,38594621.93,77,"B-827739,B-759375,B-292440,B-538815,B-88317",,True,cost_overrun
W-759935,MURLIDHAR MOHOL,Lok Sabha,Maharashtra,PUNE,V-771336,Sanitation,2022-07-09,2022-08-11,9346023.91,7490939.04,92,B-DUP-011,,True,duplicate_beneficiary
W-911013,MURLIDHAR MOHOL,Lok Sabha,Maharashtra,PUNE,V-640976,Road,2025-01-30,2025-02-14,38185414.43,30050778.06,76,"B-334052,B-639204,B-420347,B-373820,B-455333",,False,
W-186905,MURLIDHAR MOHOL,Lok Sabha,Maharashtra,PUNE,V-541171,Sanitation,2022-10-21,2019-12-18,14666888.64,9545133.21,64,"B-102675,B-392240",,True,delayed_completion
W-410473,MURLIDHAR MOHOL,Lok Sabha,Maharashtra,PUNE,V-249937,Education,2025-09-29,2026-02-05,34169442.5,26642849.99,78,"B-837197,B-122526,B-885182,B-29360,B-181481",,True,sanction_delay
W-690961,MURLIDHAR MOHOL,Lok Sabha,Maharashtra,PUNE,V-124183,Water,2022-03-20,2022-04-09,23621165.79,21218303.0,63,"B-423122,B-217368,B-129096,B-127624,B-16821",,False,
W-973012,NABA CHARAN MAJHI,Lok Sabha,Odisha,MAYURBHANJ (ST),V-475637,Other,2024-12-27,2025-01-03,74744849.83,62082558.89,56,"B-130676,B-885379,B-114901,B-874647,B-956391",,False,
W-719075,NABA CHARAN MAJHI,Lok Sabha,Odisha,MAYURBHANJ (ST),V-131735,Road,2024-10-15,2024-11-14,41909788.34,31471050.03,81,"B-666112,B-493710,B-256155",,False,
W-718335,NABA CHARAN MAJHI,Lok Sabha,Odisha,MAYURBHANJ (ST),V-842624,Other,2023-09-01,2023-09-02,30171499.15,25029489.95,91,"B-447438,B-737446",,False,
W-807028,NALIN SOREN,Lok Sabha,Jharkhand,DUMKA(ST),V-486498,Other,2026-05-23,2026-05-26,38186698.73,34064907.58,59,"B-820151,B-492894,B-692347",,False,
W-471215,NALIN SOREN,Lok Sabha,Jharkhand,DUMKA(ST),V-158062,Road,2023-09-28,2023-10-05,35875892.49,31273261.74,69,"B-663533,B-213417,B-490556,B-976639,B-820133",,False,
W-178133,NALIN SOREN,Lok Sabha,Jharkhand,DUMKA(ST),V-569767,Education,2025-09-13,2025-10-02,28375543.97,23225870.83,85,"B-557840,B-224305,B-14019",,False,
W-233625,NALIN SOREN,Lok Sabha,Jharkhand,DUMKA(ST),V-56255,Health,2025-02-03,2025-03-01,8012603.93,5269431.75,43,"B-321895,B-57141",,False,
W-780305,NALIN SOREN,Lok Sabha,Jharkhand,DUMKA(ST),V-608439,Road,2024-09-13,2024-10-07,5010923.61,4716642.02,90,"B-199040,B-77060,B-894031,B-178876",,False,
W-866625,NALIN SOREN,Lok Sabha,Jharkhand,DUMKA(ST),V-514375,Sanitation,2026-08-07,2026-09-01,24742079.34,20372661.66,47,"B-507460,B-448441,B-118834,B-82617",,False,
W-395875,NALIN SOREN,Lok Sabha,Jharkhand,DUMKA(ST),V-575902,Sanitation,2024-11-04,2024-11-07,6423534.55,4420175.4,76,"B-73914,B-170820,B-851775",,False,
W-839870,NARAYAN DAS AHIRWAR,Lok Sabha,Uttar Pradesh,JALAUN(SC),V-48068,Health,2022-03-08,2022-03-28,23841053.34,21186185.07,46,"B-875507,B-110183,B-287328,B-213926,B-338079",,False,
W-979668,NARAYAN DAS AHIRWAR,Lok Sabha,Uttar Pradesh,JALAUN(SC),V-710402,Education,2025-01-04,2025-01-18,10487568.63,8280766.06,75,"B-614880,B-866026,B-36239",,False,
W-158097,NARAYAN DAS AHIRWAR,Lok Sabha,Uttar Pradesh,JALAUN(SC),V-751598,Road,2021-11-17,2021-12-06,6095465.44,4179943.98,86,"B-757921,B-971193,B-970103",,False,
W-710281,NARAYAN DAS AHIRWAR,Lok Sabha,Uttar Pradesh,JALAUN(SC),V-841364,Health,2021-11-12,2021-11-18,62249798.76,48388723.94,43,"B-661985,B-865646,B-593128,B-530239,B-914272",,False,
W-479098,NARAYAN DAS AHIRWAR,Lok Sabha,Uttar Pradesh,JALAUN(SC),V-791193,Water,2023-01-06,2023-01-26,16256303.67,12870048.99,70,"B-20524,B-974847,B-473583,B-317424",,False,
W-280055,NARAYAN DAS AHIRWAR,Lok Sabha,Uttar Pradesh,JALAUN(SC),V-367371,Road,2024-11-11,2024-12-04,4924247.15,3907560.7,57,"B-146765,B-202075,B-955441",,False,
W-641396,NARAYAN DAS AHIRWAR,Lok Sabha,Uttar Pradesh,JALAUN(SC),V-740065,Road,2025-08-13,2025-09-06,9503127.69,6367900.02,35,"B-123377,B-509224,B-99728,B-24479",,False,
W-647606,NARAYAN DAS AHIRWAR,Lok Sabha,Uttar Pradesh,JALAUN(SC),V-739144,Health,2021-11-28,2021-12-17,12907435.32,11613184.14,88,"B-860228,B-229779,B-926511,B-702467,B-171705",,False,
W-786956,NARAYAN TATU RANE,Lok Sabha,Maharashtra,RATNAGIRI-SINDHUDURG,V-323115,Sanitation,2026-01-09,2026-01-31,21173550.67,19749658.41,92,"B-183506,B-547006",,False,
W-820169,NARAYAN TATU RANE,Lok Sabha,Maharashtra,RATNAGIRI-SINDHUDURG,V-347976,Education,2022-03-19,2022-03-21,4116190.15,3056047.55,40,"B-87480,B-704599",,False,
W-348791,NARAYAN TATU RANE,Lok Sabha,Maharashtra,RATNAGIRI-SINDHUDURG,V-169601,Other,2024-07-23,2024-08-10,10314314.23,9994664.35,75,"B-413761,B-333871",,False,
W-401870,NARAYAN TATU RANE,Lok Sabha,Maharashtra,RATNAGIRI-SINDHUDURG,V-853930,Education,2023-12-06,2023-12-16,15471192.43,14089810.09,68,"B-412661,B-22550,B-731425,B-98932",,False,
W-157778,NARAYAN TATU RANE,Lok Sabha,Maharashtra,RATNAGIRI-SINDHUDURG,V-508712,Water,2023-04-20,2023-05-09,21559188.14,18228104.54,93,"B-481239,B-920365",,False,
W-301982,NARAYAN TATU RANE,Lok Sabha,Maharashtra,RATNAGIRI-SINDHUDURG,V-975889,Road,2025-07-31,2025-08-07,46825755.89,44069183.83,36,"B-662220,B-669151,B-276695",,False,
W-299422,NARAYAN TATU RANE,Lok Sabha,Maharashtra,RATNAGIRI-SINDHUDURG,V-988090,Health,2021-10-21,2021-11-19,18148468.29,16491971.93,81,"B-175909,B-766344,B-320323",,False,
W-446217,NARAYAN TATU RANE,Lok Sabha,Maharashtra,RATNAGIRI-SINDHUDURG,V-821747,Education,2024-06-11,2024-06-24,8656340.19,8304769.05,83,"B-762739,B-7930",,False,
W-855677,NARESH CHANDRA UTTAM PATEL,Lok Sabha,Uttar Pradesh,FATEHPUR,V-222924,Water,2025-11-24,2025-11-27,34639673.98,31572112.17,95,"B-910599,B-941296,B-358126,B-698123,B-370360",,False,
W-359985,NARESH CHANDRA UTTAM PATEL,Lok Sabha,Uttar Pradesh,FATEHPUR,V-137761,Health,2024-10-04,2024-10-07,12782463.11,8953768.82,51,"B-466787,B-563249,B-653835,B-416949,B-502162",,False,
W-626334,NARESH CHANDRA UTTAM PATEL,Lok Sabha,Uttar Pradesh,FATEHPUR,V-71540,Health,2024-02-02,2024-02-08,77202361.67,52192663.79,54,"B-467542,B-890911,B-419308,B-441522,B-671733",,False,
W-340262,NARESH CHANDRA UTTAM PATEL,Lok Sabha,Uttar Pradesh,FATEHPUR,V-778282,Water,2023-12-24,2024-01-24,21640501.23,18749101.01,77,"B-899864,B-322546,B-758403,B-719636",,False,
W-113089,NARESH GANPAT MHASKE,Lok Sabha,Maharashtra,THANE,V-239181,Other,2023-06-14,2023-06-15,71544366.75,58839371.74,65,"B-419884,B-834004,B-926446,B-533311,B-565697",,False,
W-121857,NARESH GANPAT MHASKE,Lok Sabha,Maharashtra,THANE,V-18637,Education,2021-12-16,2021-12-26,14776585.28,13514927.0,62,"B-845378,B-161965,B-316586,B-174170,B-496991",,False,
W-714285,NARESH GANPAT MHASKE,Lok Sabha,Maharashtra,THANE,V-97295,Education,2024-11-01,2024-11-28,59944047.97,44562188.03,36,"B-6812,B-446034,B-811929",,False,
W-829295,NAVEEN JINDAL,Lok Sabha,Haryana,KURUKSHETRA,V-670494,Education,2024-08-05,2024-09-01,50594203.2,46880491.79,66,"B-749722,B-522871,B-566523,B-430559,B-311922",,False,
W-872613,NAVEEN JINDAL,Lok Sabha,Haryana,KURUKSHETRA,V-500052,Sanitation,2024-07-28,2024-07-30,25894139.49,23660704.32,42,"B-945027,B-440309,B-278753,B-303932",,False,
W-471393,NAVEEN JINDAL,Lok Sabha,Haryana,KURUKSHETRA,V-28072,Education,2025-10-22,2025-10-29,25742744.81,24647693.44,89,"B-336473,B-400266,B-698932",,False,
W-859066,NAVEEN JINDAL,Lok Sabha,Haryana,KURUKSHETRA,V-187812,Road,2026-01-08,2026-02-06,44033912.5,37415066.02,69,"B-978880,B-800030,B-392594,B-636398",,False,
W-589586,NEERAJ MAURYA,Lok Sabha,Uttar Pradesh,AONLA,V-321926,Road,2023-07-08,2023-08-07,71305229.07,62374751.65,71,"B-108516,B-822489,B-22471",,False,
W-574361,NEERAJ MAURYA,Lok Sabha,Uttar Pradesh,AONLA,V-367035,Water,2022-12-25,2023-01-04,44078952.07,32146135.58,69,"B-745652,B-395659",,False,
W-372293,NEERAJ MAURYA,Lok Sabha,Uttar Pradesh,AONLA,V-25204,Other,2023-03-19,2023-04-06,30880818.86,23007881.36,87,"B-681223,B-39988,B-424274",,False,
W-873480,NILESH DNYANDEV LANKE,Lok Sabha,Maharashtra,AHMEDNAGAR,V-272096,Education,2023-02-11,2023-02-15,26617430.56,24626978.76,37,"B-739893,B-878166,B-990626,B-601124,B-652698",,False,
W-530924,NILESH DNYANDEV LANKE,Lok Sabha,Maharashtra,AHMEDNAGAR,V-251914,Water,2026-02-18,2026-03-14,28958366.89,25978779.55,79,"B-426092,B-790276,B-881540",,False,
W-409401,NILESH DNYANDEV LANKE,Lok Sabha,Maharashtra,AHMEDNAGAR,V-481990,Health,2024-08-06,2024-08-28,13535512.71,8967907.35,90,"B-442951,B-49701",,False,
W-758637,NILESH DNYANDEV LANKE,Lok Sabha,Maharashtra,AHMEDNAGAR,V-772795,Other,2024-05-16,2024-06-17,36578176.28,32698974.65,73,"B-968600,B-991270",,False,
W-294547,NILESH DNYANDEV LANKE,Lok Sabha,Maharashtra,AHMEDNAGAR,V-445963,Sanitation,2021-11-17,2021-11-20,2133125.76,2054506.03,80,"B-956215,B-676918",,False,
W-239585,NILESH DNYANDEV LANKE,Lok Sabha,Maharashtra,AHMEDNAGAR,V-340526,Road,2024-09-10,2024-09-18,38442387.8,27304444.71,69,"B-766699,B-233291",,False,
W-343086,NIMUBEN JAYANTIBHAI BAMBHANIYA,Lok Sabha,Gujarat,BHAVNAGAR,V-160086,Water,2023-11-28,2023-12-10,62689194.38,57280636.46,74,B-DUP-006,,True,duplicate_beneficiary
W-336090,NIMUBEN JAYANTIBHAI BAMBHANIYA,Lok Sabha,Gujarat,BHAVNAGAR,V-46257,Sanitation,2025-04-30,2025-05-07,23345945.84,16296572.61,83,"B-754839,B-264963,B-518654",,False,
W-102902,NIMUBEN JAYANTIBHAI BAMBHANIYA,Lok Sabha,Gujarat,BHAVNAGAR,V-787695,Sanitation,2025-01-22,2025-02-21,14899204.03,11159338.78,79,"B-520144,B-738172,B-992845,B-787911,B-866083",,False,
W-309155,NIMUBEN JAYANTIBHAI BAMBHANIYA,Lok Sabha,Gujarat,BHAVNAGAR,V-677156,Other,2021-12-28,2022-01-28,45330655.74,33112439.29,53,"B-279215,B-84105,B-793587,B-651115,B-7657",,False,
W-527639,Nishikant Dubey,Lok Sabha,Jharkhand,GODDA,V-774905,Road,2022-08-01,2022-08-06,45536199.02,38375288.15,41,"B-852219,B-749700,B-684120",,False,
W-240330,Nishikant Dubey,Lok Sabha,Jharkhand,GODDA,V-588692,Water,2025-02-23,2025-03-13,6473489.09,4211773.05,67,"B-829175,B-757481,B-250680,B-322408,B-622572",,False,
W-794200,Nishikant Dubey,Lok Sabha,Jharkhand,GODDA,V-505386,Health,2022-10-23,2022-11-04,23249508.62,16187523.46,49,"B-650421,B-516717,B-216723",,False,
W-608287,Nishikant Dubey,Lok Sabha,Jharkhand,GODDA,V-519507,Health,2026-01-24,2026-02-10,15248672.57,13119087.1,36,"B-990580,B-374537,B-569246,B-632851",,False,
W-282958,Nishikant Dubey,Lok Sabha,Jharkhand,GODDA,V-956543,Health,2022-11-18,2022-11-19,8122357.02,7615514.36,56,"B-494955,B-435283,B-832266",,False,
W-596786,Nishikant Dubey,Lok Sabha,Jharkhand,GODDA,V-254782,Water,2022-08-05,2022-08-07,15859447.22,14353328.14,94,"B-419025,B-498970,B-996641,B-527310",,False,
W-319303,Nishikant Dubey,Lok Sabha,Jharkhand,GODDA,V-741273,Sanitation,2024-12-29,2025-01-20,17688099.49,13989192.79,38,"B-722372,B-895738,B-416126",,False,
W-694041,Nishikant Dubey,Lok Sabha,Jharkhand,GODDA,V-365002,Other,2022-03-28,2022-04-15,14087226.96,9391900.07,47,"B-261374,B-452037,B-886309",,False,
W-131078,Nitin Jairam Gadkari,Lok Sabha,Maharashtra,NAGPUR,V-987085,Other,2022-12-02,2022-12-23,39548611.36,33978959.31,42,"B-24697,B-277364,B-313198,B-17398,B-401492",,False,
W-138298,Nitin Jairam Gadkari,Lok Sabha,Maharashtra,NAGPUR,V-644083,Health,2022-03-11,2022-03-24,50133798.34,35532471.94,76,"B-705655,B-109571,B-466680,B-801314,B-397833",,False,
W-217676,Nitin Jairam Gadkari,Lok Sabha,Maharashtra,NAGPUR,V-866391,Sanitation,2023-08-15,2023-08-18,25913237.65,21983407.15,92,"B-804163,B-760388",,False,
W-646033,Nitin Jairam Gadkari,Lok Sabha,Maharashtra,NAGPUR,V-857872,Water,2023-02-05,2023-02-27,26532852.6,20250322.98,76,"B-352422,B-135761,B-131684,B-435603,B-897850",,False,
W-170835,Nitin Jairam Gadkari,Lok Sabha,Maharashtra,NAGPUR,V-267173,Road,2022-01-10,2022-02-08,25225610.73,23935146.27,53,"B-772069,B-984550,B-117660",,False,
W-722658,Nityanand Rai,Lok Sabha,Bihar,UJJARPUR,V-291761,Water,2025-03-19,2025-03-19,39550414.61,29422051.07,66,"B-739004,B-307182,B-733306,B-150820,B-574351",,False,
W-942392,Nityanand Rai,Lok Sabha,Bihar,UJJARPUR,V-946878,Water,2026-03-20,2026-03-22,26185123.93,19780238.72,47,"B-420838,B-137399,B-760775",,False,
W-253194,Nityanand Rai,Lok Sabha,Bihar,UJJARPUR,V-359068,Other,2026-07-02,2026-07-15,19726505.72,17279979.17,42,"B-289846,B-924097",,False,
W-674042,Nityanand Rai,Lok Sabha,Bihar,UJJARPUR,V-66722,Education,2025-10-28,2025-11-13,39755687.09,34301404.69,53,"B-130350,B-714289,B-130549",,False,
W-557129,Nityanand Rai,Lok Sabha,Bihar,UJJARPUR,V-150667,Health,2023-07-07,2023-08-09,21047268.65,20485137.56,60,"B-380844,B-864226",,False,
W-120698,Om Birla,Lok Sabha,Rajasthan,KOTA,V-149098,Education,2024-09-22,2024-10-04,82275482.75,55539786.34,91,"B-688060,B-122993,B-356327",,False,
W-463545,Om Birla,Lok Sabha,Rajasthan,KOTA,V-350724,Health,2025-08-31,2025-09-14,15985391.13,14024121.95,62,"B-51947,B-799338,B-282885",,False,
W-112768,Om Birla,Lok Sabha,Rajasthan,KOTA,V-677246,Health,2024-04-07,2024-04-15,34346510.04,23084500.41,89,"B-101915,B-597085",,False,
W-956813,Om Birla,Lok Sabha,Rajasthan,KOTA,V-237474,Education,2021-11-08,2021-11-29,30480037.9,21645525.87,95,"B-215371,B-214812,B-215809",,False,
W-834644,Omprakash Bhupalsinh Alias Pawan Rajenimbalkar,Lok Sabha,Maharashtra,OSMANABAD,V-738564,Education,2025-12-24,2026-01-14,57221629.34,61778898.69,83,"B-721601,B-769748,B-989101,B-548974,B-383927",,True,cost_overrun
W-157609,Omprakash Bhupalsinh Alias Pawan Rajenimbalkar,Lok Sabha,Maharashtra,OSMANABAD,V-895393,Education,2024-03-21,2024-03-29,25578413.8,17701596.29,59,"B-279302,B-872874,B-651268,B-550784,B-284056",,False,
W-135215,Omprakash Bhupalsinh Alias Pawan Rajenimbalkar,Lok Sabha,Maharashtra,OSMANABAD,V-790810,Sanitation,2023-03-11,2023-09-27,101034683.37,66737119.15,84,"B-207377,B-398585,B-480577,B-740962,B-770846",,True,sanction_delay
W-366506,P C Mohan,Lok Sabha,Karnataka,BANGALORE CENTRAL,V-460334,Health,2023-01-15,2023-01-19,29139762.23,20177746.0,60,"B-142684,B-648965,B-971031,B-994750",,False,
W-687947,P C Mohan,Lok Sabha,Karnataka,BANGALORE CENTRAL,V-739239,Road,2025-11-22,2025-12-13,9608924.42,7356199.3,37,"B-86143,B-720908,B-175127,B-888508",,False,
W-356798,P C Mohan,Lok Sabha,Karnataka,BANGALORE CENTRAL,V-185456,Sanitation,2026-05-27,2026-06-12,2243515.19,2040933.48,43,"B-329032,B-910416",,False,
W-475227,P C Mohan,Lok Sabha,Karnataka,BANGALORE CENTRAL,V-420610,Sanitation,2024-06-18,2024-07-01,44194114.51,29116266.96,35,"B-580590,B-986561,B-692244",,False,
W-767787,P C Mohan,Lok Sabha,Karnataka,BANGALORE CENTRAL,V-873583,Water,2024-12-29,2025-01-18,20349278.7,16795139.3,38,"B-478373,B-343353,B-268239,B-15726,B-635379",,False,
W-153433,P C Mohan,Lok Sabha,Karnataka,BANGALORE CENTRAL,V-590691,Road,2024-03-11,2024-02-08,10462295.29,8502471.8,69,"B-379429,B-879497,B-592855,B-252301,B-73891",,True,delayed_completion
W-169094,P C Mohan,Lok Sabha,Karnataka,BANGALORE CENTRAL,V-945653,Sanitation,2024-12-04,2025-01-06,43197842.21,35302663.31,70,"B-102117,B-737175,B-838986",,False,
W-607166,Pankaj Chowdhary,Lok Sabha,Uttar Pradesh,MAHARAJGANJ_UP,V-740125,Sanitation,2024-04-22,2024-04-27,9467598.58,8417418.0,87,"B-93886,B-451821,B-764009,B-362236",,False,
W-930702,Pankaj Chowdhary,Lok Sabha,Uttar Pradesh,MAHARAJGANJ_UP,V-347121,Sanitation,2022-08-19,2022-09-02,14493211.46,12740140.45,82,"B-561795,B-1013,B-127592,B-490203,B-318920",,False,
W-683124,Pankaj Chowdhary,Lok Sabha,Uttar Pradesh,MAHARAJGANJ_UP,V-211010,Road,2024-06-09,2024-07-06,39203525.17,32537952.13,66,"B-315750,B-961019,B-312570,B-669631",,False,
W-975972,Pankaj Chowdhary,Lok Sabha,Uttar Pradesh,MAHARAJGANJ_UP,V-485425,Education,2024-04-14,2024-05-18,14000029.23,12745327.29,84,"B-529868,B-924818,B-248858,B-962926,B-129613",,False,
W-192865,Pankaj Chowdhary,Lok Sabha,Uttar Pradesh,MAHARAJGANJ_UP,V-610729,Water,2022-03-17,2022-03-21,12551009.77,9144042.54,47,"B-260305,B-497041,B-172212",,False,
W-722521,Pankaj Chowdhary,Lok Sabha,Uttar Pradesh,MAHARAJGANJ_UP,V-16712,Education,2024-09-20,2024-09-25,22875300.42,17832132.82,48,"B-389733,B-669429",,False,
W-681030,Pankaj Chowdhary,Lok Sabha,Uttar Pradesh,MAHARAJGANJ_UP,V-22674,Other,2021-10-27,2021-12-08,17976895.79,12287803.24,70,"B-112890,B-186883,B-203848",,False,
W-954648,Pankaj Chowdhary,Lok Sabha,Uttar Pradesh,MAHARAJGANJ_UP,V-471541,Road,2026-01-31,2026-02-23,15697429.57,12267853.44,80,"B-361995,B-383469,B-121015",,False,
W-707821,PARIMAL SUKLABAIDYA,Lok Sabha,Assam,SILCHAR,V-109721,Sanitation,2023-08-30,2023-09-16,82648442.97,72152259.32,80,"B-971065,B-987827",,False,
W-840317,PARIMAL SUKLABAIDYA,Lok Sabha,Assam,SILCHAR,V-589031,Water,2021-11-15,2021-12-02,46263288.1,42255339.59,62,"B-361997,B-779041,B-634829",,False,
W-817054,PARIMAL SUKLABAIDYA,Lok Sabha,Assam,SILCHAR,V-46102,Other,2023-01-17,2023-01-17,18646925.25,15787743.55,49,"B-552274,B-899193,B-117268",,False,
W-951253,PARSHOTTAMBHAI RUPALA,Lok Sabha,Gujarat,RAJKOT,V-941312,Education,2023-01-20,2023-01-31,8194695.15,7540882.84,83,"B-586702,B-993612,B-650774,B-701771,B-221061",,False,
W-333301,PARSHOTTAMBHAI RUPALA,Lok Sabha,Gujarat,RAJKOT,V-982901,Water,2022-02-20,2022-03-21,129906872.84,98620544.88,68,"B-685226,B-991683,B-94740,B-959694",,False,
W-687642,PARSHOTTAMBHAI RUPALA,Lok Sabha,Gujarat,RAJKOT,V-467340,Health,2025-08-14,2025-09-02,8163432.01,6902731.55,63,"B-787024,B-93586,B-358169",,False,
W-941962,PARTHA BHOWMICK,Lok Sabha,West Bengal,BARRACKPUR,V-545481,Health,2026-01-30,2026-03-05,25564244.28,24987295.74,85,"B-873708,B-185351,B-974056",,False,
W-298321,PARTHA BHOWMICK,Lok Sabha,West Bengal,BARRACKPUR,V-70556,Health,2021-11-09,2021-11-09,21649582.7,20851115.71,93,"B-255998,B-136649,B-777043,B-DUP-015",,True,duplicate_beneficiary
W-601820,PARTHA BHOWMICK,Lok Sabha,West Bengal,BARRACKPUR,V-728613,Water,2025-11-09,2025-11-27,24525710.67,22355577.19,87,"B-803328,B-367311",,False,
W-311857,PARTHA BHOWMICK,Lok Sabha,West Bengal,BARRACKPUR,V-552658,Sanitation,2022-02-17,2022-03-14,26926213.65,20915817.03,89,"B-441065,B-878260",,False,
W-815095,PARTHA BHOWMICK,Lok Sabha,West Bengal,BARRACKPUR,V-780687,Education,2026-03-08,2026-04-03,32169739.35,28742873.87,74,"B-366890,B-31139,B-277763,B-971943,B-360039",,False,
W-120140,PARTHA BHOWMICK,Lok Sabha,West Bengal,BARRACKPUR,V-827108,Other,2022-10-30,2022-06-18,15429509.35,13702053.52,36,"B-65849,B-801089,B-493352,B-449843",,True,delayed_completion
W-757305,Parvatagouda Chandanagouda Gaddigoudar,Lok Sabha,Karnataka,BAGALKOT,V-224132,Water,2023-04-28,2023-05-25,23310418.54,19743339.91,76,"B-533170,B-427642,B-496525,B-881033,B-232900",,False,
W-910693,Parvatagouda Chandanagouda Gaddigoudar,Lok Sabha,Karnataka,BAGALKOT,V-382663,Water,2026-06-10,2026-06-30,10392463.51,9489524.83,45,"B-220241,B-566493,B-628061,B-125011,B-814490",,False,
W-377528,Parvatagouda Chandanagouda Gaddigoudar,Lok Sabha,Karnataka,BAGALKOT,V-383806,Water,2025-03-05,2025-08-21,16979433.77,11876789.93,51,"B-752486,B-463970",,True,sanction_delay
W-969615,Parvatagouda Chandanagouda Gaddigoudar,Lok Sabha,Karnataka,BAGALKOT,V-719526,Sanitation,2026-04-10,2026-04-30,23349221.3,19392555.93,71,"B-405678,B-894691",,False,
W-205132,Parvatagouda Chandanagouda Gaddigoudar,Lok Sabha,Karnataka,BAGALKOT,V-24868,Water,2022-06-08,2022-07-08,30754660.24,29700604.59,93,"B-333908,B-468102,B-583621",,False,
W-833484,Parvatagouda Chandanagouda Gaddigoudar,Lok Sabha,Karnataka,BAGALKOT,V-961570,Water,2022-11-12,2022-11-19,14528270.8,10468987.84,83,"B-521196,B-296968,B-791646",,False,
W-918541,Parvatagouda Chandanagouda Gaddigoudar,Lok Sabha,Karnataka,BAGALKOT,V-293639,Other,2023-11-02,2023-12-01,15837949.27,13409469.01,36,"B-852693,B-66406",,False,
W-342327,Parvatagouda Chandanagouda Gaddigoudar,Lok Sabha,Karnataka,BAGALKOT,V-167926,Health,2024-06-21,2024-07-07,31551620.94,21449090.25,86,"B-768590,B-746409,B-77442",,False,
W-798267,PATEL UMESHBHAI BABUBHAI,Lok Sabha,The Dadra And Nagar Haveli And Daman And Diu,DAMAN and DIU,V-852206,Education,2024-01-25,2024-01-29,51869557.08,42268585.77,36,"B-97686,B-161687,B-23689,B-912607,B-251726",,False,
W-175775,PATEL UMESHBHAI BABUBHAI,Lok Sabha,The Dadra And Nagar Haveli And Daman And Diu,DAMAN and DIU,V-DUP-012,Road,2021-09-10,2021-10-04,49043847.47,41565078.07,37,"B-385883,B-507678,B-991170,B-993346,B-74723",,True,duplicate_vendor
W-293342,PATEL UMESHBHAI BABUBHAI,Lok Sabha,The Dadra And Nagar Haveli And Daman And Diu,DAMAN and DIU,V-696171,Sanitation,2024-01-16,2024-02-03,34914408.73,31722689.18,37,"B-947447,B-173947",,False,
W-876473,PATEL UMESHBHAI BABUBHAI,Lok Sabha,The Dadra And Nagar Haveli And Daman And Diu,DAMAN and DIU,V-147517,Sanitation,2022-07-23,2022-08-16,36090427.73,26373454.07,80,"B-479329,B-27660",,False,
W-678614,PATEL UMESHBHAI BABUBHAI,Lok Sabha,The Dadra And Nagar Haveli And Daman And Diu,DAMAN and DIU,V-195313,Education,2023-01-23,2023-02-10,71920396.21,52418031.03,42,"B-524122,B-733840,B-892656,B-564749",,False,
W-535535,PATHAN YUSUF,Lok Sabha,West Bengal,BAHARAMPUR,V-475300,Other,2022-07-12,2022-07-26,48461072.61,44509719.23,87,"B-760171,B-620652,B-81772",,False,
W-809929,PATHAN YUSUF,Lok Sabha,West Bengal,BAHARAMPUR,V-839196,Sanitation,2026-08-01,2026-08-09,25349750.78,19560291.15,51,"B-675395,B-722963,B-575514,B-718737",,False,
W-268745,PATHAN YUSUF,Lok Sabha,West Bengal,BAHARAMPUR,V-593758,Water,2024-12-22,2025-01-12,22406371.57,17563237.6,82,"B-285427,B-376451,B-841394",,False,
W-366992,PATHAN YUSUF,Lok Sabha,West Bengal,BAHARAMPUR,V-359082,Other,2026-02-12,2026-02-21,50047805.04,41372749.16,92,"B-665660,B-337881",,False,
W-174081,PHANI BHUSAN CHOUDHURY,Lok Sabha,Assam,BARPETA,V-205222,Other,2026-04-25,2026-05-20,12024297.88,9323629.19,93,"B-70563,B-19198,B-193944,B-704051",,False,
W-153490,PHANI BHUSAN CHOUDHURY,Lok Sabha,Assam,BARPETA,V-179172,Education,2025-06-24,2025-07-24,87436493.59,64949024.68,72,"B-690180,B-707655",,False,
W-403642,PHANI BHUSAN CHOUDHURY,Lok Sabha,Assam,BARPETA,V-491455,Road,2024-12-18,2025-01-05,21801622.76,19995246.82,93,"B-68787,B-94629,B-734013",,False,
W-353005,PHANI BHUSAN CHOUDHURY,Lok Sabha,Assam,BARPETA,V-796804,Other,2025-06-02,2025-07-04,25002585.77,16398621.97,48,"B-610733,B-615690,B-551499,B-347131",,False,
W-395625,Piyush Vedprakash Goyal,Lok Sabha,Maharashtra,MUMBAI NORTH,V-170059,Education,2022-11-07,2022-11-12,31108238.66,23250035.75,35,"B-216979,B-851550,B-150052,B-152655",,False,
W-552690,Piyush Vedprakash Goyal,Lok Sabha,Maharashtra,MUMBAI NORTH,V-880129,Education,2025-08-30,2025-09-10,37315248.95,36196434.98,76,B-DUP-004,,True,duplicate_beneficiary
W-515105,Piyush Vedprakash Goyal,Lok Sabha,Maharashtra,MUMBAI NORTH,V-735387,Sanitation,2021-12-18,2021-12-31,17488992.3,15252930.05,82,"B-376696,B-598932,B-792666,B-415329",,False,
W-918930,Piyush Vedprakash Goyal,Lok Sabha,Maharashtra,MUMBAI NORTH,V-396603,Health,2026-06-23,2026-06-23,9461404.17,8080950.49,60,"B-64888,B-467730",,False,
W-889026,Piyush Vedprakash Goyal,Lok Sabha,Maharashtra,MUMBAI NORTH,V-917406,Other,2025-12-08,2025-08-06,50891115.91,44941696.82,57,"B-538721,B-445837,B-471342,B-849110",,True,delayed_completion
W-794634,PRABHAKAR REDDY VEMIREDDY,Lok Sabha,Andhra Pradesh,NELLORE(SC),V-620719,Education,2022-08-02,2022-08-08,15836303.17,14039938.81,91,"B-259792,B-985779,B-334304",,False,
W-999362,PRABHAKAR REDDY VEMIREDDY,Lok Sabha,Andhra Pradesh,NELLORE(SC),V-17138,Health,2024-07-06,2024-08-02,51668779.94,43296000.47,67,"B-433346,B-973826,B-182549",,False,
W-956916,PRABHAKAR REDDY VEMIREDDY,Lok Sabha,Andhra Pradesh,NELLORE(SC),V-260301,Health,2025-07-12,2025-08-14,13198107.33,11178443.51,85,"B-138890,B-81742,B-173998,B-919395,B-858150",,False,
W-659367,PRABHAKAR REDDY VEMIREDDY,Lok Sabha,Andhra Pradesh,NELLORE(SC),V-744564,Sanitation,2025-05-08,2025-05-25,24000573.55,23336510.64,52,"B-942135,B-449484",,False,
W-905376,PRABHAKAR REDDY VEMIREDDY,Lok Sabha,Andhra Pradesh,NELLORE(SC),V-847136,Road,2025-03-12,2025-03-16,13255287.51,12474237.61,58,"B-889630,B-774677,B-997879,B-618957,B-102443",,False,
W-924305,PRABHAKAR REDDY VEMIREDDY,Lok Sabha,Andhra Pradesh,NELLORE(SC),V-394261,Water,2023-09-20,2023-10-19,28305948.49,21812341.79,43,"B-626875,B-685437",,False,
W-598901,Prabhubhai Nagarbhai Vasava,Lok Sabha,Gujarat,BARDOLI(ST),V-261595,Other,2026-06-18,2026-07-07,23325764.15,20519265.8,75,"B-643161,B-295867",,False,
W-569694,Prabhubhai Nagarbhai Vasava,Lok Sabha,Gujarat,BARDOLI(ST),V-962535,Sanitation,2026-04-26,2026-06-21,13095262.08,11468439.49,45,"B-212620,B-607600,B-656054,B-565178,B-535149",,False,
W-263371,Prabhubhai Nagarbhai Vasava,Lok Sabha,Gujarat,BARDOLI(ST),V-765188,Road,2024-05-02,2024-05-12,45539137.1,44240882.55,44,"B-411609,B-621176,B-124430,B-867753,B-81585",,False,
W-675981,Prabhubhai Nagarbhai Vasava,Lok Sabha,Gujarat,BARDOLI(ST),V-403831,Water,2022-11-17,2022-12-09,22161599.14,17271319.12,73,"B-919946,B-466398,B-12790,B-183674",,False,
W-447460,Prabhubhai Nagarbhai Vasava,Lok Sabha,Gujarat,BARDOLI(ST),V-443379,Other,2022-11-17,2022-12-15,42143237.53,31611177.16,50,"B-591432,B-587255,B-992055,B-601553,B-583698",,False,
W-579881,Pradan Baruah,Lok Sabha,Assam,LAKHIMPUR,V-192748,Other,2025-09-12,2025-09-15,42415169.0,40176195.67,52,"B-782914,B-971113,B-911653",,False,
W-323348,Pradan Baruah,Lok Sabha,Assam,LAKHIMPUR,V-277455,Health,2022-08-13,2022-09-12,20402558.96,13560648.77,56,"B-366076,B-246829,B-849538,B-577632,B-299246",,False,
W-717915,Pradan Baruah,Lok Sabha,Assam,LAKHIMPUR,V-89529,Road,2022-07-05,2022-07-12,9633154.25,7421343.27,43,"B-625298,B-348806,B-909807,B-195695",,False,
W-882236,Pradan Baruah,Lok Sabha,Assam,LAKHIMPUR,V-556238,Health,2026-03-16,2026-03-16,7481655.34,5024860.18,53,"B-470095,B-375470,B-410121",,False,
W-486304,Pradan Baruah,Lok Sabha,Assam,LAKHIMPUR,V-742607,Water,2025-07-02,2025-07-05,39344165.74,44258015.54,71,"B-480110,B-875003,B-579576,B-845778",,True,cost_overrun
W-184751,Pradan Baruah,Lok Sabha,Assam,LAKHIMPUR,V-645318,Education,2026-06-23,2026-07-09,26988296.71,22717881.54,40,"B-479042,B-966707",,False,
W-964136,Pradeep Kumar Singh,Lok Sabha,Bihar,ARARIA,V-295477,Road,2022-09-24,2022-10-06,23720998.61,17111347.27,39,"B-848141,B-388840,B-411835",,False,
W-852688,Pradeep Kumar Singh,Lok Sabha,Bihar,ARARIA,V-928815,Sanitation,2022-06-03,2022-06-26,28504485.17,24894919.37,46,"B-728184,B-365527,B-82556,B-824647",,False,
W-976400,Pradeep Kumar Singh,Lok Sabha,Bihar,ARARIA,V-957550,Health,2023-12-22,2023-12-26,1135091.11,1044409.52,61,"B-57677,B-955466,B-681048,B-602442",,False,
W-863937,Pradeep Kumar Singh,Lok Sabha,Bihar,ARARIA,V-419480,Sanitation,2024-12-23,2024-12-24,35197458.11,26776370.88,83,"B-648415,B-568043,B-729860",,False,
W-976444,Pradeep Kumar Singh,Lok Sabha,Bihar,ARARIA,V-164528,Health,2026-08-06,2026-10-13,19012901.7,13095089.9,67,"B-167270,B-684245",,False,
W-319246,Pradeep Kumar Singh,Lok Sabha,Bihar,ARARIA,V-452168,Other,2022-11-26,2022-11-26,8991710.93,6120796.67,68,"B-567343,B-250214,B-779780",,False,
W-984960,Pradeep Kumar Singh,Lok Sabha,Bihar,ARARIA,V-327100,Health,2026-05-01,2026-05-29,3822065.96,3148581.16,80,"B-985634,B-511004,B-234383",,False,
W-632057,Pradeep Kumar Singh,Lok Sabha,Bihar,ARARIA,V-563821,Other,2024-04-14,2024-05-07,25880288.41,21446955.79,58,"B-181125,B-396237",,False,
W-452079,PRADEEP PUROHIT,Lok Sabha,Odisha,BARGARH,V-16542,Water,2023-01-27,2023-02-19,26581696.86,20477997.65,95,"B-888824,B-950976,B-24603,B-118505",,False,
W-735334,PRADEEP PUROHIT,Lok Sabha,Odisha,BARGARH,V-281504,Education,2021-10-10,2021-11-06,29914546.04,23725497.33,63,"B-471973,B-907372,B-982680,B-DUP-014",,False,
W-289081,PRADEEP PUROHIT,Lok Sabha,Odisha,BARGARH,V-725825,Other,2022-10-23,2022-10-28,6302060.6,5276900.33,44,"B-562722,B-724668,B-548770,B-525903,B-77945",,False,
W-848972,PRADEEP PUROHIT,Lok Sabha,Odisha,BARGARH,V-280755,Health,2023-06-18,2023-07-16,6145775.95,5230276.91,86,"B-927832,B-78273",,False,
W-154845,PRADEEP PUROHIT,Lok Sabha,Odisha,BARGARH,V-45254,Other,2025-07-02,2025-07-29,16077767.15,12300845.34,88,"B-278169,B-466965",,False,
W-187423,PRADEEP PUROHIT,Lok Sabha,Odisha,BARGARH,V-332779,Other,2023-02-13,2023-03-01,15987927.49,11749129.33,93,"B-440231,B-807800,B-59322",,False,
W-173391,PRADEEP PUROHIT,Lok Sabha,Odisha,BARGARH,V-781773,Health,2022-06-26,2022-07-09,22428866.24,19386552.07,52,"B-300374,B-392791",,False,
W-729142,PRADEEP PUROHIT,Lok Sabha,Odisha,BARGARH,V-950269,Road,2023-09-24,2023-09-25,22826359.67,17999510.06,79,"B-63429,B-83699",,False,
W-341558,Pradyut Bordoloi,Lok Sabha,Assam,NOWGONG,V-794228,Education,2024-11-01,2024-11-09,23634807.81,18884226.33,38,"B-715533,B-108754,B-589489",,False,
W-394266,Pradyut Bordoloi,Lok Sabha,Assam,NOWGONG,V-183648,Water,2023-01-23,2023-01-26,30463188.85,23275157.09,58,"B-120993,B-668241,B-915045",,False,
W-421154,Pradyut Bordoloi,Lok Sabha,Assam,NOWGONG,V-154626,Sanitation,2025-02-01,2025-02-19,12844440.65,12470359.24,79,"B-283846,B-35268,B-359261",,False,
W-895470,Pradyut Bordoloi,Lok Sabha,Assam,NOWGONG,V-166447,Road,2026-07-24,2026-08-25,10730398.6,8609149.32,44,"B-573189,B-862082",,False,
W-559904,Pradyut Bordoloi,Lok Sabha,Assam,NOWGONG,V-567321,Water,2022-01-14,2022-01-22,5247289.82,4116398.29,37,"B-867678,B-948825,B-538737",,False,
W-668889,Pradyut Bordoloi,Lok Sabha,Assam,NOWGONG,V-563800,Other,2022-04-03,2022-05-03,14589874.26,12750865.09,95,"B-588994,B-556594,B-645604,B-390809",,False,
W-802464,Pralhad Venkatesh Joshi,Lok Sabha,Karnataka,DHARWAD,V-266834,Education,2022-10-29,2022-11-01,49662113.04,40398744.58,64,"B-235166,B-497672,B-928516,B-247582",,True,duplicate_vendor
W-320048,Pralhad Venkatesh Joshi,Lok Sabha,Karnataka,DHARWAD,V-650611,Sanitation,2025-08-07,2025-08-18,4459184.14,3526844.94,37,"B-40395,B-683168,B-121649,B-318560",,False,
W-600534,Pralhad Venkatesh Joshi,Lok Sabha,Karnataka,DHARWAD,V-4801,Road,2022-12-09,2022-12-30,30147606.29,29383702.35,59,"B-370538,B-116190",,False,
W-726979,Pralhad Venkatesh Joshi,Lok Sabha,Karnataka,DHARWAD,V-519921,Sanitation,2022-03-17,2022-03-21,29489206.51,26428110.29,95,"B-272087,B-525544,B-799955,B-507362,B-540901",,False,
W-724217,Pralhad Venkatesh Joshi,Lok Sabha,Karnataka,DHARWAD,V-231308,Health,2022-03-29,2022-04-11,32506890.02,28199735.29,81,"B-547417,B-703071,B-723103,B-89849",,False,
W-346644,PRANITI SUSHILKUMAR SHINDE,Lok Sabha,Maharashtra,SOLAPUR(SC),V-61417,Health,2025-10-11,2025-11-13,16859483.78,13445297.1,53,"B-56719,B-973533,B-818450",,False,
W-910677,PRANITI SUSHILKUMAR SHINDE,Lok Sabha,Maharashtra,SOLAPUR(SC),V-948147,Road,2024-07-20,2024-07-21,31490267.8,29231594.96,94,"B-176695,B-479663,B-50116,B-937004",,False,
W-818567,PRANITI SUSHILKUMAR SHINDE,Lok Sabha,Maharashtra,SOLAPUR(SC),V-893245,Other,2022-11-29,2022-12-13,31785116.46,23235740.94,49,"B-184281,B-107979,B-468790,B-859898",,False,
W-837884,PRANITI SUSHILKUMAR SHINDE,Lok Sabha,Maharashtra,SOLAPUR(SC),V-523567,Road,2026-01-05,2026-02-07,63310101.06,49107569.0,77,"B-306787,B-231278",,False,
W-724339,PRANITI SUSHILKUMAR SHINDE,Lok Sabha,Maharashtra,SOLAPUR(SC),V-89789,Education,2025-09-16,2025-09-19,2820030.9,1838940.6,83,"B-565974,B-548297,B-305932,B-354098",,False,
W-811992,Prasun Banerjee,Lok Sabha,West Bengal,HOWRAH,V-483075,Other,2024-09-10,2024-10-06,69388319.26,47757742.86,90,"B-298954,B-827742",,False,
W-469745,Prasun Banerjee,Lok Sabha,West Bengal,HOWRAH,V-130486,Water,2023-09-06,2022-02-10,8603492.14,7532205.12,44,"B-557126,B-829529",,True,delayed_completion
W-390472,Prasun Banerjee,Lok Sabha,West Bengal,HOWRAH,V-429814,Sanitation,2022-03-13,2022-04-05,2979585.67,2227193.69,93,"B-85512,B-382241,B-478234,B-986719,B-41739",,False,
W-281879,Prasun Banerjee,Lok Sabha,West Bengal,HOWRAH,V-410352,Education,2022-09-13,2022-12-19,5978904.03,4385442.4,86,"B-591130,B-605637,B-913741,B-940751,B-889631",,True,sanction_delay
W-602060,Prasun Banerjee,Lok Sabha,West Bengal,HOWRAH,V-946504,Education,2022-04-10,2022-04-16,22719456.67,18297773.59,71,"B-781376,B-659580,B-418363,B-885790,B-122743",,False,
W-351480,Prasun Banerjee,Lok Sabha,West Bengal,HOWRAH,V-989756,Education,2021-12-02,2021-12-15,12346118.84,11400939.16,73,"B-955766,B-662264",,False,
W-706590,Prasun Banerjee,Lok Sabha,West Bengal,HOWRAH,V-654987,Water,2024-08-09,2024-08-09,15176116.79,13394817.11,55,"B-178517,B-580318,B-159130,B-767789,B-821425",,False,
W-836932,Prasun Banerjee,Lok Sabha,West Bengal,HOWRAH,V-443532,Sanitation,2024-11-26,2024-12-07,9073006.59,6524211.25,85,"B-435116,B-655235,B-73918",,False,
W-585122,Pratap Chandra Sarangi,Lok Sabha,Odisha,BALASORE,V-812773,Water,2022-03-09,2022-04-08,24710228.93,16586669.4,79,"B-906414,B-285752,B-539372,B-969458,B-267993",,False,
W-338331,Pratap Chandra Sarangi,Lok Sabha,Odisha,BALASORE,V-121729,Other,2024-12-21,2025-01-22,41202694.06,35230156.94,77,"B-434953,B-734398,B-608927,B-618154",,False,
W-276737,Pratap Chandra Sarangi,Lok Sabha,Odisha,BALASORE,V-961436,Road,2025-10-04,2025-10-05,31029072.71,28934327.85,45,"B-48383,B-664134",,False,
W-974381,Pratap Chandra Sarangi,Lok Sabha,Odisha,BALASORE,V-468090,Education,2023-02-18,2023-02-28,7273541.63,6950122.23,69,"B-655404,B-692107,B-282151,B-601539,B-120479",,False,
W-987888,Pratap Chandra Sarangi,Lok Sabha,Odisha,BALASORE,V-721308,Water,2023-01-24,2023-02-27,10386256.97,8383919.1,38,"B-481067,B-74166",,False,
W-601316,Pratap Chandra Sarangi,Lok Sabha,Odisha,BALASORE,V-829766,Water,2023-05-29,2023-06-15,31727138.53,21693851.84,71,"B-203509,B-429718,B-808709,B-615235,B-479605",,False,
W-978929,Prataprao Jadhav,Lok Sabha,Maharashtra,BULDHANA,V-42524,Health,2022-11-08,2022-11-15,53579076.08,41762843.19,44,"B-584395,B-943335,B-846391,B-106212,B-111238",,False,
W-657328,Prataprao Jadhav,Lok Sabha,Maharashtra,BULDHANA,V-478733,Road,2022-12-20,2023-01-14,49599802.58,42916545.37,91,"B-410098,B-834961,B-567431,B-547755",,False,
W-761148,Prataprao Jadhav,Lok Sabha,Maharashtra,BULDHANA,V-DUP-005,Road,2021-09-05,2021-09-15,43086121.34,33244129.11,83,"B-566458,B-808929",,True,duplicate_vendor
W-330069,Pratima Mondal,Lok Sabha,West Bengal,JOYNAGAR(SC),V-616975,Sanitation,2026-03-15,2026-04-03,13141114.61,9643332.96,90,"B-711314,B-883301,B-636658,B-371417",,False,
W-373029,Pratima Mondal,Lok Sabha,West Bengal,JOYNAGAR(SC),V-24609,Sanitation,2025-05-09,2025-06-24,77850527.88,74783742.08,87,"B-931212,B-504286,B-877519,B-229519,B-268809",,False,
W-885202,Pratima Mondal,Lok Sabha,West Bengal,JOYNAGAR(SC),V-751492,Sanitation,2026-04-11,2026-04-22,24387314.1,22102192.37,42,"B-148614,B-292914",,False,
W-600954,Pratima Mondal,Lok Sabha,West Bengal,JOYNAGAR(SC),V-807880,Road,2026-08-11,2026-09-05,30886043.4,22954863.04,61,"B-883276,B-729288",,False,
W-612718,Praveen Khandelwal,Lok Sabha,Delhi,CHANDINI CHOWK,V-221332,Sanitation,2023-05-09,2023-05-14,73220617.87,57759473.28,85,"B-508305,B-230086,B-554011,B-149198,B-605078",,False,
W-287774,Praveen Khandelwal,Lok Sabha,Delhi,CHANDINI CHOWK,V-12461,Health,2023-12-18,2023-12-18,32700430.88,24622605.09,70,"B-358184,B-771613",,False,
W-621517,Praveen Khandelwal,Lok Sabha,Delhi,CHANDINI CHOWK,V-4502,Road,2025-06-26,2025-07-25,19916919.12,18441501.38,35,"B-542583,B-945720,B-255732",,False,
W-816803,Praveen Khandelwal,Lok Sabha,Delhi,CHANDINI CHOWK,V-730972,Water,2025-10-13,2025-11-07,20894956.74,17560657.98,73,"B-720268,B-962866",,False,
W-619162,PRAVEEN PATEL,Lok Sabha,Uttar Pradesh,PHULPUR,V-936489,Road,2022-02-11,2022-03-05,43232196.2,46209267.75,77,"B-734700,B-174912",,True,cost_overrun
W-641387,PRAVEEN PATEL,Lok Sabha,Uttar Pradesh,PHULPUR,V-79839,Sanitation,2022-04-28,2022-05-07,24159271.58,19267053.41,36,"B-111070,B-549840,B-541243,B-806518",,False,
W-422494,PRAVEEN PATEL,Lok Sabha,Uttar Pradesh,PHULPUR,V-225498,Health,2022-10-11,2022-10-28,25601549.68,23087499.72,37,"B-32094,B-603163,B-202439",,False,
W-231110,PRAVEEN PATEL,Lok Sabha,Uttar Pradesh,PHULPUR,V-663627,Education,2021-10-12,2021-11-05,4668817.81,4292870.71,91,"B-597859,B-541238,B-836072,B-593183,B-935874,B-DUP-013",,True,duplicate_beneficiary
W-963917,PRAVEEN PATEL,Lok Sabha,Uttar Pradesh,PHULPUR,V-734187,Road,2026-04-03,2026-04-29,53140249.4,50122272.69,94,"B-656261,B-596067",,False,
W-289508,PRIYA SAROJ,Lok Sabha,Uttar Pradesh,MACHHLISHAHR(SC),V-290130,Sanitation,2022-01-01,2022-01-13,75126476.3,80181922.08,73,"B-123514,B-368317,B-445995",,True,cost_overrun
W-663594,PRIYA SAROJ,Lok Sabha,Uttar Pradesh,MACHHLISHAHR(SC),V-DUP-013,Other,2021-10-09,2021-10-10,25830350.37,21176410.58,64,"B-3730,B-545993,B-237536,B-114172,B-18113",,True,duplicate_vendor
W-330353,PRIYA SAROJ,Lok Sabha,Uttar Pradesh,MACHHLISHAHR(SC),V-455744,Other,2022-10-12,2022-10-23,45308173.33,33034563.89,84,"B-585067,B-156804,B-280094,B-320101,B-187383",,False,
W-483226,Priyanka Gandhi Vadra,Lok Sabha,Kerala,WAYANAD,V-538259,Education,2022-03-21,2022-04-09,60774604.09,56818234.34,35,"B-727003,B-24317,B-427328,B-542661,B-723735",,False,
W-870470,Priyanka Gandhi Vadra,Lok Sabha,Kerala,WAYANAD,V-925640,Other,2022-11-07,2022-11-30,47804274.63,41559619.48,73,"B-782216,B-24793,B-218020,B-165052",,False,
W-965764,Priyanka Gandhi Vadra,Lok Sabha,Kerala,WAYANAD,V-582087,Education,2025-04-07,2025-04-25,13308621.27,10688075.79,82,"B-518236,B-266431,B-239978,B-244206",,False,
W-132911,PRIYANKA SATISH JARKIHOLI,Lok Sabha,Karnataka,CHIKKODI,V-416046,Health,2024-12-11,2025-01-08,39663409.56,35425466.94,59,"B-607150,B-23781,B-296787,B-991840",,False,
W-535663,PRIYANKA SATISH JARKIHOLI,Lok Sabha,Karnataka,CHIKKODI,V-967842,Health,2023-11-17,2023-12-02,20871735.32,13946294.48,94,"B-264993,B-433870,B-7031",,False,
W-409208,PRIYANKA SATISH JARKIHOLI,Lok Sabha,Karnataka,CHIKKODI,V-354016,Road,2021-12-23,2022-01-03,35982186.65,25802183.53,69,"B-16919,B-249864,B-712812",,False,
W-105542,PRIYANKA SATISH JARKIHOLI,Lok Sabha,Karnataka,CHIKKODI,V-625195,Health,2022-09-06,2022-10-09,49747668.47,34603295.25,82,"B-990711,B-977417",,False,
W-235029,Prof Sougata Ray,Lok Sabha,West Bengal,DUM DUM,V-84286,Water,2022-07-05,2022-07-23,62821578.27,44514764.9,45,"B-636917,B-398963,B-62468,B-78247",,False,
W-446959,Prof Sougata Ray,Lok Sabha,West Bengal,DUM DUM,V-963730,Water,2025-03-31,2025-05-03,9725004.67,8585432.18,59,"B-222626,B-276814,B-294122",,False,
W-731000,Prof Sougata Ray,Lok Sabha,West Bengal,DUM DUM,V-298719,Education,2025-09-28,2025-10-22,9607074.01,7140554.62,43,"B-430550,B-730931,B-353307,B-206059",,False,
W-956612,Prof Sougata Ray,Lok Sabha,West Bengal,DUM DUM,V-385594,Sanitation,2024-10-20,2024-11-07,38899005.21,37856708.89,58,"B-632899,B-337445,B-118775",,False,
W-943213,Prof Sougata Ray,Lok Sabha,West Bengal,DUM DUM,V-150638,Water,2023-04-25,2023-05-25,25212337.84,18473017.33,81,"B-354772,B-688935,B-263392,B-315221,B-212150",,True,sanction_delay
W-212144,Prof SP Singh Baghel,Lok Sabha,Uttar Pradesh,AGRA(SC),V-870860,Sanitation,2024-11-29,2025-02-25,23110451.85,19756867.53,61,"B-478575,B-979268,B-902057,B-304394,B-150708",,False,
W-855417,Prof SP Singh Baghel,Lok Sabha,Uttar Pradesh,AGRA(SC),V-901195,Health,2026-03-04,2022-07-28,14210092.52,12380122.56,32,"B-117789,B-279472,B-842195,B-130857,B-909835",,False,
W-600033,Prof SP Singh Baghel,Lok Sabha,Uttar Pradesh,AGRA(SC),V-DUP-000,Road,2021-09-01,2021-09-06,25768045.85,17450040.28,36,"B-112439,B-235983,B-961284,B-576370,B-398081",,True,duplicate_vendor
W-556162,Prof SP Singh Baghel,Lok Sabha,Uttar Pradesh,AGRA(SC),V-128308,Education,2025-07-06,2025-07-16,21914021.22,18201599.97,94,"B-532224,B-317297,B-951198,B-371896,B-284045",,False,
W-576275,Prof SP Singh Baghel,Lok Sabha,Uttar Pradesh,AGRA(SC),V-249745,Sanitation,2021-10-31,2021-11-22,61262388.56,54363134.24,54,"B-995495,B-932418,B-653365,B-77219,B-961324",,False,
W-526839,PUSHPENDRA SAROJ,Lok Sabha,Uttar Pradesh,KAUSHAMBI(SC),V-43451,Sanitation,2023-05-16,2023-06-07,18075656.16,15513934.5,48,"B-441418,B-742887",,False,
W-948904,PUSHPENDRA SAROJ,Lok Sabha,Uttar Pradesh,KAUSHAMBI(SC),V-265915,Other,2022-12-21,2023-01-10,18354212.55,15719055.22,62,"B-518061,B-65299,B-872102,B-790371",,False,
W-868416,PUSHPENDRA SAROJ,Lok Sabha,Uttar Pradesh,KAUSHAMBI(SC),V-777002,Sanitation,2022-02-05,2022-02-11,16260995.07,14449682.78,40,"B-257195,B-4328",,False,
W-385276,PUSHPENDRA SAROJ,Lok Sabha,Uttar Pradesh,KAUSHAMBI(SC),V-335678,Road,2022-03-11,2022-03-31,25741321.07,20437722.91,43,"B-816966,B-30095,B-694054",,False,
W-755831,PUSHPENDRA SAROJ,Lok Sabha,Uttar Pradesh,KAUSHAMBI(SC),V-108633,Road,2023-11-26,2023-12-24,39423276.18,27913435.72,67,"B-286972,B-338204,B-25313,B-982716,B-467621",,False,
W-801215,PUSHPENDRA SAROJ,Lok Sabha,Uttar Pradesh,KAUSHAMBI(SC),V-574877,Sanitation,2023-05-11,2023-06-10,8347631.91,6419277.94,54,"B-273439,B-328226,B-235529",,False,
W-725180,PUSHPENDRA SAROJ,Lok Sabha,Uttar Pradesh,KAUSHAMBI(SC),V-308037,Other,2023-07-30,2023-08-03,16565325.34,15776620.04,86,B-DUP-012,,True,duplicate_beneficiary
W-710287,PUSHPENDRA SAROJ,Lok Sabha,Uttar Pradesh,KAUSHAMBI(SC),V-221337,Other,2023-01-21,2023-01-22,3496581.72,2862406.02,93,"B-239784,B-420762",,False,
W-312452,Putta Mahesh Kumar,Lok Sabha,Andhra Pradesh,ELURU,V-143969,Health,2024-01-29,2024-01-29,17197079.83,12738950.04,71,"B-243334,B-278832,B-237122",,False,
W-385836,Putta Mahesh Kumar,Lok Sabha,Andhra Pradesh,ELURU,V-759794,Sanitation,2023-02-12,2023-03-15,6813905.16,5609719.42,77,"B-539838,B-309145,B-473890,B-599158",,False,
W-182385,Putta Mahesh Kumar,Lok Sabha,Andhra Pradesh,ELURU,V-975189,Road,2022-12-08,2023-01-10,27023680.34,29070250.7,88,"B-882529,B-652369",,False,
W-513910,Putta Mahesh Kumar,Lok Sabha,Andhra Pradesh,ELURU,V-208738,Health,2022-11-05,2022-11-06,10637393.88,7427169.18,41,"B-101273,B-565991",,False,
W-955921,Putta Mahesh Kumar,Lok Sabha,Andhra Pradesh,ELURU,V-968027,Road,2024-11-09,2024-12-03,25364671.69,21840561.18,57,"B-698265,B-966486",,False,
W-608458,Putta Mahesh Kumar,Lok Sabha,Andhra Pradesh,ELURU,V-369950,Health,2024-06-05,2024-06-21,28131819.28,24552220.37,76,"B-141168,B-420101",,False,
W-838781,Putta Mahesh Kumar,Lok Sabha,Andhra Pradesh,ELURU,V-510692,Road,2022-12-27,2023-01-14,4545176.04,3892344.16,38,"B-7679,B-763831,B-748588,B-526209,B-198853",,False,
W-737896,Putta Mahesh Kumar,Lok Sabha,Andhra Pradesh,ELURU,V-479803,Health,2023-01-01,2023-02-04,26551273.78,19411679.11,68,"B-687752,B-629416,B-215194,B-585917",,False,
W-478399,R.K. CHAUDHARY,Lok Sabha,Uttar Pradesh,MOHANLALGANJ(SC),V-1605,Other,2023-10-17,2023-10-24,11415431.48,10526884.15,95,"B-362773,B-166900,B-663414,B-623370,B-624845",,False,
W-167186,R.K. CHAUDHARY,Lok Sabha,Uttar Pradesh,MOHANLALGANJ(SC),V-337909,Education,2022-10-12,2022-11-10,6417793.09,4862203.24,47,"B-32986,B-424524,B-190985,B-527057",,False,
W-723183,R.K. CHAUDHARY,Lok Sabha,Uttar Pradesh,MOHANLALGANJ(SC),V-DUP-004,Other,2021-09-26,2021-10-23,12013825.53,8352074.22,80,"B-801465,B-859502,B-565298,B-242191",,True,duplicate_vendor
W-423824,R.K. CHAUDHARY,Lok Sabha,Uttar Pradesh,MOHANLALGANJ(SC),V-808738,Education,2022-01-12,2022-01-15,20353618.77,19363877.26,53,"B-281573,B-990102,B-498982,B-729458",,False,
W-352362,R.K. CHAUDHARY,Lok Sabha,Uttar Pradesh,MOHANLALGANJ(SC),V-690743,Other,2022-06-01,2022-06-18,11673112.8,9454762.08,48,"B-841158,B-630720",,False,
W-952237,R.K. CHAUDHARY,Lok Sabha,Uttar Pradesh,MOHANLALGANJ(SC),V-496137,Sanitation,2023-11-05,2023-11-17,82385373.59,73318929.92,68,"B-767961,B-22074,B-796776,B-802513",,False,
W-143772,R.K. CHAUDHARY,Lok Sabha,Uttar Pradesh,MOHANLALGANJ(SC),V-299190,Water,2024-08-31,2024-09-18,2005844.73,1433037.95,49,"B-714940,B-133623,B-590312,B-391325",,False,
W-986223,RABINDRA NARAYAN BEHERA,Lok Sabha,Odisha,JAJPUR(SC),V-953763,Education,2024-04-05,2024-04-30,6649846.77,6406525.7,79,"B-878638,B-324609,B-71070,B-791853,B-510473",,False,
W-690263,RABINDRA NARAYAN BEHERA,Lok Sabha,Odisha,JAJPUR(SC),V-616555,Sanitation,2023-04-01,2023-04-27,11130211.94,9808334.01,82,"B-767651,B-441169,B-46505,B-88725,B-224294",,False,
W-247567,RABINDRA NARAYAN BEHERA,Lok Sabha,Odisha,JAJPUR(SC),V-217185,Water,2024-08-16,2024-08-16,55180297.65,53152868.55,57,"B-826807,B-501656,B-392657",,False,
W-399592,RABINDRA NARAYAN BEHERA,Lok Sabha,Odisha,JAJPUR(SC),V-775959,Health,2024-04-20,2024-05-24,22361987.48,21683731.05,83,"B-635814,B-514378,B-916950,B-189259",,False,
W-513162,RABINDRA NARAYAN BEHERA,Lok Sabha,Odisha,JAJPUR(SC),V-567076,Water,2022-04-08,2022-05-03,12897137.94,11127451.29,54,"B-855501,B-951641,B-807461",,False,
W-832262,RABINDRA NARAYAN BEHERA,Lok Sabha,Odisha,JAJPUR(SC),V-996748,Road,2023-11-06,2023-12-10,5193369.05,4761629.56,69,"B-979033,B-770369,B-820497,B-130225",,False,
W-936639,RABINDRA NARAYAN BEHERA,Lok Sabha,Odisha,JAJPUR(SC),V-158135,Health,2025-12-06,2026-01-02,11554710.76,10271610.36,53,"B-997536,B-665572",,False,
W-274103,RABINDRA NARAYAN BEHERA,Lok Sabha,Odisha,JAJPUR(SC),V-805854,Road,2026-02-28,2026-03-30,21361732.43,14596513.64,89,"B-471882,B-241550,B-759914,B-286140,B-14999",,False,
W-855691,RACHNA BANERJEE,Lok Sabha,West Bengal,HOOGHLY,V-322408,Education,2022-07-18,2022-08-16,62473222.64,42175486.13,87,"B-203457,B-468118,B-134861,B-322477",,False,
W-951775,RACHNA BANERJEE,Lok Sabha,West Bengal,HOOGHLY,V-760419,Water,2024-08-29,2024-10-01,18046392.35,17660266.38,58,"B-54279,B-420018,B-977009,B-665968,B-81513",,False,
W-139470,RACHNA BANERJEE,Lok Sabha,West Bengal,HOOGHLY,V-685842,Sanitation,2022-08-28,2022-09-27,5745537.79,4263364.13,48,"B-346753,B-199365,B-843451,B-934040,B-259501",,False,
W-549851,RACHNA BANERJEE,Lok Sabha,West Bengal,HOOGHLY,V-589585,Health,2022-10-17,2022-11-18,7979998.68,6594215.47,39,"B-930491,B-760636,B-983361",,False,
W-489015,RACHNA BANERJEE,Lok Sabha,West Bengal,HOOGHLY,V-108566,Health,2023-02-18,2023-02-21,7915596.95,6687961.05,50,"B-760663,B-866772,B-326878,B-208661",,False,
W-841337,RACHNA BANERJEE,Lok Sabha,West Bengal,HOOGHLY,V-633550,Education,2023-05-27,2023-11-27,9509597.29,7455426.85,88,"B-905301,B-754290,B-220138,B-831874",,True,sanction_delay
W-969613,RACHNA BANERJEE,Lok Sabha,West Bengal,HOOGHLY,V-171866,Water,2024-07-28,2024-07-28,13336583.7,12884416.78,90,"B-923042,B-731724,B-717017",,False,
W-949179,RACHNA BANERJEE,Lok Sabha,West Bengal,HOOGHLY,V-814909,Health,2022-07-24,2022-07-28,21258070.6,13856247.89,63,"B-860400,B-637733,B-515532,B-422098,B-578900",,False,
W-505462,Radha Mohan Singh,Lok Sabha,Bihar,PURVI CHAMPARAN,V-419130,Other,2026-03-14,2026-03-21,59443935.98,44126996.06,94,"B-736189,B-454945,B-31583,B-428828",,False,
W-351203,Radha Mohan Singh,Lok Sabha,Bihar,PURVI CHAMPARAN,V-855002,Water,2025-02-18,2025-03-01,5342043.14,4803587.56,42,"B-192669,B-801189,B-791709,B-711016",,False,
W-320703,Radha Mohan Singh,Lok Sabha,Bihar,PURVI CHAMPARAN,V-63643,Other,2025-04-23,2025-05-17,4066552.7,3465366.66,83,"B-10653,B-877681,B-297478,B-841024",,False,
W-909956,Radha Mohan Singh,Lok Sabha,Bihar,PURVI CHAMPARAN,V-781239,Sanitation,2026-06-04,2026-06-21,7795264.96,7277925.4,59,"B-398735,B-224679,B-547796",,True,duplicate_vendor
W-153101,Radha Mohan Singh,Lok Sabha,Bihar,PURVI CHAMPARAN,V-35671,Sanitation,2022-06-06,2022-06-29,40254280.33,32645096.83,35,"B-343584,B-133708",,False,
W-309750,Radha Mohan Singh,Lok Sabha,Bihar,PURVI CHAMPARAN,V-101294,Water,2025-08-15,2025-09-06,15397443.19,14307992.39,40,"B-842330,B-978844",,False,
W-440305,Radha Mohan Singh,Lok Sabha,Bihar,PURVI CHAMPARAN,V-356114,Road,2024-06-16,2024-06-18,13965479.7,13631752.22,79,"B-139798,B-72887",,False,
W-489378,RADHAKRISHNA,Lok Sabha,Karnataka,GULBARGA(SC),V-53504,Education,2025-06-23,2025-06-29,6139159.34,4146385.12,73,"B-383762,B-119100,B-45475,B-385820",,False,
W-649914,RADHAKRISHNA,Lok Sabha,Karnataka,GULBARGA(SC),V-658460,Health,2022-10-02,2022-11-06,15381935.94,10914144.45,53,"B-752462,B-981404,B-970525,B-11748",,True,sanction_delay
W-647277,RADHAKRISHNA,Lok Sabha,Karnataka,GULBARGA(SC),V-663163,Water,2023-06-07,2023-06-30,44698404.71,36582977.21,63,"B-851341,B-638851,B-564643",,False,
W-296315,RADHAKRISHNA,Lok Sabha,Karnataka,GULBARGA(SC),V-849992,Road,2026-06-21,2026-07-11,36093776.84,35710318.58,80,"B-277917,B-43607,B-516088,B-297215,B-187827",,False,
W-482074,RADHAKRISHNA,Lok Sabha,Karnataka,GULBARGA(SC),V-494048,Road,2025-02-11,2025-03-10,43951723.17,38210936.0,95,"B-847101,B-804157,B-43307,B-832054,B-185062",,False,
W-401882,RADHE SHYAM RATHIYA,Lok Sabha,Chhattisgarh,RAIGARH(ST),V-74346,Other,2026-08-02,2026-09-21,32946446.57,31010277.46,87,"B-309834,B-703249,B-922575",,False,
W-824724,RADHE SHYAM RATHIYA,Lok Sabha,Chhattisgarh,RAIGARH(ST),V-812328,Road,2024-10-18,2024-10-18,40462418.32,30198776.22,79,"B-485901,B-557033,B-15973,B-490742,B-272914",,False,
W-463984,RADHE SHYAM RATHIYA,Lok Sabha,Chhattisgarh,RAIGARH(ST),V-580488,Education,2025-12-10,2025-12-12,41466576.53,30375380.6,67,"B-980110,B-866712,B-818363,B-86481,B-583737",,False,
W-838635,RADHE SHYAM RATHIYA,Lok Sabha,Chhattisgarh,RAIGARH(ST),V-424138,Health,2022-01-23,2022-02-05,14512790.67,9840682.58,77,"B-435933,B-338917,B-156037,B-157220,B-881390",,False,
W-351992,RADHE SHYAM RATHIYA,Lok Sabha,Chhattisgarh,RAIGARH(ST),V-318479,Education,2023-10-04,2023-10-23,29520205.14,26218086.65,80,"B-987871,B-658973,B-836626",,False,
W-647266,RAHUL GANDHI,Lok Sabha,Uttar Pradesh,RAE BARELI,V-247949,Education,2024-06-11,2024-06-18,23685593.7,18331131.88,58,"B-822717,B-323046",,False,
W-964213,RAHUL GANDHI,Lok Sabha,Uttar Pradesh,RAE BARELI,V-663497,Sanitation,2026-01-20,2026-02-20,74179501.34,54013331.45,85,"B-907110,B-260999",,False,
W-673048,RAHUL GANDHI,Lok Sabha,Uttar Pradesh,RAE BARELI,V-142601,Water,2025-01-05,2025-01-06,11213329.55,7455009.98,68,"B-893272,B-704236",,False,
W-685394,RAHUL GANDHI,Lok Sabha,Uttar Pradesh,RAE BARELI,V-86042,Water,2022-05-28,2022-06-18,8922383.26,5851517.17,44,"B-48496,B-346501,B-824428",,False,
W-929563,RAHUL GANDHI,Lok Sabha,Uttar Pradesh,RAE BARELI,V-365156,Other,2022-02-01,2022-02-03,11219749.91,8787391.09,54,"B-329967,B-350093",,False,
W-474870,RAHUL GANDHI,Lok Sabha,Uttar Pradesh,RAE BARELI,V-591174,Health,2026-08-29,2026-09-19,17044442.24,14951043.97,38,"B-324939,B-658513,B-568944,B-773258",,False,
W-545519,Rahul Kaswan,Lok Sabha,Rajasthan,CHURU,V-369805,Water,2026-04-29,2026-05-21,21477932.25,20814018.51,38,"B-422259,B-645188,B-603713",,False,
W-846522,Rahul Kaswan,Lok Sabha,Rajasthan,CHURU,V-340148,Water,2022-12-06,2022-12-12,13744830.16,8958283.55,36,"B-592096,B-200728,B-926317,B-728937",,False,
W-329442,Rahul Kaswan,Lok Sabha,Rajasthan,CHURU,V-367391,Education,2024-02-26,2024-02-29,58854079.8,54176445.0,88,"B-697490,B-243655,B-95761,B-526139,B-176873",,False,
W-425975,Rahul Kaswan,Lok Sabha,Rajasthan,CHURU,V-425216,Other,2022-10-22,2022-11-15,52188157.79,41650651.52,67,"B-56017,B-112103",,False,
W-282257,RAHUL SINGH LODHI,Lok Sabha,Madhya Pradesh,DAMOH,V-956831,Education,2023-12-31,2024-01-16,35911029.48,33421616.87,66,"B-158127,B-814197,B-564826,B-714039,B-777414",,False,
W-690690,RAHUL SINGH LODHI,Lok Sabha,Madhya Pradesh,DAMOH,V-862169,Education,2025-05-25,2025-06-14,24606894.41,17717067.62,90,"B-696459,B-927952",,False,
W-959637,RAHUL SINGH LODHI,Lok Sabha,Madhya Pradesh,DAMOH,V-330129,Other,2024-08-04,2024-08-26,37672851.98,27098942.07,69,"B-989072,B-531670,B-975537,B-443773",,False,
W-712030,RAHUL SINGH LODHI,Lok Sabha,Madhya Pradesh,DAMOH,V-251268,Other,2023-11-02,2023-12-01,44109031.15,34345077.36,58,"B-729419,B-875653,B-82672",,False,
W-853877,RAHUL SINGH LODHI,Lok Sabha,Madhya Pradesh,DAMOH,V-142151,Road,2022-06-19,2022-06-20,19943684.42,14635631.15,60,"B-108138,B-850212,B-877642,B-663234",,False,
W-722316,RAJ BHUSHAN CHOUDHARY,Lok Sabha,Bihar,MUZAFFARPUR,V-DUP-001,Education,2021-09-03,2021-10-05,16997949.54,11051870.44,60,"B-465340,B-840737,B-232056",,True,duplicate_vendor
W-397000,RAJ BHUSHAN CHOUDHARY,Lok Sabha,Bihar,MUZAFFARPUR,V-930075,Sanitation,2022-03-17,2022-03-28,47130857.85,45020445.77,45,"B-910284,B-511060,B-491449,B-597335,B-476964",,False,
W-297761,RAJ BHUSHAN CHOUDHARY,Lok Sabha,Bihar,MUZAFFARPUR,V-577577,Road,2021-11-03,2021-12-05,42762390.26,37061756.46,85,"B-798175,B-118371,B-148497",,False,
W-105256,RAJ BHUSHAN CHOUDHARY,Lok Sabha,Bihar,MUZAFFARPUR,V-45540,Water,2021-11-18,2021-12-13,14819022.57,11381509.0,47,"B-790746,B-583757",,False,
W-284032,RAJ BHUSHAN CHOUDHARY,Lok Sabha,Bihar,MUZAFFARPUR,V-393887,Sanitation,2025-04-09,2025-05-02,14751900.42,10442046.79,87,"B-145846,B-92272,B-480893",,False,
W-636321,RAJ BHUSHAN CHOUDHARY,Lok Sabha,Bihar,MUZAFFARPUR,V-870105,Education,2025-07-23,2025-08-24,9802879.36,6768615.09,49,"B-803468,B-71698,B-566803,B-166866,B-491042",,False,
W-340399,RAJ KUMAR ROAT,Lok Sabha,Rajasthan,BANSWARA(ST),V-281900,Other,2023-10-02,2023-10-30,27789240.14,24074336.09,93,"B-820363,B-755248,B-243787,B-878676,B-379633",,False,
W-191066,RAJ KUMAR ROAT,Lok Sabha,Rajasthan,BANSWARA(ST),V-839085,Education,2026-08-31,2026-09-24,64418458.25,61449932.51,40,"B-990654,B-923337",,False,
W-227155,RAJ KUMAR ROAT,Lok Sabha,Rajasthan,BANSWARA(ST),V-257705,Education,2023-03-04,2023-03-11,11545970.44,10219785.44,89,"B-138754,B-566770,B-157495,B-689571",,False,
W-505607,RAJ KUMAR ROAT,Lok Sabha,Rajasthan,BANSWARA(ST),V-123352,Health,2021-11-07,2021-11-27,12823698.97,11333828.99,36,"B-396699,B-603034,B-656851,B-398075",,False,
W-703102,RAJ KUMAR ROAT,Lok Sabha,Rajasthan,BANSWARA(ST),V-357525,Other,2022-04-29,2022-05-26,16199432.44,12234236.25,86,"B-964251,B-271056,B-804307,B-431085,B-607915",,False,
W-574532,RAJ KUMAR ROAT,Lok Sabha,Rajasthan,BANSWARA(ST),V-427219,Education,2024-09-14,2024-09-17,13488199.76,11589348.7,91,"B-324770,B-509037,B-390276,B-603548,B-590005",,False,
W-927848,RAJA RAM SINGH,Lok Sabha,Bihar,KARAKAT,V-645145,Water,2025-08-08,2025-08-11,47797778.05,46395276.74,40,"B-685333,B-341335,B-419321,B-732648",,False,
W-513903,RAJA RAM SINGH,Lok Sabha,Bihar,KARAKAT,V-DUP-002,Health,2021-09-11,2021-10-05,4488754.07,4094128.59,37,"B-162969,B-735182,B-693968",,False,
W-953517,RAJA RAM SINGH,Lok Sabha,Bihar,KARAKAT,V-332661,Health,2022-06-04,2022-06-30,48999997.87,42857759.56,39,"B-831036,B-257653,B-472131",,False,
W-587447,RAJA RAM SINGH,Lok Sabha,Bihar,KARAKAT,V-727755,Education,2022-03-17,2022-03-19,44978470.01,42263648.26,47,"B-968834,B-241435",,False,
W-534406,RAJABHAU,Lok Sabha,Maharashtra,NASHIK,V-580699,Education,2025-04-17,2025-04-27,39901957.0,26403119.51,80,"B-557239,B-87997,B-631073,B-48292,B-661298",,False,
W-509147,RAJABHAU,Lok Sabha,Maharashtra,NASHIK,V-891732,Health,2022-07-07,2022-07-15,28129645.34,24148602.96,47,"B-340598,B-715910,B-547656,B-136417",,False,
W-137159,RAJABHAU,Lok Sabha,Maharashtra,NASHIK,V-288527,Other,2025-05-25,2025-05-25,25382863.22,26193334.41,55,"B-442327,B-607993,B-104837,B-32754,B-123740",,False,
W-756211,RAJABHAU,Lok Sabha,Maharashtra,NASHIK,V-136510,Sanitation,2025-10-16,2025-11-02,58699823.14,51333738.02,72,"B-72076,B-251842,B-361530",,False,
W-565413,RAJEEV BHARDWAJ,Lok Sabha,Himachal Pradesh,KANGRA,V-439843,Sanitation,2024-07-16,2024-08-04,77086569.84,59606082.79,35,"B-624125,B-613265,B-576848,B-381824",,False,
W-563639,RAJEEV BHARDWAJ,Lok Sabha,Himachal Pradesh,KANGRA,V-68336,Health,2022-05-03,2022-05-30,28422258.03,23475478.31,45,"B-576215,B-347389,B-700095,B-699881,B-561306",,False,
W-123431,RAJEEV BHARDWAJ,Lok Sabha,Himachal Pradesh,KANGRA,V-171215,Sanitation,2024-11-16,2024-12-09,43228169.38,42141387.03,40,"B-283423,B-340492,B-937412,B-192725",,False,
W-775827,RAJEEV BHARDWAJ,Lok Sabha,Himachal Pradesh,KANGRA,V-862224,Education,2024-10-06,2024-10-29,29755025.02,20427942.07,74,"B-567128,B-7301,B-925269,B-263339",,False,
W-988900,RAJEEV RAI,Lok Sabha,Uttar Pradesh,GHOSI,V-925747,Education,2021-11-10,2021-11-22,4004005.03,3090843.2,64,"B-324346,B-152286",,False,
W-726149,RAJEEV RAI,Lok Sabha,Uttar Pradesh,GHOSI,V-11936,Education,2025-11-22,2025-12-04,18277426.68,14574904.78,36,"B-493671,B-408622,B-845955",,False,
W-827137,RAJEEV RAI,Lok Sabha,Uttar Pradesh,GHOSI,V-630106,Sanitation,2026-05-01,2026-05-06,14972085.83,11576797.52,56,"B-940532,B-567076,B-860084",,False,
W-193596,RAJEEV RAI,Lok Sabha,Uttar Pradesh,GHOSI,V-364408,Road,2025-11-20,2025-12-15,30230525.76,26745201.93,69,"B-249665,B-919183",,False,
W-456543,RAJEEV RAI,Lok Sabha,Uttar Pradesh,GHOSI,V-417808,Education,2024-03-13,2024-03-14,6223432.64,4669154.25,58,"B-914637,B-928960",,False,
W-760421,RAJEEV RAI,Lok Sabha,Uttar Pradesh,GHOSI,V-969314,Education,2025-07-23,2025-08-05,9416588.78,9164075.6,52,"B-185267,B-23031",,False,
W-723397,RAJEEV RAI,Lok Sabha,Uttar Pradesh,GHOSI,V-360618,Health,2022-03-24,2022-04-04,63140935.28,56150458.65,39,"B-27162,B-857996,B-679427,B-562805",,False,
W-971880,RAJESH RANJAN ALIAS PAPPU YADAV,Lok Sabha,Bihar,PURNEA,V-953049,Road,2024-08-12,2024-08-30,31722453.39,22398127.03,79,"B-435001,B-875752,B-621225,B-862997,B-145000",,False,
W-514087,RAJESH RANJAN ALIAS PAPPU YADAV,Lok Sabha,Bihar,PURNEA,V-549043,Water,2023-01-10,2023-02-07,83693727.82,81921391.52,54,"B-160242,B-599557,B-692298,B-202253",,False,
W-954112,RAJESH RANJAN ALIAS PAPPU YADAV,Lok Sabha,Bihar,PURNEA,V-640688,Water,2024-02-09,2023-03-09,30848818.79,29475373.06,38,"B-578447,B-263297",,True,delayed_completion
W-978758,RAJESH VERMA,Lok Sabha,Bihar,KHAGARIA,V-536308,Health,2024-03-18,2024-04-21,90067327.85,86538815.06,56,"B-200529,B-969251,B-937138,B-792910,B-590128",,False,
W-661399,RAJESH VERMA,Lok Sabha,Bihar,KHAGARIA,V-81103,Other,2023-12-22,2024-01-12,29511122.33,24273521.96,54,"B-339986,B-669629,B-353273,B-76325",,False,
W-906104,RAJESH VERMA,Lok Sabha,Bihar,KHAGARIA,V-802654,Other,2023-05-31,2023-05-31,26686549.82,21744866.24,55,"B-393649,B-137753,B-584985,B-820925",,False,
W-962045,Rajeshbhai Naranbhai Chudasama,Lok Sabha,Gujarat,JUNAGADH,V-373630,Health,2023-03-19,2023-04-16,9024655.72,9223036.55,79,"B-44508,B-259239,B-244105,B-710682",,True,cost_overrun
W-122321,Rajeshbhai Naranbhai Chudasama,Lok Sabha,Gujarat,JUNAGADH,V-640934,Road,2026-08-19,2026-09-19,38904341.03,34737731.02,58,"B-775010,B-454581,B-391868",,False,
W-899217,Rajeshbhai Naranbhai Chudasama,Lok Sabha,Gujarat,JUNAGADH,V-721265,Other,2024-12-20,2025-01-16,48848433.22,39554756.09,88,"B-650643,B-502340,B-776173,B-982449,B-416024",,False,
W-184522,Rajeshbhai Naranbhai Chudasama,Lok Sabha,Gujarat,JUNAGADH,V-903714,Sanitation,2022-07-23,2022-08-07,35338940.99,29644066.22,39,"B-274562,B-998224,B-93762,B-324079",,False,
W-357444,Rajeshbhai Naranbhai Chudasama,Lok Sabha,Gujarat,JUNAGADH,V-786177,Other,2023-03-09,2023-03-12,14148629.03,13679364.39,59,"B-231730,B-145187",,False,
W-920552,Rajiv Pratap Rudy,Lok Sabha,Bihar,SARAN,V-611406,Health,2024-09-21,2024-09-27,32144865.49,28511492.52,72,"B-54505,B-938526,B-222848,B-334759",,False,
W-859303,Rajiv Pratap Rudy,Lok Sabha,Bihar,SARAN,V-480134,Education,2022-11-05,2022-11-23,57767612.15,41847107.82,74,"B-57016,B-873858",,False,
W-106840,Rajiv Pratap Rudy,Lok Sabha,Bihar,SARAN,V-963925,Road,2024-04-02,2024-05-05,45611072.19,39518260.22,66,"B-5269,B-147704,B-764540,B-397200,B-358691",,False,
W-399782,Rajiv Pratap Rudy,Lok Sabha,Bihar,SARAN,V-252368,Health,2024-02-17,2024-03-12,10741450.17,9922160.12,79,"B-423649,B-621435",,False,
W-974606,Rajiv Ranjan (Lalan) Singh,Lok Sabha,Bihar,MUNGER,V-589684,Education,2024-03-21,2024-04-23,48737577.69,35419817.07,43,"B-510636,B-88570,B-993806",,False,
W-338211,Rajiv Ranjan (Lalan) Singh,Lok Sabha,Bihar,MUNGER,V-480518,Other,2025-03-11,2025-04-06,41182082.97,39496512.86,82,"B-247574,B-267799,B-397006,B-208424,B-936418",,False,
W-136066,Rajiv Ranjan (Lalan) Singh,Lok Sabha,Bihar,MUNGER,V-641999,Sanitation,2026-02-26,2026-03-26,5661104.57,4211309.78,74,"B-571176,B-346560,B-147068,B-715153,B-792125",,False,
W-461400,Rajiv Ranjan (Lalan) Singh,Lok Sabha,Bihar,MUNGER,V-DUP-003,Water,2021-09-07,2021-09-13,50684234.77,47339402.36,92,"B-792257,B-521044,B-222259",,True,duplicate_vendor
W-593098,Rajkumar Chahar,Lok Sabha,Uttar Pradesh,FATEHPUR SIKRI,V-644803,Road,2026-07-16,2026-07-18,3768425.44,2728643.52,54,"B-708552,B-504106",,False,
W-563470,Rajkumar Chahar,Lok Sabha,Uttar Pradesh,FATEHPUR SIKRI,V-751209,Road,2023-09-18,2023-09-22,76542717.03,53883046.26,49,"B-992785,B-797769,B-628689",,False,
W-281968,Rajkumar Chahar,Lok Sabha,Uttar Pradesh,FATEHPUR SIKRI,V-874438,Water,2023-10-18,2023-10-18,34542787.67,33283616.09,75,"B-651981,B-82628",,False,
W-675482,Rajkumar Chahar,Lok Sabha,Uttar Pradesh,FATEHPUR SIKRI,V-763160,Water,2024-06-25,2024-07-08,24530494.26,23064652.37,81,"B-345548,B-706700",,False,
W-731126,Rajkumar Chahar,Lok Sabha,Uttar Pradesh,FATEHPUR SIKRI,V-85003,Education,2021-12-09,2021-12-25,6880575.59,6390531.28,54,"B-729272,B-625348,B-43328,B-221271",,False,
W-338115,Rajnath Singh,Lok Sabha,Uttar Pradesh,LUCKNOW,V-984860,Water,2024-10-20,2024-11-12,26619336.78,25391519.54,66,"B-60470,B-184779,B-701871,B-654495,B-629854",,False,
W-698940,Rajnath Singh,Lok Sabha,Uttar Pradesh,LUCKNOW,V-634452,Road,2025-03-10,2025-03-13,100840902.78,79424798.68,38,"B-486606,B-511157,B-734749,B-352007",,False,
W-555610,Rajnath Singh,Lok Sabha,Uttar Pradesh,LUCKNOW,V-831269,Sanitation,2025-03-03,2025-03-03,19640152.7,18583335.42,64,"B-527628,B-928834,B-886716",,False,
W-930202,Rajnath Singh,Lok Sabha,Uttar Pradesh,LUCKNOW,V-906132,Road,2023-09-14,2023-09-19,6934360.86,5311337.67,55,"B-555304,B-747163",,False,
W-498292,RAJPALSINH MAHENDRASINH JADAV,Lok Sabha,Gujarat,PANCHMAHAL,V-16586,Other,2024-04-04,2024-05-05,15486637.12,14289687.02,88,"B-759114,B-675563,B-465370,B-232529,B-90783",,False,
W-231827,RAJPALSINH MAHENDRASINH JADAV,Lok Sabha,Gujarat,PANCHMAHAL,V-853054,Road,2026-05-15,2026-05-20,62152647.72,50730742.85,93,"B-210248,B-355226,B-396495",,False,
W-937450,RAJPALSINH MAHENDRASINH JADAV,Lok Sabha,Gujarat,PANCHMAHAL,V-345223,Sanitation,2026-08-07,2026-09-07,25979999.29,18511124.52,49,"B-285075,B-271861",,False,
W-971325,RAJPALSINH MAHENDRASINH JADAV,Lok Sabha,Gujarat,PANCHMAHAL,V-396084,Sanitation,2023-01-01,2023-01-25,34310248.05,23308217.12,66,"B-621592,B-523576,B-121488,B-878782",,False,
W-689349,RAJPALSINH MAHENDRASINH JADAV,Lok Sabha,Gujarat,PANCHMAHAL,V-460623,Education,2025-10-07,2025-10-16,8335467.81,7236091.88,71,"B-447003,B-999158,B-783846,B-307060,B-587314",,False,
W-595229,Raju Bista,Lok Sabha,West Bengal,DARJEELING,V-581854,Health,2024-04-19,2024-05-16,65674628.64,45263576.0,41,"B-462155,B-2875,B-141077,B-42566",,True,sanction_delay
W-889295,Raju Bista,Lok Sabha,West Bengal,DARJEELING,V-650106,Water,2024-09-18,2024-09-24,26668781.52,17338664.13,63,"B-31214,B-264507,B-952198",,False,
W-959148,Raju Bista,Lok Sabha,West Bengal,DARJEELING,V-222182,Other,2024-03-22,2024-04-04,52318343.74,45789814.82,41,"B-813181,B-68953,B-613362,B-21849,B-79556",,False,
W-876631,Raju Bista,Lok Sabha,West Bengal,DARJEELING,V-798320,Health,2024-01-01,2024-01-02,1603246.1,1386740.46,84,"B-125387,B-904906,B-826590,B-107316,B-911359",,False,
W-385568,RAKESH RATHOR,Lok Sabha,Uttar Pradesh,SITAPUR,V-727446,Road,2022-04-07,2022-05-01,15935259.78,10357988.11,51,"B-336174,B-265078",,False,
W-537145,RAKESH RATHOR,Lok Sabha,Uttar Pradesh,SITAPUR,V-328060,Road,2021-11-01,2021-11-25,47511840.85,43471293.69,50,"B-47355,B-652834,B-423851,B-751139",,False,
W-911835,RAKESH RATHOR,Lok Sabha,Uttar Pradesh,SITAPUR,V-109043,Health,2025-08-01,2025-08-24,18274005.62,16143919.53,80,"B-640387,B-702898,B-649371,B-953643",,False,
W-904408,RAKESH RATHOR,Lok Sabha,Uttar Pradesh,SITAPUR,V-954169,Education,2024-08-01,2024-08-26,18561253.98,16585274.81,72,"B-48057,B-425881",,False,
W-877103,RAKESH RATHOR,Lok Sabha,Uttar Pradesh,SITAPUR,V-991952,Education,2024-10-23,2024-10-25,18829128.68,14482793.02,63,"B-470626,B-588536,B-571882,B-790140",,False,
W-848807,RAKESH RATHOR,Lok Sabha,Uttar Pradesh,SITAPUR,V-175428,Other,2025-12-01,2025-12-27,20463313.29,15561399.85,78,"B-531174,B-819227,B-834172",,False,
W-830430,RAKESH RATHOR,Lok Sabha,Uttar Pradesh,SITAPUR,V-14335,Other,2022-04-05,2022-05-02,6690197.8,4899105.81,72,"B-689150,B-144020,B-440831,B-323438,B-994788",,False,
W-608673,RAKIBUL HUSSAIN,Lok Sabha,Assam,DHUBRI,V-205975,Water,2023-08-01,2023-08-08,8317714.15,7562742.8,54,"B-747826,B-566401,B-837137,B-460090,B-853779",,False,
W-794591,RAKIBUL HUSSAIN,Lok Sabha,Assam,DHUBRI,V-866791,Road,2022-08-20,2022-09-18,56147972.61,37191299.73,58,"B-55957,B-757921,B-784647,B-294645",,False,
W-345054,RAKIBUL HUSSAIN,Lok Sabha,Assam,DHUBRI,V-648810,Other,2025-08-31,2025-09-01,81799313.23,79681801.22,83,"B-520679,B-849358,B-379661,B-377339",,False,
W-881749,RAM PRASAD CHAUDHARY,Lok Sabha,Uttar Pradesh,BASTI,V-356182,Health,2026-04-18,2026-04-25,43965128.5,49749740.36,73,"B-66120,B-942948,B-657278,B-822427,B-483730",,True,cost_overrun
W-915613,RAM PRASAD CHAUDHARY,Lok Sabha,Uttar Pradesh,BASTI,V-944064,Other,2025-07-26,2025-08-16,20421035.9,15660329.74,61,"B-370085,B-357277",,False,
W-996959,RAM PRASAD CHAUDHARY,Lok Sabha,Uttar Pradesh,BASTI,V-801073,Water,2022-10-14,2022-10-18,32066570.99,28718104.74,42,"B-853124,B-99644,B-901886",,False,
W-149322,RAM PRASAD CHAUDHARY,Lok Sabha,Uttar Pradesh,BASTI,V-704600,Education,2022-04-01,2022-04-02,15343893.42,14955187.14,73,"B-460031,B-104840,B-740531,B-40669",,False,
W-627167,RAM PRASAD CHAUDHARY,Lok Sabha,Uttar Pradesh,BASTI,V-136346,Water,2025-05-21,2025-06-19,15431314.49,12261757.39,78,"B-927327,B-275746,B-945595,B-893472,B-738241",,False,
W-961924,RAM PRASAD CHAUDHARY,Lok Sabha,Uttar Pradesh,BASTI,V-58105,Health,2026-07-11,2026-07-17,5449653.68,3875221.05,55,"B-365497,B-824003,B-918596,B-806502,B-920884",,False,
W-142450,RAM PRASAD CHAUDHARY,Lok Sabha,Uttar Pradesh,BASTI,V-806118,Water,2025-03-27,2025-04-27,34264957.27,27914853.07,67,"B-217851,B-798635",,False,
W-160379,RAM PRASAD CHAUDHARY,Lok Sabha,Uttar Pradesh,BASTI,V-489572,Water,2022-05-25,2022-06-04,36213518.07,32551254.82,68,"B-198452,B-869814,B-576176,B-972890,B-22172",,False,
W-491921,Ram Shiromani,Lok Sabha,Uttar Pradesh,SHRAWASTI,V-956551,Education,2023-10-09,2023-10-24,8205401.44,6883568.21,64,"B-920597,B-745775,B-810974,B-862872",,False,
W-550523,Ram Shiromani,Lok Sabha,Uttar Pradesh,SHRAWASTI,V-246134,Other,2026-07-08,2026-07-16,20568262.19,19129199.73,78,"B-342076,B-543930,B-406057",,False,
W-558231,Ram Shiromani,Lok Sabha,Uttar Pradesh,SHRAWASTI,V-57661,Education,2026-01-19,2026-01-23,1744577.03,1694871.88,66,"B-965828,B-694547",,False,
W-270611,Ram Shiromani,Lok Sabha,Uttar Pradesh,SHRAWASTI,V-667177,Education,2023-03-03,2023-04-03,4653030.75,3832126.36,84,"B-98851,B-207350,B-253276,B-367299,B-972938",,False,
W-335843,Ram Shiromani,Lok Sabha,Uttar Pradesh,SHRAWASTI,V-484279,Water,2026-05-13,2026-06-10,25911619.29,18707164.82,70,"B-95939,B-180506,B-751576,B-558261",,False,
W-902785,Ram Shiromani,Lok Sabha,Uttar Pradesh,SHRAWASTI,V-883176,Road,2022-02-13,2022-04-05,6939368.85,4952887.53,47,"B-205480,B-958805,B-269358",,False,
W-348226,Ram Shiromani,Lok Sabha,Uttar Pradesh,SHRAWASTI,V-327409,Education,2022-06-23,2022-06-29,65213141.42,50735270.64,89,"B-81779,B-998945",,False,
W-352777,Ram Shiromani,Lok Sabha,Uttar Pradesh,SHRAWASTI,V-759157,Other,2023-11-21,2023-12-15,17752742.75,11583892.81,68,"B-568769,B-133654,B-406633",,False,
W-732343,RAMASAHAYAM RAGHURAM REDDY,Lok Sabha,Telangana,KHAMMAM,V-546733,Other,2024-04-28,2024-07-17,55206987.3,43018652.08,56,"B-939346,B-560962,B-612566,B-152828,B-184895",,False,
W-297546,RAMASAHAYAM RAGHURAM REDDY,Lok Sabha,Telangana,KHAMMAM,V-298318,Education,2025-05-26,2025-06-14,46369022.67,50725306.24,72,"B-992866,B-138246,B-383836",,True,cost_overrun
W-928645,RAMASAHAYAM RAGHURAM REDDY,Lok Sabha,Telangana,KHAMMAM,V-670722,Water,2023-10-21,2023-11-18,30326347.02,22354292.73,57,"B-873299,B-573857,B-381600",,False,
W-397785,RAMASAHAYAM RAGHURAM REDDY,Lok Sabha,Telangana,KHAMMAM,V-304990,Water,2023-03-09,2023-03-28,14362643.01,12855024.54,49,"B-704656,B-141682,B-208806",,False,
W-779950,RAMASHANKAR RAJBHAR,Lok Sabha,Uttar Pradesh,SALEMPUR,V-500216,Sanitation,2023-12-22,2023-12-22,80543112.48,78597270.06,65,"B-210113,B-324835,B-613022,B-37962",,False,
W-501093,RAMASHANKAR RAJBHAR,Lok Sabha,Uttar Pradesh,SALEMPUR,V-603880,Water,2024-07-15,2024-08-12,8825955.63,6061251.16,36,"B-532998,B-647849",,False,
W-325828,RAMASHANKAR RAJBHAR,Lok Sabha,Uttar Pradesh,SALEMPUR,V-881059,Water,2025-06-11,2025-06-21,41650685.23,37736406.75,79,"B-306029,B-621613,B-265457,B-473454",,False,
W-538519,RAMASHANKAR RAJBHAR,Lok Sabha,Uttar Pradesh,SALEMPUR,V-360166,Health,2023-07-05,2023-07-17,10740587.06,8830640.29,50,"B-923985,B-942266,B-368206,B-498268",,False,
W-738590,RAMASHANKAR RAJBHAR,Lok Sabha,Uttar Pradesh,SALEMPUR,V-248502,Road,2022-02-12,2022-02-28,4539100.31,3870573.42,76,"B-875480,B-574248,B-214992,B-697882,B-915292",,False,
W-301725,RAMASHANKAR RAJBHAR,Lok Sabha,Uttar Pradesh,SALEMPUR,V-636403,Road,2022-10-14,2022-11-14,12957201.72,11686498.75,84,"B-412915,B-810813",,False,
W-713707,RAMBHUAL NISHAD,Lok Sabha,Uttar Pradesh,SULTANPUR,V-280983,Sanitation,2024-07-21,2024-08-12,30412138.49,24189536.35,46,"B-937227,B-425133",,False,
W-617484,RAMBHUAL NISHAD,Lok Sabha,Uttar Pradesh,SULTANPUR,V-925135,Education,2025-04-03,2025-04-16,40439876.47,38299928.8,77,"B-205143,B-29666,B-245811,B-159683,B-637681",,False,
W-818634,RAMBHUAL NISHAD,Lok Sabha,Uttar Pradesh,SULTANPUR,V-654837,Health,2026-05-14,2026-06-15,19836898.87,13894446.82,73,"B-704360,B-599626,B-310693,B-916576",,False,
W-706941,RAMBHUAL NISHAD,Lok Sabha,Uttar Pradesh,SULTANPUR,V-41112,Other,2026-06-23,2026-07-13,59786883.49,43003235.63,42,"B-868788,B-320194",,False,
W-416163,RAMESH AWASTHI,Lok Sabha,Uttar Pradesh,KANPUR,V-662424,Sanitation,2022-10-10,2022-11-02,31433734.29,23644198.78,66,"B-992344,B-535812,B-453268,B-45329",,False,
W-538272,RAMESH AWASTHI,Lok Sabha,Uttar Pradesh,KANPUR,V-143905,Other,2024-01-08,2024-02-11,60421211.59,40939973.23,63,"B-135630,B-543593,B-13181,B-838514,B-127948",,False,
W-659281,RAMESH AWASTHI,Lok Sabha,Uttar Pradesh,KANPUR,V-363079,Road,2021-10-29,2021-11-09,54410054.12,38445993.17,79,"B-948169,B-515303,B-735785,B-153409,B-DUP-015",,True,duplicate_beneficiary
W-610611,Ramesh Chandappa Jigajinagi,Lok Sabha,Karnataka,BIJAPUR(SC),V-701460,Water,2025-03-30,2024-11-23,36698312.9,31439885.45,36,"B-856434,B-727165,B-829861",,True,delayed_completion
W-322791,Ramesh Chandappa Jigajinagi,Lok Sabha,Karnataka,BIJAPUR(SC),V-489514,Water,2023-04-28,2023-05-15,111955556.29,83770498.61,67,"B-860049,B-193764,B-108624,B-857588,B-188733",,False,
W-702262,Ramesh Chandappa Jigajinagi,Lok Sabha,Karnataka,BIJAPUR(SC),V-988807,Water,2026-05-25,2026-06-02,19410515.84,18464130.29,67,"B-368125,B-949400,B-673713,B-463823,B-567572",,False,
W-143312,Ramesh Chandappa Jigajinagi,Lok Sabha,Karnataka,BIJAPUR(SC),V-95514,Other,2025-07-06,2025-07-20,100088114.97,75098217.33,68,"B-644747,B-994092,B-108217",,False,
W-814149,Ramprit Mandal,Lok Sabha,Bihar,JHANJHARPUR,V-388001,Other,2022-12-12,2023-01-13,13403684.68,10816910.79,51,"B-853465,B-99258,B-891029,B-879826",,False,
W-485506,Ramprit Mandal,Lok Sabha,Bihar,JHANJHARPUR,V-808521,Other,2024-06-30,2024-07-11,23239093.99,16621032.45,83,"B-595740,B-100803",,False,
W-924715,Ramprit Mandal,Lok Sabha,Bihar,JHANJHARPUR,V-398832,Education,2023-07-30,2023-08-18,109622221.33,90322188.69,82,"B-661985,B-296658,B-197870",,False,
W-441674,Ramvir Singh Bidhuri,Lok Sabha,Delhi,SOUTH DELHI,V-209803,Road,2022-07-31,2022-08-13,33526675.42,24000840.45,54,"B-523692,B-672959,B-714000",,False,
W-986438,Ramvir Singh Bidhuri,Lok Sabha,Delhi,SOUTH DELHI,V-946492,Sanitation,2025-09-29,2025-10-07,8410733.78,6121509.44,57,"B-498950,B-374790,B-903248,B-782264",,False,
W-287073,Ramvir Singh Bidhuri,Lok Sabha,Delhi,SOUTH DELHI,V-691980,Road,2021-10-14,2021-11-09,55412158.81,51285889.27,51,"B-514718,B-867165,B-124380,B-DUP-015",,True,duplicate_beneficiary
W-328971,Ramvir Singh Bidhuri,Lok Sabha,Delhi,SOUTH DELHI,V-624066,Other,2025-11-16,2025-11-18,49471736.49,40057846.3,62,"B-916760,B-733989,B-790863",,False,
W-440637,RANJIT DUTTA,Lok Sabha,Assam,Sonitpur,V-520990,Water,2022-01-24,2022-02-20,27755101.78,21193007.04,87,"B-896005,B-725569",,False,
W-345295,RANJIT DUTTA,Lok Sabha,Assam,Sonitpur,V-781415,Sanitation,2025-02-24,2023-05-23,34981170.54,31640465.86,52,"B-448174,B-778662",,False,
W-657792,RANJIT DUTTA,Lok Sabha,Assam,Sonitpur,V-768720,Education,2022-01-27,2022-02-20,16658479.96,11768265.72,38,"B-481499,B-26362,B-419074,B-988614,B-273534",,False,
W-432845,RANJIT DUTTA,Lok Sabha,Assam,Sonitpur,V-992535,Health,2023-01-18,2023-02-16,21971543.92,19763316.96,82,"B-171331,B-522128,B-310840",,False,
W-223556,RANJIT DUTTA,Lok Sabha,Assam,Sonitpur,V-838547,Health,2023-04-09,2023-05-11,24604884.97,16133552.18,40,"B-181606,B-2280,B-787003,B-78876",,False,
W-536684,RANJIT DUTTA,Lok Sabha,Assam,Sonitpur,V-686145,Sanitation,2022-05-07,2022-05-08,7026959.99,6382552.58,68,"B-998526,B-712503",,False,
W-352298,RANJIT DUTTA,Lok Sabha,Assam,Sonitpur,V-603241,Road,2025-03-25,2025-03-28,13266858.84,12647639.68,59,"B-683265,B-738489,B-229313",,False,
W-285743,Rao Inderjit Singh,Lok Sabha,Haryana,GURGAON,V-128837,Water,2024-07-23,2024-08-23,52262425.81,41449583.86,79,"B-193829,B-363035,B-649345,B-990912,B-493147",,False,
W-452412,Rao Inderjit Singh,Lok Sabha,Haryana,GURGAON,V-352538,Other,2022-08-05,2022-08-27,60082876.67,41224114.54,77,"B-99663,B-556056,B-45570,B-477986",,False,
W-215380,Rao Inderjit Singh,Lok Sabha,Haryana,GURGAON,V-794734,Road,2024-08-12,2024-09-05,13420664.09,9012939.01,85,"B-859278,B-250510,B-175859",,False,
W-924452,Rao Inderjit Singh,Lok Sabha,Haryana,GURGAON,V-621547,Education,2023-08-19,2023-09-13,20499033.43,14386909.39,93,"B-50040,B-564681,B-108718",,False,
W-257271,Rao Rajendra Singh,Lok Sabha,Rajasthan,JAIPUR RURAL,V-18443,Sanitation,2023-10-18,2023-11-15,33855354.94,28565714.13,86,"B-575955,B-414974",,False,
W-121396,Rao Rajendra Singh,Lok Sabha,Rajasthan,JAIPUR RURAL,V-239540,Education,2023-08-05,2023-08-10,62533298.87,51641679.95,68,"B-72406,B-851560,B-566549,B-67763",,False,
W-839989,Rao Rajendra Singh,Lok Sabha,Rajasthan,JAIPUR RURAL,V-517509,Other,2024-06-07,2024-06-13,15462612.78,14786777.37,48,"B-434640,B-824776",,False,
W-115378,Rao Rajendra Singh,Lok Sabha,Rajasthan,JAIPUR RURAL,V-269359,Road,2025-01-17,2025-01-22,34413733.41,32813167.3,81,"B-30503,B-185823",,False,
W-758546,Ravi Shankar Prasad,Lok Sabha,Bihar,PATNA SAHIB,V-365989,Sanitation,2026-03-08,2026-04-06,53684514.55,40646944.3,51,"B-936594,B-899206,B-495589,B-32658,B-192568",,False,
W-241429,Ravi Shankar Prasad,Lok Sabha,Bihar,PATNA SAHIB,V-610815,Education,2022-12-20,2023-01-08,12575081.39,10308904.52,73,"B-726882,B-685395,B-574270",,False,
W-753131,Ravi Shankar Prasad,Lok Sabha,Bihar,PATNA SAHIB,V-217484,Education,2024-11-18,2024-12-02,26843551.08,24694157.63,68,"B-87275,B-414317,B-839582,B-170202",,False,
W-763543,Ravi Shankar Prasad,Lok Sabha,Bihar,PATNA SAHIB,V-394383,Education,2025-04-04,2025-05-01,33843821.04,26701345.67,38,"B-407315,B-860448,B-561141",,False,
W-862533,Ravi Shankar Prasad,Lok Sabha,Bihar,PATNA SAHIB,V-857115,Sanitation,2023-05-11,2023-05-14,19318031.94,17507864.28,88,"B-69366,B-643064,B-597879",,False,
W-860908,RAVINDRA DATTARAM WAIKAR,Lok Sabha,Maharashtra,MUMBAI NORTH WEST,V-781009,Health,2022-10-19,2022-11-22,17002501.25,15552830.01,61,"B-868065,B-906857",,False,
W-232373,RAVINDRA DATTARAM WAIKAR,Lok Sabha,Maharashtra,MUMBAI NORTH WEST,V-399369,Education,2024-12-20,2025-01-18,39977526.27,42785166.3,85,"B-93575,B-15128",,True,cost_overrun
W-926174,RAVINDRA DATTARAM WAIKAR,Lok Sabha,Maharashtra,MUMBAI NORTH WEST,V-572713,Road,2026-04-07,2026-06-02,16504649.26,14709211.85,53,"B-464694,B-650949,B-825895",,False,
W-872986,RAVINDRA DATTARAM WAIKAR,Lok Sabha,Maharashtra,MUMBAI NORTH WEST,V-472443,Sanitation,2024-05-28,2024-06-08,33022588.48,30090808.54,88,"B-961951,B-827689,B-658183,B-987065,B-757862",,False,
W-943763,RAVINDRA DATTARAM WAIKAR,Lok Sabha,Maharashtra,MUMBAI NORTH WEST,V-38999,Education,2024-04-14,2024-05-07,39757734.74,30741093.08,42,"B-600851,B-238555,B-651728,B-951185,B-211101",,False,
W-375352,Ravindra Shyamnarayan Alias Ravi Kishan Shukla,Lok Sabha,Uttar Pradesh,GORAKHPUR,V-597291,Other,2021-10-20,2021-11-06,6408246.92,5609368.18,77,"B-584891,B-351401,B-DUP-014",,True,duplicate_beneficiary
W-550276,Ravindra Shyamnarayan Alias Ravi Kishan Shukla,Lok Sabha,Uttar Pradesh,GORAKHPUR,V-221329,Sanitation,2026-05-27,2026-05-29,4488518.2,4677031.75,94,"B-726691,B-922320,B-680217,B-736952",,True,cost_overrun
W-981251,Ravindra Shyamnarayan Alias Ravi Kishan Shukla,Lok Sabha,Uttar Pradesh,GORAKHPUR,V-581422,Health,2022-10-22,2022-10-27,13486756.5,10092892.66,82,"B-290511,B-761486,B-263467,B-278472,B-132740",,False,
W-818636,Ravindra Shyamnarayan Alias Ravi Kishan Shukla,Lok Sabha,Uttar Pradesh,GORAKHPUR,V-500911,Water,2025-10-24,2025-11-28,35919542.3,30887825.29,64,"B-104202,B-9079",,False,
W-434017,Ravindra Shyamnarayan Alias Ravi Kishan Shukla,Lok Sabha,Uttar Pradesh,GORAKHPUR,V-38410,Sanitation,2024-10-19,2024-11-21,17390322.13,16427217.46,86,"B-264226,B-793737,B-135145,B-282079",,False,
W-544831,Ravindra Shyamnarayan Alias Ravi Kishan Shukla,Lok Sabha,Uttar Pradesh,GORAKHPUR,V-336774,Other,2023-04-02,2023-04-12,3835183.68,3376335.5,70,"B-270550,B-718610,B-953995,B-991967,B-925964",,False,
W-482340,Ravindra Shyamnarayan Alias Ravi Kishan Shukla,Lok Sabha,Uttar Pradesh,GORAKHPUR,V-478343,Other,2022-10-02,2022-10-29,48800063.3,47454432.43,68,"B-120362,B-461359,B-925554,B-692623",,False,
W-628876,Ravindra Shyamnarayan Alias Ravi Kishan Shukla,Lok Sabha,Uttar Pradesh,GORAKHPUR,V-711112,Water,2024-03-22,2024-04-02,15936366.96,16372354.2,66,"B-10433,B-771443,B-412876,B-714641,B-113632",,False,
W-294148,Ravindra Vasantrao Chavan,Lok Sabha,Maharashtra,NANDED,V-578034,Water,2022-08-15,2022-08-19,11703462.28,9368397.9,81,"B-209970,B-985128",,False,
W-997430,Ravindra Vasantrao Chavan,Lok Sabha,Maharashtra,NANDED,V-714173,Education,2025-12-29,2026-01-19,32327873.41,28500358.94,43,"B-12302,B-343401,B-810873,B-945445",,False,
W-209142,Ravindra Vasantrao Chavan,Lok Sabha,Maharashtra,NANDED,V-400065,Other,2023-01-05,2023-01-12,48216551.5,34890801.73,82,"B-656105,B-469187,B-908663,B-38664,B-720936",,False,
W-714766,Ravindra Vasantrao Chavan,Lok Sabha,Maharashtra,NANDED,V-562329,Health,2022-08-13,2022-08-31,54017112.81,35649039.91,52,"B-239792,B-158544",,False,
W-712301,RICHARD VANLALHMANGAIHA,Lok Sabha,Mizoram,MIZORAM (ST),V-504347,Road,2026-04-03,2026-04-29,51174390.11,34902968.04,65,"B-634555,B-510955,B-486246",,False,
W-795900,RICHARD VANLALHMANGAIHA,Lok Sabha,Mizoram,MIZORAM (ST),V-831834,Sanitation,2026-01-02,2026-01-19,10751503.26,13003422.4,96,"B-616649,B-647176,B-670595,B-357027,B-489684",,False,
W-889558,RICHARD VANLALHMANGAIHA,Lok Sabha,Mizoram,MIZORAM (ST),V-653263,Other,2025-03-15,2025-04-13,27918099.31,24576248.83,69,"B-92761,B-392713,B-721771,B-36113",,False,
W-875192,RICHARD VANLALHMANGAIHA,Lok Sabha,Mizoram,MIZORAM (ST),V-857958,Water,2024-03-25,2024-04-22,56421007.32,52933241.03,77,"B-262188,B-912143,B-376272",,False,
W-847344,ROBERT BRUCE C,Lok Sabha,Tamil Nadu,TIRUNELVELI,V-340751,Other,2024-01-01,2024-01-01,19018329.78,14920623.33,81,"B-766166,B-606801,B-284918",,False,
W-837765,ROBERT BRUCE C,Lok Sabha,Tamil Nadu,TIRUNELVELI,V-358231,Road,2023-07-17,2023-07-28,31308954.47,22223886.29,75,"B-443457,B-190801",,False,
W-246840,ROBERT BRUCE C,Lok Sabha,Tamil Nadu,TIRUNELVELI,V-880631,Health,2022-03-07,2022-03-27,60266803.98,50118008.34,94,"B-625530,B-972622,B-822935,B-987151",,False,
W-241969,ROBERT BRUCE C,Lok Sabha,Tamil Nadu,TIRUNELVELI,V-DUP-008,Health,2021-09-02,2021-09-17,36143974.68,33398050.35,76,"B-512897,B-18453,B-309157,B-790012,B-285111",,True,duplicate_vendor
W-684377,Rodmal Nagar,Lok Sabha,Madhya Pradesh,RAJGARH,V-64607,Sanitation,2026-05-28,2025-12-17,63510405.77,44833437.81,49,"B-663188,B-645773,B-310528,B-215190,B-294351",,True,delayed_completion
W-409406,Rodmal Nagar,Lok Sabha,Madhya Pradesh,RAJGARH,V-476175,Health,2023-02-07,2023-03-13,22619895.07,20076283.65,39,"B-875588,B-609121,B-142038,B-228204",,False,
W-659544,Rodmal Nagar,Lok Sabha,Madhya Pradesh,RAJGARH,V-654432,Water,2025-08-13,2025-09-09,12931277.44,12231215.71,64,"B-967130,B-382556,B-141734,B-687504",,False,
W-709683,Rodmal Nagar,Lok Sabha,Madhya Pradesh,RAJGARH,V-104751,Health,2026-07-14,2026-11-28,17253268.55,15253625.44,51,"B-379753,B-851325,B-642286,B-739162,B-52728",,True,sanction_delay
W-357278,Rodmal Nagar,Lok Sabha,Madhya Pradesh,RAJGARH,V-162023,Health,2025-06-24,2022-11-17,29950153.17,24048284.9,47,"B-389672,B-338120,B-371110",,True,delayed_completion
W-728791,ROOP KUMARI CHOUDHARY,Lok Sabha,Chhattisgarh,MAHASAMUND,V-302751,Education,2023-04-10,2023-05-09,18365003.94,14761222.55,74,"B-642837,B-79685,B-570871,B-522383",,False,
W-681527,ROOP KUMARI CHOUDHARY,Lok Sabha,Chhattisgarh,MAHASAMUND,V-290842,Other,2024-05-25,2024-06-19,4969703.76,4755187.98,64,"B-161701,B-379278,B-24622",,False,
W-361341,ROOP KUMARI CHOUDHARY,Lok Sabha,Chhattisgarh,MAHASAMUND,V-365585,Other,2026-08-13,2026-09-03,20496539.29,17963882.29,46,"B-636815,B-169672,B-387696",,False,
W-169082,ROOP KUMARI CHOUDHARY,Lok Sabha,Chhattisgarh,MAHASAMUND,V-166226,Water,2023-07-15,2023-08-16,10536990.6,9059584.83,85,"B-225720,B-263502",,False,
W-484726,ROOP KUMARI CHOUDHARY,Lok Sabha,Chhattisgarh,MAHASAMUND,V-962346,Water,2025-02-25,2025-03-16,48873557.51,38696158.5,50,"B-880164,B-213180,B-607197,B-451708",,False,
W-983108,ROOP KUMARI CHOUDHARY,Lok Sabha,Chhattisgarh,MAHASAMUND,V-542122,Sanitation,2024-10-17,2024-10-22,19360658.15,12797669.08,83,"B-185062,B-412088,B-625158",,False,
W-940805,ROOP KUMARI CHOUDHARY,Lok Sabha,Chhattisgarh,MAHASAMUND,V-545196,Water,2023-07-13,2023-07-19,8074646.72,6808881.77,60,"B-506992,B-974645,B-54421,B-140334",,False,
W-816903,ROOP KUMARI CHOUDHARY,Lok Sabha,Chhattisgarh,MAHASAMUND,V-957679,Road,2026-07-11,2026-07-13,21593136.96,20346068.88,55,"B-227005,B-396686",,False,
W-903063,RUCHI VIRA,Lok Sabha,Uttar Pradesh,MORADABAD,V-401594,Road,2024-12-24,2024-12-25,35075457.23,24829429.55,35,"B-180000,B-101702,B-501709,B-976905,B-105899",,False,
W-859441,RUCHI VIRA,Lok Sabha,Uttar Pradesh,MORADABAD,V-844159,Water,2024-11-27,2024-12-25,49178404.86,40454897.65,91,"B-952820,B-66483,B-136968,B-67055,B-444135",,False,
W-607640,RUCHI VIRA,Lok Sabha,Uttar Pradesh,MORADABAD,V-486951,Road,2022-06-06,2022-06-11,18387886.31,15345052.36,82,"B-176063,B-532254",,False,
W-138802,RUCHI VIRA,Lok Sabha,Uttar Pradesh,MORADABAD,V-45060,Water,2025-05-01,2025-05-11,35730235.25,34309763.89,59,"B-602538,B-221376,B-136302,B-921286,B-48309",,False,
W-668272,RUCHI VIRA,Lok Sabha,Uttar Pradesh,MORADABAD,V-952607,Road,2026-07-10,2026-07-13,7893016.35,5780446.23,40,"B-390183,B-521165,B-741525,B-753301",,False,
W-651046,RUDRA NARAYAN PANY,Lok Sabha,Odisha,DHENKANAL,V-530977,Road,2022-05-29,2022-06-21,48781267.33,41129378.75,58,"B-215128,B-47573,B-746013,B-92231",,False,
W-737355,RUDRA NARAYAN PANY,Lok Sabha,Odisha,DHENKANAL,V-976478,Water,2022-04-24,2022-04-25,30939152.64,21146156.52,77,"B-367174,B-838497,B-860129,B-469195",,False,
W-732216,RUDRA NARAYAN PANY,Lok Sabha,Odisha,DHENKANAL,V-894190,Road,2024-03-19,2024-04-10,74518467.35,66306564.01,80,"B-158353,B-247488",,False,
W-816978,S SUPONGMEREN JAMIR,Lok Sabha,Nagaland,NAGALAND,V-764980,Water,2024-10-12,2024-10-30,69911736.68,59543484.22,91,"B-301490,B-158553,B-312675",,False,
W-650884,S SUPONGMEREN JAMIR,Lok Sabha,Nagaland,NAGALAND,V-660675,Road,2026-05-20,2026-06-15,37385054.92,24819657.73,43,"B-889474,B-829116,B-38921",,False,
W-681467,S SUPONGMEREN JAMIR,Lok Sabha,Nagaland,NAGALAND,V-542054,Water,2025-10-10,2025-11-02,12959138.38,9833172.41,40,"B-813439,B-612747",,False,
W-865414,S SUPONGMEREN JAMIR,Lok Sabha,Nagaland,NAGALAND,V-550573,Other,2021-11-02,2018-03-19,26009070.01,23012650.23,45,"B-830023,B-350126",,True,delayed_completion
W-836245,S Venkatesan,Lok Sabha,Tamil Nadu,MADURAI,V-403122,Sanitation,2022-03-09,2022-03-17,11664211.62,10223600.56,73,"B-216228,B-57730,B-978903,B-225308,B-990323",,False,
W-760160,S Venkatesan,Lok Sabha,Tamil Nadu,MADURAI,V-206969,Sanitation,2025-08-16,2025-08-20,2822524.32,2198852.12,65,"B-457203,B-687704,B-671835",,False,
W-848491,S Venkatesan,Lok Sabha,Tamil Nadu,MADURAI,V-246170,Sanitation,2025-03-10,2025-04-08,34925615.48,25099557.03,53,"B-849014,B-371213,B-847486",,False,
W-934031,S Venkatesan,Lok Sabha,Tamil Nadu,MADURAI,V-945768,Health,2024-03-31,2024-04-24,8674928.91,5733841.25,51,"B-176277,B-180134",,False,
W-696489,S Venkatesan,Lok Sabha,Tamil Nadu,MADURAI,V-728981,Road,2021-12-27,2022-01-03,18695545.26,18155956.85,77,"B-812447,B-692117,B-171532,B-962833",,False,
W-783958,S Venkatesan,Lok Sabha,Tamil Nadu,MADURAI,V-296075,Education,2025-05-23,2025-06-23,20635079.36,18983601.53,43,"B-783019,B-22357,B-871567,B-506650",,False,
W-388080,S Venkatesan,Lok Sabha,Tamil Nadu,MADURAI,V-813443,Water,2022-04-30,2022-05-21,31156617.61,26043105.5,95,"B-671309,B-537006",,False,
W-400646,S Venkatesan,Lok Sabha,Tamil Nadu,MADURAI,V-217453,Water,2026-07-10,2026-08-05,17690477.44,13456718.43,65,"B-953814,B-478560",,False,
W-687231,S. Jagathrakshakan,Lok Sabha,Tamil Nadu,ARAKKONAM,V-404985,Water,2026-03-10,2026-04-02,9092615.33,8797099.14,56,"B-921554,B-289996,B-605579",,False,
W-449762,S. Jagathrakshakan,Lok Sabha,Tamil Nadu,ARAKKONAM,V-886520,Water,2024-10-27,2024-11-22,29746977.75,19558999.6,92,"B-183800,B-50073",,False,
W-490629,S. Jagathrakshakan,Lok Sabha,Tamil Nadu,ARAKKONAM,V-855041,Other,2023-02-11,2023-02-16,36197596.43,27260339.33,76,"B-495254,B-859929,B-502840",,False,
W-485808,S. Jagathrakshakan,Lok Sabha,Tamil Nadu,ARAKKONAM,V-308566,Education,2025-07-07,2025-07-23,21563896.19,15762331.42,48,"B-923178,B-512603",,False,
W-972920,S. Jagathrakshakan,Lok Sabha,Tamil Nadu,ARAKKONAM,V-712631,Sanitation,2024-11-13,2024-12-06,26113827.4,17177891.02,83,"B-961603,B-646931,B-224260,B-956388,B-339626",,False,
W-213497,S. Jagathrakshakan,Lok Sabha,Tamil Nadu,ARAKKONAM,V-215011,Other,2026-01-25,2026-02-26,10911524.89,9650389.85,59,"B-758923,B-849314,B-880145,B-500682",,False,
W-135967,S. Jagathrakshakan,Lok Sabha,Tamil Nadu,ARAKKONAM,V-252658,Water,2026-06-20,2026-07-12,46059947.68,39852599.4,91,"B-490915,B-936676,B-412958,B-319570,B-430246",,False,
W-788488,SACHITHANANTHAM R,Lok Sabha,Tamil Nadu,DINDIGUL,V-620247,Other,2025-01-10,2025-01-14,91526534.0,70631072.52,78,"B-573430,B-623427,B-555099,B-508190,B-964029",,False,
W-253209,SACHITHANANTHAM R,Lok Sabha,Tamil Nadu,DINDIGUL,V-850298,Water,2023-07-08,2023-07-29,29847275.01,38903399.54,86,"B-747917,B-489503,B-775408,B-293228",,True,cost_overrun
W-832997,SACHITHANANTHAM R,Lok Sabha,Tamil Nadu,DINDIGUL,V-DUP-009,Other,2021-09-21,2021-10-01,24891190.99,19136067.76,89,"B-794576,B-34580",,True,duplicate_vendor
W-739780,SAGAR ESHWAR KHANDRE,Lok Sabha,Karnataka,BIDAR,V-871669,Water,2023-08-09,2023-09-10,27242088.66,21972273.11,67,"B-3637,B-8971,B-722135",,False,
W-755648,SAGAR ESHWAR KHANDRE,Lok Sabha,Karnataka,BIDAR,V-119572,Education,2024-09-04,2024-10-06,18838181.55,18211457.32,74,"B-226516,B-182605,B-247933,B-351662,B-467622",,False,
W-698907,SAGAR ESHWAR KHANDRE,Lok Sabha,Karnataka,BIDAR,V-958133,Health,2024-08-22,2024-09-19,67401950.08,62851227.14,50,"B-53930,B-328335",,False,
W-921620,SAGAR ESHWAR KHANDRE,Lok Sabha,Karnataka,BIDAR,V-47496,Road,2021-12-11,2021-12-24,32782779.71,31459606.8,77,"B-388359,B-839642,B-503055",,False,
W-982590,SALENG A SANGMA,Lok Sabha,Meghalaya,TURA,V-927086,Sanitation,2024-01-20,2024-02-07,38351749.07,36878772.7,66,"B-660376,B-488956,B-522313,B-56728,B-909323",,False,
W-808905,SALENG A SANGMA,Lok Sabha,Meghalaya,TURA,V-996684,Health,2023-03-25,2023-04-08,13616490.55,11327068.17,59,"B-653029,B-29295,B-912245",,False,
W-248826,SALENG A SANGMA,Lok Sabha,Meghalaya,TURA,V-607250,Other,2021-12-31,2022-01-27,9577585.72,7489950.69,90,"B-550925,B-205842,B-722702",,False,
W-910412,SALENG A SANGMA,Lok Sabha,Meghalaya,TURA,V-632391,Health,2025-05-06,2025-06-05,48389001.22,38655947.89,87,"B-978314,B-91058,B-143219,B-347542,B-661917",,False,
W-951162,SALENG A SANGMA,Lok Sabha,Meghalaya,TURA,V-954918,Water,2021-10-28,2021-11-12,2709724.07,2278388.15,67,"B-900111,B-545059",,False,
W-471213,SALENG A SANGMA,Lok Sabha,Meghalaya,TURA,V-332921,Education,2022-06-02,2022-07-03,33620449.37,23528883.18,51,"B-549889,B-944224,B-949449,B-577224",,False,
W-112581,SAMBIT PATRA,Lok Sabha,Odisha,PURI,V-743127,Health,2023-10-07,2023-10-26,10517538.71,7463957.45,60,"B-955187,B-492928,B-755276,B-751816,B-981383",,False,
W-869867,SAMBIT PATRA,Lok Sabha,Odisha,PURI,V-735834,Road,2022-02-01,2022-03-01,24486815.36,18742115.51,41,"B-57446,B-951653,B-337877,B-980361,B-61578",,False,
W-299344,SAMBIT PATRA,Lok Sabha,Odisha,PURI,V-617196,Road,2026-03-29,2026-04-17,111260645.93,105696080.06,46,"B-161395,B-169607,B-596414,B-792127,B-984279",,False,
W-314837,SANATAN PANDEY,Lok Sabha,Uttar Pradesh,BALLIA,V-827230,Road,2023-01-21,2023-02-14,45830806.45,38426006.96,94,"B-1114,B-588168,B-274092,B-127574",,False,
W-719209,SANATAN PANDEY,Lok Sabha,Uttar Pradesh,BALLIA,V-460819,Health,2026-02-18,2026-03-23,13384739.86,9302308.37,59,"B-875867,B-741964,B-273245,B-846651,B-696077",,False,
W-123019,SANATAN PANDEY,Lok Sabha,Uttar Pradesh,BALLIA,V-596612,Sanitation,2023-01-09,2023-01-29,70212041.66,67292774.41,61,"B-267777,B-223733,B-866807,B-743606",,False,
W-335720,SANATAN PANDEY,Lok Sabha,Uttar Pradesh,BALLIA,V-926309,Other,2023-09-15,2023-10-13,7321396.17,5344789.59,81,"B-617333,B-787617,B-856564,B-435178",,False,
W-351071,SANATAN PANDEY,Lok Sabha,Uttar Pradesh,BALLIA,V-209468,Sanitation,2024-06-21,2024-07-09,14803501.88,13659371.28,36,"B-937566,B-72028,B-433310",,False,
W-795570,SANATAN PANDEY,Lok Sabha,Uttar Pradesh,BALLIA,V-587509,Education,2022-05-05,2022-05-09,27965455.17,21663742.26,92,"B-675784,B-684214,B-133390",,False,
W-799403,SANJAY DINA PATIL,Lok Sabha,Maharashtra,MUMBAI NORTH EAST,V-199835,Education,2025-08-03,2025-09-05,61644439.46,46747832.34,37,"B-898905,B-414788,B-476207,B-79466",,False,
W-628540,SANJAY DINA PATIL,Lok Sabha,Maharashtra,MUMBAI NORTH EAST,V-336523,Road,2026-03-27,2026-04-05,9935858.91,8461521.55,69,"B-492304,B-280862,B-26170,B-167685,B-976590",,False,
W-504795,SANJAY DINA PATIL,Lok Sabha,Maharashtra,MUMBAI NORTH EAST,V-541769,Sanitation,2026-04-19,2026-05-20,27955003.14,22310226.61,42,"B-485898,B-961156,B-701743",,False,
W-738413,SANJAY DINA PATIL,Lok Sabha,Maharashtra,MUMBAI NORTH EAST,V-625328,Sanitation,2022-10-15,2022-10-23,46729698.48,32431703.58,38,"B-474414,B-324632,B-693513",,False,
W-548997,Sanjay Haribhau Jadhav,Lok Sabha,Maharashtra,PARBHANI,V-202544,Other,2023-02-18,2023-02-27,38234241.07,27757525.12,70,"B-366878,B-975285,B-95604,B-632933",,False,
W-324472,Sanjay Haribhau Jadhav,Lok Sabha,Maharashtra,PARBHANI,V-934277,Water,2023-01-15,2023-01-27,21264473.25,16244170.1,48,"B-962277,B-747784,B-132340",,False,
W-612748,Sanjay Haribhau Jadhav,Lok Sabha,Maharashtra,PARBHANI,V-545872,Other,2023-01-03,2023-02-03,52662733.72,41492102.94,61,"B-704348,B-323347,B-906006,B-721718",,False,
W-980333,Sanjay Haribhau Jadhav,Lok Sabha,Maharashtra,PARBHANI,V-607445,Education,2025-04-01,2025-04-16,34103551.96,23487416.82,72,"B-675275,B-334392",,True,sanction_delay
W-582276,Sanjay Jaiswal,Lok Sabha,Bihar,PASCHIM CHAMPARAN,V-762110,Education,2024-12-12,2025-01-01,6045562.17,5032371.03,88,"B-114721,B-911656",,False,
W-286033,Sanjay Jaiswal,Lok Sabha,Bihar,PASCHIM CHAMPARAN,V-620153,Other,2024-09-05,2024-09-28,26421447.42,20440494.68,64,"B-506679,B-98948",,False,
W-724519,Sanjay Jaiswal,Lok Sabha,Bihar,PASCHIM CHAMPARAN,V-998374,Other,2024-10-28,2024-11-25,15517739.88,10352165.84,77,"B-734722,B-376504,B-116992,B-940000",,False,
W-967811,Sanjay Jaiswal,Lok Sabha,Bihar,PASCHIM CHAMPARAN,V-582009,Health,2022-05-26,2022-05-31,12928466.99,10249015.58,79,"B-889154,B-213507,B-441309,B-669914,B-208356",,False,
W-546949,Sanjay Jaiswal,Lok Sabha,Bihar,PASCHIM CHAMPARAN,V-617862,Health,2022-05-10,2022-05-13,18823737.07,16379657.85,89,"B-780765,B-832616,B-759614,B-842757",,False,
W-675490,Sanjay Jaiswal,Lok Sabha,Bihar,PASCHIM CHAMPARAN,V-281685,Other,2025-09-23,2025-10-23,26454801.36,18703610.9,44,"B-175315,B-166980,B-224796,B-519223,B-64273",,False,
W-178429,Sanjay Jaiswal,Lok Sabha,Bihar,PASCHIM CHAMPARAN,V-760833,Water,2026-04-05,2026-04-20,31156549.59,24658928.79,38,"B-403634,B-599500,B-942336",,False,
W-374055,Sanjay Jaiswal,Lok Sabha,Bihar,PASCHIM CHAMPARAN,V-900704,Road,2023-04-29,2023-05-12,8916695.52,7325838.24,76,"B-469494,B-769327",,False,
W-534631,Sanjay Kumar Bandi,Lok Sabha,Telangana,KARIMNAGAR,V-765962,Education,2024-02-28,2024-03-05,25677777.77,23385148.7,40,"B-488829,B-64275,B-98377,B-954846,B-254048",,False,
W-482841,Sanjay Kumar Bandi,Lok Sabha,Telangana,KARIMNAGAR,V-121583,Water,2022-09-17,2022-11-13,28118045.67,19963609.17,55,"B-809300,B-736760",,False,
W-469865,Sanjay Kumar Bandi,Lok Sabha,Telangana,KARIMNAGAR,V-703278,Other,2022-04-01,2022-04-13,30307455.37,29000200.4,82,"B-523004,B-296514,B-449749,B-350372",,False,
W-795162,Sanjay Kumar Bandi,Lok Sabha,Telangana,KARIMNAGAR,V-986190,Other,2022-11-19,2022-12-07,26064101.64,21061911.5,90,"B-112900,B-510187",,False,
W-277662,Sanjay Kumar Bandi,Lok Sabha,Telangana,KARIMNAGAR,V-70054,Water,2022-04-07,2022-05-03,51619867.07,38534695.38,54,"B-363384,B-452410,B-387606",,False,
W-443096,Sanjay Kumar Bandi,Lok Sabha,Telangana,KARIMNAGAR,V-734522,Sanitation,2026-04-21,2026-04-24,9004032.41,6274675.46,36,"B-912032,B-288736,B-376228",,False,
W-365515,Sanjay Kumar Bandi,Lok Sabha,Telangana,KARIMNAGAR,V-772317,Sanitation,2025-12-29,2026-01-15,1120160.59,745955.61,42,"B-249316,B-912768",,False,
W-909848,Sanjay Seth,Lok Sabha,Jharkhand,RANCHI,V-809585,Road,2023-09-11,2023-09-12,37946780.2,36009024.35,47,"B-179338,B-808934,B-944891,B-175437,B-620088",,False,
W-744325,Sanjay Seth,Lok Sabha,Jharkhand,RANCHI,V-270503,Health,2024-10-05,2024-11-06,56822946.53,41910506.02,70,"B-163711,B-754979",,True,delayed_completion
W-352659,Sanjay Seth,Lok Sabha,Jharkhand,RANCHI,V-832855,Water,2022-07-22,2022-08-16,51559308.59,37767344.7,84,"B-364191,B-678327,B-335019,B-672579,B-600157",,False,
W-156583,Sanjay Uttamrao Deshmukh,Lok Sabha,Maharashtra,YAVATMAL-WASHIM,V-563629,Sanitation,2023-05-11,2023-06-09,39477695.68,37656630.26,77,"B-771163,B-348434,B-50726,B-558831,B-867838",,False,
W-325259,Sanjay Uttamrao Deshmukh,Lok Sabha,Maharashtra,YAVATMAL-WASHIM,V-93281,Health,2024-07-21,2024-07-27,16760698.67,10991656.19,48,"B-417879,B-477330,B-664981",,False,
W-202893,Sanjay Uttamrao Deshmukh,Lok Sabha,Maharashtra,YAVATMAL-WASHIM,V-988576,Health,2022-05-04,2022-05-12,14185393.39,9529347.84,87,"B-416084,B-994820,B-232322",,False,
W-881262,Sanjay Uttamrao Deshmukh,Lok Sabha,Maharashtra,YAVATMAL-WASHIM,V-875150,Education,2021-10-27,2021-11-03,56816598.63,46336970.68,92,"B-593126,B-952179,B-722593,B-262698,B-DUP-012",,False,
W-934123,Sanjay Uttamrao Deshmukh,Lok Sabha,Maharashtra,YAVATMAL-WASHIM,V-785636,Water,2021-12-30,2021-09-29,40205229.28,31548482.83,48,"B-123424,B-59699,B-251670,B-800419",,False,
W-456082,Sanjay Uttamrao Deshmukh,Lok Sabha,Maharashtra,YAVATMAL-WASHIM,V-812863,Road,2023-01-10,2023-02-06,17266605.23,14597433.74,75,"B-792353,B-95306,B-302316",,False,
W-755898,SANJNA JATAV,Lok Sabha,Rajasthan,BHARATPUR(SC),V-191858,Other,2026-01-05,2026-01-27,2479409.48,2275937.25,94,"B-414173,B-204214",,False,
W-191830,SANJNA JATAV,Lok Sabha,Rajasthan,BHARATPUR(SC),V-408623,Water,2022-10-07,2022-10-28,8570761.17,7759684.91,79,"B-823572,B-779643,B-109233",,False,
W-257692,SANJNA JATAV,Lok Sabha,Rajasthan,BHARATPUR(SC),V-254751,Education,2024-05-26,2024-05-28,43402030.04,30444882.08,92,"B-394754,B-197366",,False,
W-992940,SANJNA JATAV,Lok Sabha,Rajasthan,BHARATPUR(SC),V-331401,Education,2025-05-13,2025-06-13,50147678.48,38829926.68,63,"B-239556,B-323044,B-36089,B-683034",,False,
W-214968,SANJNA JATAV,Lok Sabha,Rajasthan,BHARATPUR(SC),V-999161,Sanitation,2021-10-24,2021-11-19,16519446.5,12762833.17,57,"B-948736,B-759889,B-159398,B-199378",,False,
W-367582,SANJNA JATAV,Lok Sabha,Rajasthan,BHARATPUR(SC),V-135221,Other,2025-10-14,2025-10-16,25145674.32,20335278.25,43,"B-475104,B-962380",,False,
W-394449,Santosh Pandey,Lok Sabha,Chhattisgarh,RAJNANDGAON,V-685191,Water,2023-10-16,2023-11-16,17797571.75,16015210.37,61,"B-675878,B-592368,B-558644,B-415459",,False,
W-847933,Santosh Pandey,Lok Sabha,Chhattisgarh,RAJNANDGAON,V-892077,Sanitation,2024-03-19,2024-04-10,12529900.4,11421865.22,43,"B-108901,B-601726,B-948855,B-739842,B-345350",,False,
W-556141,Santosh Pandey,Lok Sabha,Chhattisgarh,RAJNANDGAON,V-127966,Road,2024-10-15,2024-11-04,12151019.24,10484835.06,65,"B-312119,B-663143,B-807747,B-293567,B-859447",,False,
W-581057,Santosh Pandey,Lok Sabha,Chhattisgarh,RAJNANDGAON,V-600464,Sanitation,2022-05-29,2022-06-03,42719027.95,31106422.62,63,"B-81866,B-880992,B-842592,B-37053,B-287202",,False,
W-888857,Santosh Pandey,Lok Sabha,Chhattisgarh,RAJNANDGAON,V-968562,Education,2025-10-10,2025-10-28,61067480.66,50348878.34,50,"B-258721,B-151960,B-196190,B-130072",,False,
W-846189,Saptagiri Sankar Ulaka,Lok Sabha,Odisha,KORAPUT(ST),V-544803,Sanitation,2023-10-06,2023-11-05,60530264.68,50205621.2,38,"B-51332,B-951257,B-469753",,False,
W-172905,Saptagiri Sankar Ulaka,Lok Sabha,Odisha,KORAPUT(ST),V-421390,Sanitation,2021-12-01,2021-12-03,9473413.5,6584968.59,87,"B-609993,B-725432,B-917416,B-246149",,False,
W-852815,Saptagiri Sankar Ulaka,Lok Sabha,Odisha,KORAPUT(ST),V-459723,Health,2024-07-27,2024-08-19,56539618.7,37677460.33,59,"B-1897,B-698796",,False,
W-409638,Saptagiri Sankar Ulaka,Lok Sabha,Odisha,KORAPUT(ST),V-828369,Water,2026-06-07,2026-06-18,109357113.89,82622047.24,44,"B-184744,B-93421,B-381041,B-694502,B-446412",,False,
W-444082,Saptagiri Sankar Ulaka,Lok Sabha,Odisha,KORAPUT(ST),V-149548,Road,2023-08-17,2023-09-25,32252089.23,21629273.92,40,"B-42341,B-3974,B-699103",,True,sanction_delay
W-387465,SARABJEET SINGH KHALSA,Lok Sabha,Punjab,FARIDKOT(SC),V-718539,Road,2023-11-05,2023-11-14,12270333.56,8637967.93,57,B-DUP-005,,True,duplicate_beneficiary
W-629233,SARABJEET SINGH KHALSA,Lok Sabha,Punjab,FARIDKOT(SC),V-15867,Health,2023-12-11,2024-01-14,25446329.11,23677959.37,64,"B-257228,B-675712,B-259350,B-292452,B-799952",,False,
W-924636,SARABJEET SINGH KHALSA,Lok Sabha,Punjab,FARIDKOT(SC),V-128379,Sanitation,2023-01-04,2023-01-28,25149947.98,22445120.4,88,"B-947215,B-225606,B-814298",,False,
W-999797,SARABJEET SINGH KHALSA,Lok Sabha,Punjab,FARIDKOT(SC),V-863490,Health,2022-09-25,2022-10-03,5791902.27,5652274.48,65,"B-652544,B-924753,B-406025,B-316470",,False,
W-902547,SARABJEET SINGH KHALSA,Lok Sabha,Punjab,FARIDKOT(SC),V-774818,Other,2026-08-20,2026-09-17,21517856.76,19492065.46,86,"B-474006,B-433867,B-722265",,False,
W-571401,SARABJEET SINGH KHALSA,Lok Sabha,Punjab,FARIDKOT(SC),V-667505,Health,2023-08-17,2023-09-03,30069796.53,28232377.97,50,"B-398010,B-210994,B-641833,B-609826",,False,
W-982331,SARABJEET SINGH KHALSA,Lok Sabha,Punjab,FARIDKOT(SC),V-932536,Road,2026-05-06,2026-05-12,29849930.19,23379411.77,48,"B-971775,B-994301",,False,
W-733402,Sasikanth Senthil,Lok Sabha,Tamil Nadu,TIRUVALLUR(SC),V-890140,Health,2025-09-25,2025-09-30,11098671.54,8462070.54,40,"B-149060,B-957723,B-975217,B-566792",,False,
W-721948,Sasikanth Senthil,Lok Sabha,Tamil Nadu,TIRUVALLUR(SC),V-209578,Education,2025-02-24,2025-02-25,36809672.6,34008196.99,90,"B-436045,B-837552,B-286857,B-458880,B-348232",,False,
W-317810,Sasikanth Senthil,Lok Sabha,Tamil Nadu,TIRUVALLUR(SC),V-201641,Other,2023-05-25,2023-06-15,52892201.12,51075235.66,73,"B-902432,B-445199,B-431674",,False,
W-145699,Sasikanth Senthil,Lok Sabha,Tamil Nadu,TIRUVALLUR(SC),V-535599,Other,2025-10-25,2025-11-08,29510054.47,20216221.07,69,"B-399316,B-936154",,False,
W-728030,Sasikanth Senthil,Lok Sabha,Tamil Nadu,TIRUVALLUR(SC),V-471272,Road,2022-05-16,2022-05-24,23701754.85,19145861.76,66,"B-926284,B-187335,B-921572,B-792919",,False,
W-355381,Sasikanth Senthil,Lok Sabha,Tamil Nadu,TIRUVALLUR(SC),V-980294,Other,2023-01-02,2023-01-09,16630145.42,14172640.19,51,"B-942170,B-952225",,False,
W-718732,SATPAL BRAHAMCHARI,Lok Sabha,Haryana,SONEPAT,V-381645,Water,2023-09-25,2023-10-05,41322235.16,27590626.66,93,"B-341622,B-747608,B-438244,B-597705",,False,
W-893232,SATPAL BRAHAMCHARI,Lok Sabha,Haryana,SONEPAT,V-875223,Education,2022-06-03,2022-07-01,70846101.76,49478605.46,37,"B-523660,B-197586",,False,
W-411122,SATPAL BRAHAMCHARI,Lok Sabha,Haryana,SONEPAT,V-819802,Education,2024-06-20,2024-07-15,34096663.08,27999814.55,44,"B-388384,B-23815,B-856077",,False,
W-979697,Saumitra khan,Lok Sabha,West Bengal,BISHNUPUR(SC),V-354946,Other,2024-11-17,2024-11-19,24945026.98,16753317.63,42,"B-102326,B-269898,B-926375,B-135476,B-611350",,False,
W-835030,Saumitra khan,Lok Sabha,West Bengal,BISHNUPUR(SC),V-766703,Road,2025-05-12,2025-05-22,30510783.98,25843140.84,38,"B-89314,B-295359,B-126626",,False,
W-298380,Saumitra khan,Lok Sabha,West Bengal,BISHNUPUR(SC),V-431018,Water,2023-11-20,2023-12-12,10348625.04,7383898.08,63,"B-835361,B-374350,B-252029",,False,
W-184573,Saumitra khan,Lok Sabha,West Bengal,BISHNUPUR(SC),V-254324,Education,2022-08-19,2019-09-17,11746421.4,8928480.21,31,"B-131345,B-894785,B-834402",,False,
W-298435,Saumitra khan,Lok Sabha,West Bengal,BISHNUPUR(SC),V-842185,Water,2022-06-27,2022-07-01,20345045.21,17965237.07,76,"B-739102,B-626535",,False,
W-593885,Saumitra khan,Lok Sabha,West Bengal,BISHNUPUR(SC),V-857151,Education,2024-11-13,2024-11-23,10571430.44,8046760.28,60,"B-10965,B-154037,B-654145",,False,
W-674008,Saumitra khan,Lok Sabha,West Bengal,BISHNUPUR(SC),V-953148,Sanitation,2023-05-27,2023-06-20,26482675.75,20953672.88,84,"B-655829,B-4807,B-429375,B-395827,B-27855",,False,
W-395946,Saumitra khan,Lok Sabha,West Bengal,BISHNUPUR(SC),V-649003,Health,2023-04-21,2023-05-14,11314991.19,10485609.31,51,"B-202712,B-114049,B-759454,B-120501",,False,
W-510684,SAVITRI THAKUR,Lok Sabha,Madhya Pradesh,DHAR(ST),V-507069,Road,2022-01-24,2022-01-26,79576219.27,55800148.22,46,"B-780775,B-344591",,False,
W-872048,SAVITRI THAKUR,Lok Sabha,Madhya Pradesh,DHAR(ST),V-195940,Road,2026-07-23,2026-07-24,16373631.37,13643778.01,84,"B-918919,B-542114",,False,
W-301174,SAVITRI THAKUR,Lok Sabha,Madhya Pradesh,DHAR(ST),V-370992,Other,2023-09-04,2023-09-12,29694611.57,26834778.25,80,"B-336155,B-19905,B-988643,B-472726",,False,
W-863029,SAVITRI THAKUR,Lok Sabha,Madhya Pradesh,DHAR(ST),V-581505,Health,2022-04-05,2022-05-02,14283584.21,13724823.78,84,"B-173065,B-999353,B-555108,B-436226,B-556111",,False,
W-564505,SAVITRI THAKUR,Lok Sabha,Madhya Pradesh,DHAR(ST),V-111827,Sanitation,2022-12-26,2023-01-27,6336953.58,5480429.09,41,"B-527965,B-926620,B-289498,B-353326,B-84343",,False,
W-384960,SAYANI GHOSH,Lok Sabha,West Bengal,JADAVPUR,V-895775,Health,2023-09-14,2023-09-18,67282175.87,44512435.0,64,"B-684297,B-435753,B-478753,B-910415",,False,
W-467404,SAYANI GHOSH,Lok Sabha,West Bengal,JADAVPUR,V-243620,Road,2024-01-30,2024-02-28,35494210.32,35359062.97,75,"B-75046,B-717787,B-591016,B-885359",,False,
W-371799,SAYANI GHOSH,Lok Sabha,West Bengal,JADAVPUR,V-877773,Education,2023-05-07,2023-05-18,43488613.81,31689842.18,52,"B-413359,B-184482,B-809361,B-28118,B-178268",,False,
W-401363,SELJA,Lok Sabha,Haryana,SIRSA(SC),V-664833,Other,2023-09-21,2023-02-03,47106161.08,44580750.92,20,"B-85402,B-961853,B-197919,B-373687",,True,delayed_completion
W-662982,SELJA,Lok Sabha,Haryana,SIRSA(SC),V-DUP-006,Road,2021-10-28,2021-10-31,14696031.69,11608685.12,65,"B-658935,B-166050,B-433889,B-720748,B-182548",,True,duplicate_vendor
W-271969,SELJA,Lok Sabha,Haryana,SIRSA(SC),V-976086,Health,2022-02-19,2022-03-12,23866841.8,22394722.64,52,"B-993372,B-511628",,False,
W-222534,SELJA,Lok Sabha,Haryana,SIRSA(SC),V-51341,Sanitation,2025-09-11,2025-10-11,15206823.57,11681101.18,61,"B-273368,B-127535",,False,
W-844026,SELJA,Lok Sabha,Haryana,SIRSA(SC),V-306973,Sanitation,2025-09-02,2025-09-12,27745931.33,28651272.19,70,"B-582985,B-944629,B-179552,B-414017",,True,cost_overrun
W-504787,SELJA,Lok Sabha,Haryana,SIRSA(SC),V-321014,Education,2024-07-09,2024-08-06,9941080.69,6729747.69,37,"B-333081,B-35939,B-188759",,False,
W-197358,SELJA,Lok Sabha,Haryana,SIRSA(SC),V-949513,Road,2024-02-12,2024-02-25,786885.53,551172.31,36,"B-278145,B-824991,B-659527,B-728070,B-468085",,False,
W-632499,SELJA,Lok Sabha,Haryana,SIRSA(SC),V-346976,Other,2025-09-30,2025-10-24,6915244.31,6424534.22,83,"B-329585,B-37223,B-620850,B-647099",,False,
W-786063,SELVAGANAPATHI T M,Lok Sabha,Tamil Nadu,SALEM,V-373755,Other,2025-03-01,2025-03-06,45536108.3,40041401.48,86,"B-684876,B-12084,B-635955",,False,
W-526385,SELVAGANAPATHI T M,Lok Sabha,Tamil Nadu,SALEM,V-994022,Other,2025-08-05,2025-08-05,6964543.26,6797724.82,51,"B-485169,B-448163,B-493582,B-834453",,False,
W-561645,SELVAGANAPATHI T M,Lok Sabha,Tamil Nadu,SALEM,V-691310,Education,2023-09-25,2023-10-08,11781853.03,9675498.83,78,"B-222186,B-981266,B-958811,B-469463",,False,
W-670679,SELVAGANAPATHI T M,Lok Sabha,Tamil Nadu,SALEM,V-805710,Other,2026-08-17,2026-09-02,4857069.96,4139550.26,83,"B-353406,B-281442,B-263901,B-689278,B-778212",,False,
W-465595,SELVAGANAPATHI T M,Lok Sabha,Tamil Nadu,SALEM,V-523831,Water,2023-06-14,2023-06-24,56165047.63,45532984.21,65,"B-609814,B-140856",,False,
W-785391,SELVAGANAPATHI T M,Lok Sabha,Tamil Nadu,SALEM,V-547346,Other,2026-01-08,2026-02-07,20960377.82,15740159.74,85,"B-200970,B-705790,B-729225",,False,
W-961745,SELVARAJ V,Lok Sabha,Tamil Nadu,NAGAPATTINAM(SC),V-304097,Other,2022-02-16,2022-02-19,48507845.26,32409882.72,59,"B-629882,B-776187,B-619749,B-582824,B-279934",,False,
W-701077,SELVARAJ V,Lok Sabha,Tamil Nadu,NAGAPATTINAM(SC),V-659009,Other,2024-02-26,2024-03-19,31617331.28,29925791.4,35,"B-665780,B-602734",,False,
W-449328,SELVARAJ V,Lok Sabha,Tamil Nadu,NAGAPATTINAM(SC),V-234117,Sanitation,2023-07-18,2023-08-16,22212456.91,19742246.35,39,"B-987416,B-829728,B-587483,B-275505,B-157424",,False,
W-517100,SELVARAJ V,Lok Sabha,Tamil Nadu,NAGAPATTINAM(SC),V-594539,Sanitation,2021-11-04,2021-11-22,43927366.55,36926722.06,71,"B-397374,B-751070,B-563180,B-623686,B-309055",,False,
W-769243,SHAFI PARAMBIL,Lok Sabha,Kerala,VADAKARA,V-331028,Health,2025-01-18,2025-02-15,69640524.2,64619947.98,74,"B-991361,B-678582",,False,
W-946055,SHAFI PARAMBIL,Lok Sabha,Kerala,VADAKARA,V-440501,Education,2021-12-12,2022-01-17,8793645.3,8173542.34,52,"B-333495,B-669128,B-162269",,False,
W-186846,SHAFI PARAMBIL,Lok Sabha,Kerala,VADAKARA,V-6976,Sanitation,2023-01-18,2023-02-11,67830830.49,57279822.7,74,"B-381812,B-608838,B-497090",,False,
W-485184,SHAMBHAVI,Lok Sabha,Bihar,SAMASTIPUR(SC),V-359290,Water,2024-06-17,2024-07-19,33214219.14,30893414.43,71,"B-684972,B-958745,B-820607,B-523152,B-324247",,False,
W-349597,SHAMBHAVI,Lok Sabha,Bihar,SAMASTIPUR(SC),V-759265,Health,2026-06-10,2026-06-14,19654904.2,14004462.49,61,"B-880330,B-150260,B-382502",,False,
W-175008,SHAMBHAVI,Lok Sabha,Bihar,SAMASTIPUR(SC),V-107042,Road,2022-07-30,2022-08-23,17149500.3,13727688.13,61,"B-365439,B-254212,B-681457,B-499172",,False,
W-284198,SHAMBHAVI,Lok Sabha,Bihar,SAMASTIPUR(SC),V-593270,Sanitation,2022-05-08,2022-05-13,66360508.31,56123904.6,61,"B-124458,B-728282",,False,
W-201336,SHAMBHAVI,Lok Sabha,Bihar,SAMASTIPUR(SC),V-434938,Sanitation,2021-11-02,2021-11-08,9885868.05,7478000.33,95,"B-767147,B-472505,B-DUP-015",,True,duplicate_beneficiary
W-292860,Shankar Lalwani,Lok Sabha,Madhya Pradesh,INDORE,V-542464,Water,2023-09-22,2023-10-23,19724786.53,17186967.04,73,"B-59310,B-713535,B-504190",,False,
W-564938,Shankar Lalwani,Lok Sabha,Madhya Pradesh,INDORE,V-575634,Other,2026-08-30,2026-09-08,10161013.0,7881065.92,55,"B-550706,B-309893,B-275416",,False,
W-138429,Shankar Lalwani,Lok Sabha,Madhya Pradesh,INDORE,V-615050,Sanitation,2022-04-25,2022-05-19,36498470.07,24800079.51,44,"B-789970,B-23818,B-235483,B-103514,B-899827",,False,
W-197407,Shankar Lalwani,Lok Sabha,Madhya Pradesh,INDORE,V-364905,Other,2025-05-21,2025-05-25,15765723.13,11613166.09,94,"B-709597,B-388225,B-56827,B-900305,B-823729",,False,
W-761476,Shankar Lalwani,Lok Sabha,Madhya Pradesh,INDORE,V-307611,Health,2024-12-22,2024-12-28,7982511.45,5455064.1,55,"B-285446,B-152589,B-26022,B-4768",,False,
W-741526,Shankar Lalwani,Lok Sabha,Madhya Pradesh,INDORE,V-530003,Road,2025-12-06,2025-12-19,20502805.9,13948175.58,57,"B-257237,B-601507",,False,
W-944229,Shankar Lalwani,Lok Sabha,Madhya Pradesh,INDORE,V-693991,Health,2022-08-27,2022-08-29,4729860.55,3890323.27,48,"B-441845,B-455156",,False,
W-445400,Shankar Lalwani,Lok Sabha,Madhya Pradesh,INDORE,V-937499,Other,2023-12-08,2024-01-04,30899829.37,28828856.34,63,"B-630323,B-696224",,False,
W-823654,SHASHANK MANI,Lok Sabha,Uttar Pradesh,DEORIA,V-593808,Education,2023-04-17,2023-05-14,11237815.43,9110669.22,43,"B-134207,B-583049,B-300497,B-676228",,False,
W-889983,SHASHANK MANI,Lok Sabha,Uttar Pradesh,DEORIA,V-336604,Health,2025-08-27,2025-09-01,42854867.23,37894203.64,82,"B-82951,B-761022",,False,
W-783570,SHASHANK MANI,Lok Sabha,Uttar Pradesh,DEORIA,V-928426,Other,2021-11-10,2021-11-28,27182808.64,24197889.91,65,"B-818328,B-340302,B-34509,B-972940",,True,sanction_delay
W-505228,SHASHANK MANI,Lok Sabha,Uttar Pradesh,DEORIA,V-755840,Road,2024-10-29,2024-11-01,20862813.34,17752267.64,59,"B-10795,B-386123",,False,
W-719712,SHASHANK MANI,Lok Sabha,Uttar Pradesh,DEORIA,V-786368,Health,2024-09-23,2024-09-30,8801804.96,7414391.94,46,"B-851668,B-116275,B-502403",,False,
W-563497,SHASHANK MANI,Lok Sabha,Uttar Pradesh,DEORIA,V-81537,Education,2025-08-08,2025-08-19,1949267.17,1803505.48,55,"B-661106,B-291139,B-532223,B-411308",,False,
W-858451,SHASHANK MANI,Lok Sabha,Uttar Pradesh,DEORIA,V-814310,Education,2024-09-25,2024-10-21,19171540.26,16022577.28,67,"B-608347,B-14822",,False,
W-306108,SHASHANK MANI,Lok Sabha,Uttar Pradesh,DEORIA,V-976429,Health,2024-04-16,2024-05-13,14204082.96,19239261.89,95,"B-155049,B-577203,B-227521,B-288750,B-135861",,False,
W-584739,Shatrughan Sinha,Lok Sabha,West Bengal,ASANSOL,V-743247,Health,2022-04-23,2022-06-01,32251197.55,25819580.68,86,"B-656356,B-733901,B-565473,B-60424",,False,
W-354185,Shatrughan Sinha,Lok Sabha,West Bengal,ASANSOL,V-89316,Education,2024-07-16,2024-07-31,13009597.4,11195700.01,42,"B-360165,B-870468,B-358890",,False,
W-276656,Shatrughan Sinha,Lok Sabha,West Bengal,ASANSOL,V-912270,Education,2025-02-06,2025-03-05,21756603.95,14179558.57,65,"B-771157,B-443881",,False,
W-700627,Shatrughan Sinha,Lok Sabha,West Bengal,ASANSOL,V-919829,Education,2025-11-24,2025-12-04,48589262.38,46741907.71,50,"B-378763,B-781534,B-224101,B-157745",,False,
W-757041,Shatrughan Sinha,Lok Sabha,West Bengal,ASANSOL,V-843108,Sanitation,2026-06-27,2026-07-09,30658338.72,24018447.64,92,"B-756733,B-926829,B-412543",,False,
W-442080,SHER SINGH GHUBAYA,Lok Sabha,Punjab,FIROZPUR,V-39981,Other,2024-06-07,2024-06-21,33556392.11,24056335.0,75,"B-539956,B-377611",,False,
W-149387,SHER SINGH GHUBAYA,Lok Sabha,Punjab,FIROZPUR,V-760263,Sanitation,2024-07-02,2024-07-08,13246486.45,9759925.29,47,"B-428992,B-804751",,False,
W-688491,SHER SINGH GHUBAYA,Lok Sabha,Punjab,FIROZPUR,V-395420,Water,2026-02-06,2026-02-24,99462121.44,88679202.7,86,"B-916721,B-967843,B-474803,B-566184,B-961201",,False,
W-313191,SHIVMANGAL SINGH TOMAR,Lok Sabha,Madhya Pradesh,MORENA,V-489668,Road,2022-11-08,2022-11-29,23839319.16,15923158.15,95,"B-82585,B-389983",,False,
W-359783,SHIVMANGAL SINGH TOMAR,Lok Sabha,Madhya Pradesh,MORENA,V-384853,Health,2024-11-03,2024-11-18,18737686.09,17390189.54,55,"B-165864,B-726148,B-609501,B-457119,B-385123",,False,
W-909683,SHIVMANGAL SINGH TOMAR,Lok Sabha,Madhya Pradesh,MORENA,V-550737,Sanitation,2024-12-08,2024-12-18,31530430.61,27974882.31,45,"B-529561,B-512618,B-275969,B-651505",,False,
W-603478,SHIVMANGAL SINGH TOMAR,Lok Sabha,Madhya Pradesh,MORENA,V-770406,Health,2026-04-03,2026-05-07,33413236.81,22762182.55,36,"B-427018,B-271357,B-936486,B-435814",,False,
W-508885,SHIVMANGAL SINGH TOMAR,Lok Sabha,Madhya Pradesh,MORENA,V-657869,Health,2023-01-25,2023-02-14,13354287.54,10036156.11,60,"B-417313,B-721173",,False,
W-649923,SHIVMANGAL SINGH TOMAR,Lok Sabha,Madhya Pradesh,MORENA,V-326236,Sanitation,2021-12-22,2021-12-23,25390039.79,20304261.41,95,"B-703004,B-292840,B-943906,B-59077",,False,
W-701912,SHIVRAJ SINGH CHOUHAN,Lok Sabha,Madhya Pradesh,VIDISHA,V-DUP-001,Sanitation,2021-10-15,2021-10-21,15903533.83,13377804.03,78,"B-153180,B-274788,B-323644",,False,
W-902653,SHIVRAJ SINGH CHOUHAN,Lok Sabha,Madhya Pradesh,VIDISHA,V-842263,Education,2026-01-07,2026-02-04,47280811.99,35264396.32,95,"B-753568,B-472742,B-911476,B-327088,B-900578",,False,
W-810067,SHIVRAJ SINGH CHOUHAN,Lok Sabha,Madhya Pradesh,VIDISHA,V-337807,Education,2025-06-07,2025-06-13,8522782.16,6352649.42,90,"B-313598,B-322717",,False,
W-429588,SHIVRAJ SINGH CHOUHAN,Lok Sabha,Madhya Pradesh,VIDISHA,V-750095,Road,2026-02-18,2026-03-10,58913757.14,53056130.37,53,"B-717903,B-436987",,False,
W-652271,SHIVRAJ SINGH CHOUHAN,Lok Sabha,Madhya Pradesh,VIDISHA,V-880941,Other,2023-11-15,2023-11-16,15644114.88,13378302.39,41,"B-723109,B-594290,B-377082,B-673465,B-813295",,False,
W-170436,SHOBHA KARANDLAJE,Lok Sabha,Karnataka,BANGALORE NORTH,V-478493,Education,2025-09-20,2025-10-10,13806264.13,12411966.2,75,"B-38656,B-808044",,False,
W-318696,SHOBHA KARANDLAJE,Lok Sabha,Karnataka,BANGALORE NORTH,V-621691,Health,2023-12-22,2023-12-29,7739547.58,5993767.01,47,"B-352257,B-458944,B-529021,B-2212",,False,
W-564401,SHOBHA KARANDLAJE,Lok Sabha,Karnataka,BANGALORE NORTH,V-674228,Education,2024-03-14,2024-03-25,34102127.79,29470027.42,64,"B-86143,B-135459",,False,
W-624787,SHOBHA KARANDLAJE,Lok Sabha,Karnataka,BANGALORE NORTH,V-526083,Health,2024-01-29,2024-01-29,38003504.07,24721980.44,77,"B-620603,B-608481,B-415883",,False,
W-490737,SHOBHA KARANDLAJE,Lok Sabha,Karnataka,BANGALORE NORTH,V-758052,Sanitation,2022-08-05,2022-08-17,34815313.06,33528516.76,81,"B-661230,B-481865",,False,
W-613864,SHOBHA KARANDLAJE,Lok Sabha,Karnataka,BANGALORE NORTH,V-401410,Road,2023-09-24,2023-10-12,17798243.36,14962598.64,35,"B-347679,B-418353,B-836184,B-556630",,False,
W-442001,SHOBHANABEN MAHENDRASINH BARAIYA,Lok Sabha,Gujarat,SABARKANTHA,V-DUP-004,Health,2021-09-09,2021-10-13,24818854.17,20140633.84,79,"B-777254,B-657044",,True,duplicate_vendor
W-831214,SHOBHANABEN MAHENDRASINH BARAIYA,Lok Sabha,Gujarat,SABARKANTHA,V-284694,Education,2022-07-01,2022-07-24,12732865.31,9494731.79,45,"B-312533,B-661595,B-245727",,False,
W-504821,SHOBHANABEN MAHENDRASINH BARAIYA,Lok Sabha,Gujarat,SABARKANTHA,V-DUP-010,Sanitation,2021-09-17,2021-10-17,36092536.38,31829840.72,59,"B-102709,B-687828,B-960419,B-300603,B-694046",,True,duplicate_vendor
W-462494,SHOBHANABEN MAHENDRASINH BARAIYA,Lok Sabha,Gujarat,SABARKANTHA,V-931567,Sanitation,2025-06-04,2025-06-23,26557893.22,23165591.9,76,"B-255512,B-877091,B-445925,B-680094",,False,
W-575760,SHOBHANABEN MAHENDRASINH BARAIYA,Lok Sabha,Gujarat,SABARKANTHA,V-597188,Health,2022-02-20,2022-02-23,46062850.92,32947813.28,66,"B-211328,B-584354,B-587715,B-541190,B-12573",,False,
W-627486,SHREYAS. M. PATEL,Lok Sabha,Karnataka,HASSAN,V-529951,Other,2025-04-17,2025-05-07,31706858.62,21549582.77,63,"B-988632,B-765976",,False,
W-906646,SHREYAS. M. PATEL,Lok Sabha,Karnataka,HASSAN,V-DUP-009,Other,2021-09-10,2021-09-17,27192855.91,22882170.69,40,"B-681354,B-32340,B-382000",,True,duplicate_vendor
W-966803,SHREYAS. M. PATEL,Lok Sabha,Karnataka,HASSAN,V-658744,Education,2024-05-02,2024-05-11,15479824.03,14460742.44,88,"B-964506,B-822147,B-389053,B-532647",,False,
W-920281,SHREYAS. M. PATEL,Lok Sabha,Karnataka,HASSAN,V-729191,Other,2024-02-07,2024-03-10,20298087.11,17446986.08,82,"B-771314,B-951249",,False,
W-463455,SHREYAS. M. PATEL,Lok Sabha,Karnataka,HASSAN,V-499132,Health,2024-10-29,2024-11-29,20245602.98,18888396.48,91,"B-613348,B-404165,B-818800,B-898771",,False,
W-436931,SHREYAS. M. PATEL,Lok Sabha,Karnataka,HASSAN,V-619141,Health,2023-05-29,2023-07-07,10420164.74,8330563.3,87,"B-910566,B-505759,B-921065",,False,
W-120392,SHREYAS. M. PATEL,Lok Sabha,Karnataka,HASSAN,V-373477,Sanitation,2024-01-10,2024-02-05,17123822.01,14030176.31,48,"B-177578,B-428329",,False,
W-278930,SHREYAS. M. PATEL,Lok Sabha,Karnataka,HASSAN,V-574234,Education,2023-02-08,2023-02-10,3797784.6,2626705.33,54,"B-32884,B-863770,B-610830",,False,
W-568052,Shri  Dharambir Singh,Lok Sabha,Haryana,BHIWANI MAHENDRAGARH,V-657122,Education,2023-11-15,2023-12-19,31018222.87,28733441.56,95,"B-986572,B-620283,B-37718,B-423341,B-141089",,False,
W-205205,Shri  Dharambir Singh,Lok Sabha,Haryana,BHIWANI MAHENDRAGARH,V-305455,Sanitation,2023-01-13,2023-02-08,68036885.02,57241374.3,57,"B-549746,B-525856,B-169504,B-151468,B-354376",,False,
W-354884,Shri  Dharambir Singh,Lok Sabha,Haryana,BHIWANI MAHENDRAGARH,V-747299,Education,2025-12-15,2026-01-09,35447041.16,25050575.56,82,"B-165649,B-889592,B-578050,B-287998,B-368646",,False,
W-827153,Shri  Dharambir Singh,Lok Sabha,Haryana,BHIWANI MAHENDRAGARH,V-108152,Water,2025-03-22,2025-04-23,11762850.95,10009599.1,37,"B-725011,B-985749,B-421761,B-258799",,False,
W-884325,Shri Abhishek Banerjee,Lok Sabha,West Bengal,DIAMOND HARBOUR,V-659267,Sanitation,2022-10-12,2022-10-15,25100198.57,22907661.12,42,"B-598597,B-378813",,False,
W-738825,Shri Abhishek Banerjee,Lok Sabha,West Bengal,DIAMOND HARBOUR,V-964485,Water,2022-05-02,2022-05-19,25911315.34,18154057.56,55,"B-900787,B-735992,B-165216,B-816369",,False,
W-889239,Shri Abhishek Banerjee,Lok Sabha,West Bengal,DIAMOND HARBOUR,V-170050,Health,2024-10-27,2024-11-23,15169684.19,10025704.35,76,"B-817127,B-463403",,False,
W-433087,Shri Abhishek Banerjee,Lok Sabha,West Bengal,DIAMOND HARBOUR,V-711805,Education,2023-08-13,2023-08-24,7382558.9,7710628.57,89,"B-964894,B-217433,B-88539",,False,
W-347456,Shri Abhishek Banerjee,Lok Sabha,West Bengal,DIAMOND HARBOUR,V-358010,Sanitation,2026-07-21,2026-08-23,10324916.62,7056027.6,77,"B-806214,B-7972,B-638539",,False,
W-139602,Shri Abhishek Banerjee,Lok Sabha,West Bengal,DIAMOND HARBOUR,V-632854,Education,2024-01-06,2024-01-21,41563956.67,30861773.05,95,"B-419773,B-609947,B-863509",,False,
W-893622,Shri Abhishek Banerjee,Lok Sabha,West Bengal,DIAMOND HARBOUR,V-232000,Education,2025-11-27,2025-12-22,20812369.7,17771442.48,89,"B-164028,B-310503,B-698508,B-687021,B-189664",,False,
W-349159,Shri Amar Singh,Lok Sabha,Punjab,FATEHGARH SAHIB(SC),V-55626,Education,2023-09-12,2023-10-07,11835135.97,13052206.62,84,"B-840807,B-758159,B-722545,B-162488",,True,cost_overrun
W-903504,Shri Amar Singh,Lok Sabha,Punjab,FATEHGARH SAHIB(SC),V-662753,Sanitation,2022-02-11,2022-03-12,94673139.4,75332919.03,94,"B-310580,B-856454,B-74356,B-330917",,False,
W-476387,Shri Amar Singh,Lok Sabha,Punjab,FATEHGARH SAHIB(SC),V-964734,Sanitation,2025-06-27,2025-07-31,39756724.62,35446671.83,77,"B-703854,B-634262,B-321345,B-979451,B-405482",,False,
W-191834,Shri Amit Shah,Lok Sabha,Gujarat,GANDHINAGAR,V-285383,Education,2025-07-14,2025-07-26,7785070.44,6918479.99,47,"B-532924,B-86986,B-968682,B-504721",,False,
W-480888,Shri Amit Shah,Lok Sabha,Gujarat,GANDHINAGAR,V-808918,Health,2024-03-21,2024-04-05,17134950.77,12494054.49,60,"B-833104,B-715492",,False,
W-103462,Shri Amit Shah,Lok Sabha,Gujarat,GANDHINAGAR,V-238328,Water,2022-10-03,2022-10-09,32697358.09,28067070.73,58,"B-452730,B-959190",,False,
W-442112,Shri Amit Shah,Lok Sabha,Gujarat,GANDHINAGAR,V-160172,Sanitation,2024-12-22,2025-01-06,13605863.23,11193543.26,65,"B-55492,B-852047,B-833326",,False,
W-469317,Shri Amit Shah,Lok Sabha,Gujarat,GANDHINAGAR,V-574054,Sanitation,2024-08-09,2024-09-07,27395770.58,21813769.69,55,"B-375156,B-917548",,False,
W-143430,Shri Amit Shah,Lok Sabha,Gujarat,GANDHINAGAR,V-585687,Education,2025-04-08,2025-05-12,26229175.32,24362827.47,81,"B-673613,B-185014,B-352304,B-391937",,False,
W-246865,Shri Amit Shah,Lok Sabha,Gujarat,GANDHINAGAR,V-950951,Health,2026-05-19,2022-05-30,21416811.56,14826921.41,52,"B-468486,B-263328,B-920158,B-780903,B-196855",,True,delayed_completion
W-171129,Shri Anil Firojiya,Lok Sabha,Madhya Pradesh,UJJAIN(SC),V-293153,Water,2022-08-25,2022-09-22,47922040.55,34731000.82,82,"B-116910,B-556168,B-351386,B-318344",,False,
W-863330,Shri Anil Firojiya,Lok Sabha,Madhya Pradesh,UJJAIN(SC),V-506222,Other,2025-06-13,2025-06-14,24555107.05,16802348.52,54,"B-784852,B-29975,B-544530,B-517835,B-144942",,False,
W-476954,Shri Anil Firojiya,Lok Sabha,Madhya Pradesh,UJJAIN(SC),V-19489,Water,2026-02-02,2026-02-08,26607045.89,21410258.29,39,"B-888033,B-368502,B-837158,B-112645,B-446486",,False,
W-917380,Shri Anil Firojiya,Lok Sabha,Madhya Pradesh,UJJAIN(SC),V-12423,Water,2024-09-03,2024-09-25,15893562.76,13043091.13,89,"B-117097,B-955127",,False,
W-183631,Shri Anil Firojiya,Lok Sabha,Madhya Pradesh,UJJAIN(SC),V-505154,Water,2023-07-26,2023-08-15,31287243.75,22360308.22,62,"B-977530,B-81920,B-540706",,False,
W-748307,Shri Arjun Ram Meghwal,Lok Sabha,Rajasthan,BIKANER(SC),V-737100,Sanitation,2023-06-06,2023-06-18,48447086.44,33795929.0,57,"B-80152,B-370871,B-393748,B-595653,B-374757",,False,
W-675706,Shri Arjun Ram Meghwal,Lok Sabha,Rajasthan,BIKANER(SC),V-514421,Health,2025-04-29,2025-05-01,16727195.94,13107454.77,58,"B-505610,B-890891,B-689111,B-71206,B-247315",,False,
W-380114,Shri Arjun Ram Meghwal,Lok Sabha,Rajasthan,BIKANER(SC),V-680610,Education,2025-09-27,2025-11-26,49764847.26,40855032.59,53,"B-612218,B-852672,B-316756",,False,
W-816426,Shri Arjun Ram Meghwal,Lok Sabha,Rajasthan,BIKANER(SC),V-508619,Other,2023-03-18,2023-05-01,31325870.36,30606025.52,72,"B-995087,B-852905",,False,
W-485936,Shri Arun Kumar Sagar,Lok Sabha,Uttar Pradesh,SHAHJAHANPUR(SC),V-830356,Water,2022-01-13,2022-02-16,18433549.91,14716411.87,51,"B-203546,B-184908,B-867707,B-546248",,False,
W-688584,Shri Arun Kumar Sagar,Lok Sabha,Uttar Pradesh,SHAHJAHANPUR(SC),V-64494,Water,2023-12-12,2024-01-08,52040877.81,45096776.36,36,"B-686201,B-390937,B-470666,B-926042",,False,
W-978338,Shri Arun Kumar Sagar,Lok Sabha,Uttar Pradesh,SHAHJAHANPUR(SC),V-662010,Health,2025-09-30,2025-10-26,16434298.13,13268425.07,90,"B-577843,B-56733,B-897553,B-620586",,False,
W-393132,Shri Arun Kumar Sagar,Lok Sabha,Uttar Pradesh,SHAHJAHANPUR(SC),V-675610,Education,2026-06-05,2026-07-09,18557057.97,13254366.54,66,B-DUP-003,,True,duplicate_beneficiary
W-739048,Shri Arun Kumar Sagar,Lok Sabha,Uttar Pradesh,SHAHJAHANPUR(SC),V-854747,Health,2024-01-13,2024-01-27,40799216.18,28585659.33,81,"B-997476,B-487280,B-102249",,False,
W-428719,Shri B Y Raghavendra,Lok Sabha,Karnataka,SHIMOGA,V-14598,Water,2025-08-14,2025-08-15,44845596.54,30944018.58,40,"B-680513,B-336730,B-817701,B-675257",,False,
W-850204,Shri B Y Raghavendra,Lok Sabha,Karnataka,SHIMOGA,V-628417,Education,2022-12-20,2023-01-10,33338820.77,25878613.17,72,"B-925521,B-287066,B-150870,B-364396",,False,
W-915651,Shri B Y Raghavendra,Lok Sabha,Karnataka,SHIMOGA,V-923181,Health,2025-10-12,2025-11-05,21223379.01,17328405.76,71,"B-474759,B-207276",,False,
W-801606,Shri B Y Raghavendra,Lok Sabha,Karnataka,SHIMOGA,V-541648,Water,2025-10-06,2025-10-09,46857203.68,37243201.13,92,"B-801174,B-992981,B-447226,B-986196,B-197883",,False,
W-464068,Shri Benny Behanan,Lok Sabha,Kerala,CHALAKUDY,V-39935,Health,2022-02-12,2022-03-16,6938465.61,4871170.85,78,"B-880868,B-735004,B-993882,B-838989",,False,
W-706150,Shri Benny Behanan,Lok Sabha,Kerala,CHALAKUDY,V-768433,Education,2023-09-15,2023-10-14,16786597.2,13994662.52,37,"B-168971,B-610089,B-111773,B-222314,B-37828",,False,
W-367640,Shri Benny Behanan,Lok Sabha,Kerala,CHALAKUDY,V-246590,Other,2025-11-01,2025-11-21,42892168.56,41892897.39,61,B-DUP-011,,True,duplicate_beneficiary
W-804160,Shri Benny Behanan,Lok Sabha,Kerala,CHALAKUDY,V-872063,Road,2025-01-14,2025-01-31,4014633.19,3804460.88,58,"B-856561,B-19801,B-500753",,False,
W-392629,Shri Benny Behanan,Lok Sabha,Kerala,CHALAKUDY,V-209425,Other,2024-04-02,2024-04-09,21943216.9,19177087.73,54,"B-706297,B-923961,B-574587,B-112087,B-45084",,False,
W-856014,Shri Benny Behanan,Lok Sabha,Kerala,CHALAKUDY,V-DUP-013,Other,2021-09-17,2021-09-22,23577997.16,20215707.45,81,"B-835493,B-478943,B-450219,B-847998",,True,duplicate_vendor
W-372597,Shri Benny Behanan,Lok Sabha,Kerala,CHALAKUDY,V-567210,Road,2022-05-16,2022-05-19,47698317.64,40678332.97,39,"B-422284,B-236165",,False,
W-282915,Shri Bhartruhari Mahtab,Lok Sabha,Odisha,CUTTACK,V-256133,Education,2024-09-20,2024-10-11,77971953.9,66348438.78,94,"B-584629,B-518890,B-165639,B-140024",,False,
W-779646,Shri Bhartruhari Mahtab,Lok Sabha,Odisha,CUTTACK,V-368962,Road,2023-01-30,2023-02-23,22121077.7,15133180.46,52,"B-434000,B-192397,B-813605",,False,
W-679798,Shri Bhartruhari Mahtab,Lok Sabha,Odisha,CUTTACK,V-486526,Road,2021-12-06,2021-12-06,20187747.12,16150837.63,47,"B-310141,B-898106,B-823484",,False,
W-232940,Shri Bhartruhari Mahtab,Lok Sabha,Odisha,CUTTACK,V-73630,Sanitation,2026-03-06,2026-03-31,7572648.11,5339842.16,93,"B-537588,B-950184,B-113044,B-448047",,False,
W-805647,Shri Bhartruhari Mahtab,Lok Sabha,Odisha,CUTTACK,V-290950,Other,2022-02-07,2022-02-17,6390685.44,4959379.19,54,"B-403186,B-863687,B-387560,B-123111",,False,
W-518170,Shri Bhartruhari Mahtab,Lok Sabha,Odisha,CUTTACK,V-427948,Sanitation,2024-04-15,2024-04-17,12020887.73,9173360.05,72,"B-974869,B-973304,B-727565",,False,
W-886448,Shri Chandra Prakash Choudhary,Lok Sabha,Jharkhand,GIRIDIH,V-595627,Sanitation,2026-01-13,2026-01-20,31831523.51,26149769.02,88,"B-491672,B-905496,B-11405,B-257111",,False,
W-505381,Shri Chandra Prakash Choudhary,Lok Sabha,Jharkhand,GIRIDIH,V-59856,Education,2024-03-02,2024-03-16,9323250.3,8602027.67,80,"B-779214,B-111522,B-240348,B-545885",,False,
W-753393,Shri Chandra Prakash Choudhary,Lok Sabha,Jharkhand,GIRIDIH,V-958768,Sanitation,2023-09-12,2023-09-26,34955310.4,30125727.46,58,"B-450655,B-818293,B-994558,B-113098,B-673027",,False,
W-427496,Shri Chandra Prakash Choudhary,Lok Sabha,Jharkhand,GIRIDIH,V-243084,Other,2024-09-05,2024-09-06,7068512.58,5499904.36,44,"B-218530,B-644570,B-444256,B-58212",,False,
W-533714,Shri Chandra Prakash Choudhary,Lok Sabha,Jharkhand,GIRIDIH,V-152002,Road,2024-05-18,2024-05-21,22441339.34,20306115.19,59,"B-237487,B-229804,B-919962,B-220249,B-923399",,False,
W-403492,Shri Chandra Prakash Choudhary,Lok Sabha,Jharkhand,GIRIDIH,V-119007,Water,2022-07-27,2022-08-03,40645063.87,26910011.24,68,"B-544106,B-139585,B-868501",,False,
W-514888,Shri Deepak (Dev) Adhikari,Lok Sabha,West Bengal,GHATAL,V-555244,Road,2025-08-12,2025-08-22,23014104.34,19173778.62,46,"B-506698,B-33551,B-216461,B-280159,B-711325",,False,
W-237556,Shri Deepak (Dev) Adhikari,Lok Sabha,West Bengal,GHATAL,V-788234,Other,2024-07-29,2024-12-08,46972838.01,37343586.68,60,"B-785440,B-809654,B-722067,B-896583,B-267785",,True,sanction_delay
W-638995,Shri Deepak (Dev) Adhikari,Lok Sabha,West Bengal,GHATAL,V-204803,Sanitation,2024-01-09,2024-01-20,30056859.44,23312771.72,48,"B-149012,B-508443,B-407170",,False,
W-623111,Shri Deepak (Dev) Adhikari,Lok Sabha,West Bengal,GHATAL,V-703754,Road,2025-01-23,2025-02-20,12895463.2,12341315.49,35,"B-208281,B-76468,B-729058,B-589625",,False,
W-273950,Shri Deepak (Dev) Adhikari,Lok Sabha,West Bengal,GHATAL,V-552598,Health,2024-12-24,2025-06-24,14229103.11,11080219.59,53,"B-532216,B-599626",,True,sanction_delay
W-973685,Shri Deepak (Dev) Adhikari,Lok Sabha,West Bengal,GHATAL,V-399715,Education,2024-06-14,2024-06-20,35546810.58,24834944.75,51,"B-986782,B-708910",,False,
W-367368,Shri Deepak (Dev) Adhikari,Lok Sabha,West Bengal,GHATAL,V-240363,Education,2022-03-14,2022-04-05,19543251.61,13582465.17,69,"B-40661,B-886661",,False,
W-420000,Shri Deepak (Dev) Adhikari,Lok Sabha,West Bengal,GHATAL,V-615284,Sanitation,2026-01-11,2026-01-24,17485196.89,12802267.37,52,"B-594767,B-308615",,False,
W-211039,Shri Gurjeet Singh Aujla,Lok Sabha,Punjab,AMRITSAR,V-685570,Road,2022-04-22,2022-05-05,17688201.47,16147156.27,44,"B-643348,B-207452,B-946098",,False,
W-625382,Shri Gurjeet Singh Aujla,Lok Sabha,Punjab,AMRITSAR,V-361332,Road,2024-05-26,2024-05-28,15428446.06,14429791.5,76,"B-712075,B-208935,B-850591",,False,
W-477416,Shri Gurjeet Singh Aujla,Lok Sabha,Punjab,AMRITSAR,V-506235,Education,2024-10-28,2024-11-02,16594751.88,13132717.61,39,"B-478293,B-288014,B-835111",,False,
W-224465,Shri Gurjeet Singh Aujla,Lok Sabha,Punjab,AMRITSAR,V-780364,Education,2025-07-10,2025-07-20,7732850.94,6790351.86,95,"B-835211,B-319691,B-50263",,False,
W-968440,Shri Gurjeet Singh Aujla,Lok Sabha,Punjab,AMRITSAR,V-1198,Sanitation,2022-01-06,2022-01-17,19910350.42,17602874.28,66,"B-824241,B-737904",,False,
W-931218,Shri Gurjeet Singh Aujla,Lok Sabha,Punjab,AMRITSAR,V-471668,Sanitation,2025-12-01,2025-12-22,68910399.23,49853927.98,39,"B-448261,B-590801,B-494976",,False,
W-138531,Shri Hanuman Beniwal,Lok Sabha,Rajasthan,NAGAUR,V-813567,Sanitation,2024-08-30,2024-09-01,35479158.07,33801380.37,83,"B-905085,B-817663,B-860724,B-265276,B-491863",,False,
W-759373,Shri Hanuman Beniwal,Lok Sabha,Rajasthan,NAGAUR,V-786659,Education,2023-04-25,2023-05-18,90810164.53,66397951.64,92,"B-757766,B-84950,B-701440,B-447199,B-849050",,False,
W-702378,Shri Hanuman Beniwal,Lok Sabha,Rajasthan,NAGAUR,V-412310,Road,2026-01-15,2026-02-10,19975677.4,17426485.58,68,"B-826757,B-305042",,False,
W-817743,Shri Hibi Eden,Lok Sabha,Kerala,ERNAKULAM,V-104838,Health,2024-08-09,2024-08-31,28593149.64,19391538.8,60,"B-366199,B-706658,B-566070,B-810357,B-761985",,False,
W-985059,Shri Hibi Eden,Lok Sabha,Kerala,ERNAKULAM,V-175564,Road,2026-07-12,2026-08-11,108751469.76,71573598.93,81,"B-122502,B-544328",,False,
W-715049,Shri Hibi Eden,Lok Sabha,Kerala,ERNAKULAM,V-867273,Road,2025-02-17,2025-03-03,24021754.41,21194851.47,90,"B-605223,B-763786,B-748918,B-526207,B-127588",,False,
W-353658,Shri Janardan Singh Sigriwal,Lok Sabha,Bihar,MAHARAJGANJ_BR,V-546969,Education,2026-04-13,2026-05-08,31220955.15,21354886.34,46,"B-585247,B-943510,B-638385,B-541594",,True,duplicate_vendor
W-914876,Shri Janardan Singh Sigriwal,Lok Sabha,Bihar,MAHARAJGANJ_BR,V-829194,Sanitation,2024-08-30,2024-09-04,103774912.49,69047242.74,38,"B-379268,B-593513",,False,
W-833577,Shri Janardan Singh Sigriwal,Lok Sabha,Bihar,MAHARAJGANJ_BR,V-827812,Sanitation,2023-12-25,2024-01-24,11269132.36,7979996.38,91,"B-453554,B-185599,B-957851",,False,
W-890544,Shri Jual Oram,Lok Sabha,Odisha,SUNDARGARH (ST),V-356036,Road,2023-12-04,2024-01-01,27874500.31,26863154.51,37,"B-686386,B-135607,B-626160,B-28412",,False,
W-262417,Shri Jual Oram,Lok Sabha,Odisha,SUNDARGARH (ST),V-863877,Other,2024-05-13,2024-07-15,53291579.79,45688870.28,73,"B-356023,B-511562",,False,
W-277110,Shri Jual Oram,Lok Sabha,Odisha,SUNDARGARH (ST),V-369775,Water,2024-08-27,2024-09-06,91065193.03,82355758.85,68,"B-681369,B-946238",,False,
W-764546,Shri Jugal Kishore Sharma,Lok Sabha,Jammu And Kashmir,JAMMU,V-464878,Road,2022-03-06,2022-03-19,7107919.14,5369953.97,35,"B-373304,B-42070,B-234957,B-313953,B-797802",,False,
W-820254,Shri Jugal Kishore Sharma,Lok Sabha,Jammu And Kashmir,JAMMU,V-520797,Other,2026-01-30,2026-02-21,15914527.25,12187272.48,56,"B-17626,B-563806,B-357071,B-557891,B-296883",,False,
W-329320,Shri Jugal Kishore Sharma,Lok Sabha,Jammu And Kashmir,JAMMU,V-126047,Other,2023-03-23,2023-04-09,27144220.89,19330232.12,35,"B-32404,B-334160,B-292969",,False,
W-913320,Shri Jugal Kishore Sharma,Lok Sabha,Jammu And Kashmir,JAMMU,V-13411,Health,2024-12-26,2025-01-18,22579850.5,17412387.46,45,"B-797298,B-260633,B-118159,B-674567,B-384891",,False,
W-204177,Shri Jugal Kishore Sharma,Lok Sabha,Jammu And Kashmir,JAMMU,V-394914,Sanitation,2026-08-28,2026-09-15,34495316.76,27746735.0,72,"B-473498,B-922479,B-342955,B-998352,B-117954",,False,
W-582573,Shri Jugal Kishore Sharma,Lok Sabha,Jammu And Kashmir,JAMMU,V-742511,Health,2025-11-23,2025-12-09,24145319.49,18996459.21,35,"B-6208,B-641196",,False,
W-727685,Shri Jugal Kishore Sharma,Lok Sabha,Jammu And Kashmir,JAMMU,V-506517,Sanitation,2022-07-25,2022-08-06,4830199.48,3772511.09,95,"B-648004,B-884245",,False,
W-412348,Shri Jugal Kishore Sharma,Lok Sabha,Jammu And Kashmir,JAMMU,V-504571,Water,2025-05-22,2025-06-11,10047646.49,7007910.73,65,"B-914066,B-440626",,False,
W-179649,Shri Jyotirmay Singh Mahato,Lok Sabha,West Bengal,PURULIA,V-774420,Health,2025-08-17,2025-04-05,14471724.19,10136663.73,45,"B-373895,B-54325,B-922095",,True,delayed_completion
W-208099,Shri Jyotirmay Singh Mahato,Lok Sabha,West Bengal,PURULIA,V-466313,Road,2025-01-18,2025-06-28,21463989.04,15606950.21,35,"B-961253,B-601824,B-262681,B-816216",,False,
W-482524,Shri Jyotirmay Singh Mahato,Lok Sabha,West Bengal,PURULIA,V-116380,Other,2023-01-12,2023-02-10,16878384.7,13542750.55,65,"B-896388,B-267131,B-415908,B-85095,B-16839",,False,
W-397327,Shri Jyotirmay Singh Mahato,Lok Sabha,West Bengal,PURULIA,V-139294,Health,2024-10-10,2024-10-23,16359721.63,12946467.3,48,"B-435887,B-606590,B-599177",,False,
W-313000,Shri Jyotirmay Singh Mahato,Lok Sabha,West Bengal,PURULIA,V-281202,Other,2023-02-28,2023-02-28,42789879.66,40826790.14,49,"B-429238,B-221150,B-939994",,False,
W-948108,Shri Jyotirmay Singh Mahato,Lok Sabha,West Bengal,PURULIA,V-565328,Other,2025-09-11,2025-09-18,18464845.36,15240054.48,38,"B-692690,B-240033",,False,
W-255146,Shri Jyotirmay Singh Mahato,Lok Sabha,West Bengal,PURULIA,V-298533,Water,2023-10-30,2023-11-26,15836455.42,15465075.85,72,"B-177695,B-226876",,False,
W-774565,Shri Karti P Chidambaram,Lok Sabha,Tamil Nadu,SIVAGANGA,V-50672,Road,2025-05-12,2021-11-23,11656415.4,8819156.76,65,"B-442210,B-587593,B-717932,B-890266",,True,delayed_completion
W-902408,Shri Karti P Chidambaram,Lok Sabha,Tamil Nadu,SIVAGANGA,V-554335,Health,2023-05-16,2023-05-29,18449059.28,13134494.48,50,"B-251030,B-359311,B-362142,B-629049",,False,
W-570341,Shri Karti P Chidambaram,Lok Sabha,Tamil Nadu,SIVAGANGA,V-656911,Sanitation,2023-06-19,2023-07-15,17724842.94,15926220.73,71,"B-594791,B-88100,B-448630",,False,
W-992768,Shri Karti P Chidambaram,Lok Sabha,Tamil Nadu,SIVAGANGA,V-701498,Education,2026-02-07,2026-02-25,17028747.64,15360729.66,46,"B-751967,B-810550",,False,
W-944150,Shri Karti P Chidambaram,Lok Sabha,Tamil Nadu,SIVAGANGA,V-348708,Education,2025-03-25,2025-03-27,40853770.31,31627089.44,35,"B-235748,B-365414",,False,
W-689957,Shri Karti P Chidambaram,Lok Sabha,Tamil Nadu,SIVAGANGA,V-432204,Health,2024-08-31,2024-09-13,8033705.73,5470459.66,78,"B-544388,B-379681,B-22040,B-597978",,False,
W-752282,Shri Karti P Chidambaram,Lok Sabha,Tamil Nadu,SIVAGANGA,V-448051,Health,2021-10-29,2021-11-21,28723850.49,26176256.58,55,"B-690527,B-208327,B-442232,B-156617",,False,
W-126612,Shri Karti P Chidambaram,Lok Sabha,Tamil Nadu,SIVAGANGA,V-283021,Water,2023-11-03,2023-11-16,15783645.9,15129039.93,88,"B-362395,B-225243,B-13014,B-393678",,False,
W-543648,Shri Kumbakudi Sudhakaran,Lok Sabha,Kerala,KANNUR,V-607476,Health,2025-02-19,2025-03-11,26379085.55,19716086.66,45,"B-370077,B-104428,B-28644",,False,
W-952824,Shri Kumbakudi Sudhakaran,Lok Sabha,Kerala,KANNUR,V-DUP-007,Water,2021-09-13,2021-10-16,21348600.56,13953143.0,64,"B-918922,B-997429,B-28306,B-18403,B-624188",,True,duplicate_vendor
W-740727,Shri Kumbakudi Sudhakaran,Lok Sabha,Kerala,KANNUR,V-394271,Water,2026-05-03,2026-05-29,21371698.75,18479772.94,36,"B-763696,B-779109",,False,
W-901962,Shri Kumbakudi Sudhakaran,Lok Sabha,Kerala,KANNUR,V-323571,Other,2023-01-17,2023-01-27,12930301.59,10318688.08,95,"B-573831,B-258416",,False,
W-234613,Shri Kumbakudi Sudhakaran,Lok Sabha,Kerala,KANNUR,V-2510,Water,2024-07-10,2024-07-12,47723037.86,32802063.12,87,"B-613593,B-687112",,False,
W-538439,Shri Kumbakudi Sudhakaran,Lok Sabha,Kerala,KANNUR,V-290992,Other,2025-12-07,2026-01-09,16512275.69,13478944.88,78,"B-12103,B-812150,B-58516,B-128747,B-812522",,False,
W-448483,Shri LS Tejasvi Surya,Lok Sabha,Karnataka,BANGALORE SOUTH,V-559466,Sanitation,2025-07-30,2025-09-16,62076659.08,50191420.27,73,"B-910129,B-50055",,False,
W-746450,Shri LS Tejasvi Surya,Lok Sabha,Karnataka,BANGALORE SOUTH,V-93311,Education,2026-04-07,2026-04-30,34781720.67,29560657.24,67,"B-27823,B-797130,B-260019,B-225523,B-902605",,False,
W-276186,Shri LS Tejasvi Surya,Lok Sabha,Karnataka,BANGALORE SOUTH,V-433792,Other,2024-03-21,2024-04-05,49406620.25,36657440.31,62,"B-50768,B-35030,B-875324,B-89973,B-657790",,False,
W-571904,Shri M K Raghavan,Lok Sabha,Kerala,KOZHIKODE,V-781768,Sanitation,2023-05-22,2023-06-12,12683762.03,9450083.12,82,"B-763519,B-491557,B-155172",,False,
W-784780,Shri M K Raghavan,Lok Sabha,Kerala,KOZHIKODE,V-135266,Road,2025-05-31,2025-06-09,33160484.68,23885030.21,50,"B-620821,B-893266",,False,
W-454535,Shri M K Raghavan,Lok Sabha,Kerala,KOZHIKODE,V-158654,Sanitation,2025-05-11,2025-05-29,48006967.18,34628026.1,48,"B-641914,B-240760,B-752104,B-636152,B-786585",,False,
W-265350,Shri M K Raghavan,Lok Sabha,Kerala,KOZHIKODE,V-174170,Road,2023-06-01,2023-06-21,30745055.22,26974581.6,71,"B-408530,B-594824,B-571555",,False,
W-641860,Shri M K Raghavan,Lok Sabha,Kerala,KOZHIKODE,V-727098,Health,2022-04-17,2022-04-24,6944133.2,6727509.11,69,"B-246011,B-799834,B-138881",,False,
W-682356,Shri M K Raghavan,Lok Sabha,Kerala,KOZHIKODE,V-706779,Education,2024-08-01,2024-08-17,14724597.69,12710026.39,87,"B-700129,B-989529,B-312385,B-445417,B-524244",,False,
W-466579,Shri Narendra Modi,Lok Sabha,Uttar Pradesh,VARANASI,V-51928,Other,2022-03-27,2022-04-03,85105759.84,55322251.88,94,"B-867536,B-722616,B-618907",,False,
W-927147,Shri Narendra Modi,Lok Sabha,Uttar Pradesh,VARANASI,V-430039,Health,2023-01-15,2023-02-01,41383691.11,38115279.79,82,"B-540890,B-10121,B-221214,B-337674",,False,
W-810304,Shri Narendra Modi,Lok Sabha,Uttar Pradesh,VARANASI,V-693830,Road,2025-06-26,2025-07-28,34770473.78,27828071.03,58,"B-201309,B-335566,B-900594",,False,
W-745920,Shri NK Premachandran,Lok Sabha,Kerala,KOLLAM,V-938346,Water,2022-01-04,2022-01-20,11337813.75,9288460.55,80,"B-726847,B-563254",,False,
W-550300,Shri NK Premachandran,Lok Sabha,Kerala,KOLLAM,V-332132,Water,2022-07-31,2022-08-17,14956686.72,10721929.6,41,"B-781609,B-64822,B-134560,B-110045,B-100934",,False,
W-259967,Shri NK Premachandran,Lok Sabha,Kerala,KOLLAM,V-181216,Education,2023-07-24,2023-08-23,27189488.36,26095120.78,68,"B-35623,B-733191,B-605229,B-253061",,False,
W-765714,Shri NK Premachandran,Lok Sabha,Kerala,KOLLAM,V-132966,Water,2024-08-20,2024-08-29,17011178.22,11913611.12,75,"B-521070,B-749675",,False,
W-966924,Shri NK Premachandran,Lok Sabha,Kerala,KOLLAM,V-105154,Sanitation,2022-10-15,2022-10-30,24024861.88,20816427.67,35,"B-115121,B-705029,B-386282,B-554233",,False,
W-326514,Shri NK Premachandran,Lok Sabha,Kerala,KOLLAM,V-634222,Road,2022-09-01,2022-10-01,10005800.87,8349235.67,45,"B-630639,B-772849",,False,
W-889079,Shri NK Premachandran,Lok Sabha,Kerala,KOLLAM,V-633076,Education,2023-01-03,2023-01-04,50882168.13,38259998.18,63,"B-957608,B-262367,B-301362,B-670246",,False,
W-676842,Shri NK Premachandran,Lok Sabha,Kerala,KOLLAM,V-845685,Other,2022-08-03,2022-08-11,15212606.2,12609358.85,52,"B-594475,B-105634",,False,
W-373804,Shri PP Chaudhary,Lok Sabha,Rajasthan,PALI,V-442402,Other,2022-02-13,2022-02-27,10827591.5,14867134.65,96,"B-596832,B-260512,B-649249",,False,
W-365971,Shri PP Chaudhary,Lok Sabha,Rajasthan,PALI,V-269679,Sanitation,2023-02-25,2023-04-29,9799166.14,7197372.71,67,"B-664058,B-950897,B-509621",,False,
W-503425,Shri PP Chaudhary,Lok Sabha,Rajasthan,PALI,V-87718,Education,2021-12-09,2021-12-20,26239402.65,23516455.54,45,"B-429400,B-192017,B-335105,B-317395,B-559299",,False,
W-530154,Shri PP Chaudhary,Lok Sabha,Rajasthan,PALI,V-105633,Health,2024-10-04,2024-10-16,19293476.63,13785402.31,37,"B-29264,B-292274,B-377208",,False,
W-963549,Shri PP Chaudhary,Lok Sabha,Rajasthan,PALI,V-349048,Sanitation,2026-06-26,2026-07-08,26191272.43,25581231.12,95,"B-985428,B-300820,B-45063",,False,
W-874192,Shri PP Chaudhary,Lok Sabha,Rajasthan,PALI,V-24745,Road,2024-05-04,2024-05-27,15226262.72,14488551.24,92,"B-637492,B-583734,B-11114,B-109065",,False,
W-131634,Shri PP Chaudhary,Lok Sabha,Rajasthan,PALI,V-534551,Road,2022-01-11,2022-01-19,20740691.76,17638824.48,61,"B-974669,B-947040,B-945434",,False,
W-505685,Shri PP Chaudhary,Lok Sabha,Rajasthan,PALI,V-114380,Sanitation,2026-08-04,2026-08-18,17947136.17,17465742.14,56,"B-877569,B-101163,B-578137",,False,
W-967839,Shri Rajmohan Unnithan,Lok Sabha,Kerala,KASARAGOD,V-778686,Education,2025-03-08,2025-03-22,23513760.02,18932975.64,38,"B-685738,B-695907,B-535644",,False,
W-105792,Shri Rajmohan Unnithan,Lok Sabha,Kerala,KASARAGOD,V-898869,Health,2022-01-21,2022-02-17,88586669.69,76299304.89,82,"B-465532,B-321180,B-969087,B-363027,B-548130",,False,
W-587520,Shri Rajmohan Unnithan,Lok Sabha,Kerala,KASARAGOD,V-94458,Other,2024-03-16,2024-03-27,43870430.23,33812680.86,82,"B-372087,B-836341,B-921719,B-450200,B-657799",,False,
W-905238,Shri Sarbananda Sonowal (18LS),Lok Sabha,Assam,DIBRUGARH,V-471496,Education,2023-04-05,2023-05-06,52726779.43,39732485.28,47,"B-335437,B-429194,B-102459,B-812141,B-949087",,False,
W-346129,Shri Sarbananda Sonowal (18LS),Lok Sabha,Assam,DIBRUGARH,V-208758,Health,2023-02-04,2023-02-27,20768193.38,14838886.26,93,"B-398514,B-70280",,False,
W-937494,Shri Sarbananda Sonowal (18LS),Lok Sabha,Assam,DIBRUGARH,V-831415,Sanitation,2024-10-31,2024-11-24,20101208.65,27135039.89,99,"B-742632,B-133294,B-423844,B-650432,B-215836",,True,cost_overrun
W-346659,Shri Sarbananda Sonowal (18LS),Lok Sabha,Assam,DIBRUGARH,V-53419,Road,2022-08-02,2022-08-21,23807571.64,19221426.99,58,"B-196084,B-288282,B-909553",,False,
W-693899,Shri Sarbananda Sonowal (18LS),Lok Sabha,Assam,DIBRUGARH,V-993704,Health,2026-06-24,2026-07-28,10506136.28,9332759.99,82,"B-688227,B-199440,B-717811,B-432424,B-884468",,False,
W-144453,Shri Sarbananda Sonowal (18LS),Lok Sabha,Assam,DIBRUGARH,V-861340,Education,2025-02-08,2025-03-06,18355110.62,15468313.18,53,"B-975749,B-566858,B-114049,B-156774,B-9270",,False,
W-268806,Shri Satish Kumar Gautam,Lok Sabha,Uttar Pradesh,ALIGARH,V-761536,Health,2024-09-18,2024-10-10,28297698.72,23215851.39,69,"B-841860,B-366929,B-653009,B-566200",,False,
W-861242,Shri Satish Kumar Gautam,Lok Sabha,Uttar Pradesh,ALIGARH,V-745365,Water,2024-08-13,2024-09-03,17363006.08,13665522.02,52,"B-750619,B-878628,B-817596,B-24055",,False,
W-163576,Shri Satish Kumar Gautam,Lok Sabha,Uttar Pradesh,ALIGARH,V-523051,Other,2025-07-02,2025-07-24,12933172.96,9792640.54,43,"B-461226,B-942534",,False,
W-315423,Shri Satish Kumar Gautam,Lok Sabha,Uttar Pradesh,ALIGARH,V-330011,Water,2026-08-25,2026-09-28,40832653.33,28340085.9,61,"B-55953,B-726364,B-145144,B-140224",,False,
W-955507,Shri Satish Kumar Gautam,Lok Sabha,Uttar Pradesh,ALIGARH,V-DUP-000,Sanitation,2021-09-12,2021-09-24,3636041.57,3161670.83,41,"B-154869,B-66518",,False,
W-504030,Shri Satish Kumar Gautam,Lok Sabha,Uttar Pradesh,ALIGARH,V-712996,Water,2025-02-24,2025-02-24,26558066.96,19015470.44,63,"B-810665,B-194861",,False,
W-295314,Shri Satish Kumar Gautam,Lok Sabha,Uttar Pradesh,ALIGARH,V-615462,Sanitation,2026-01-01,2026-01-18,16644360.38,12036801.04,92,"B-848560,B-768160",,False,
W-216172,Shri Shantanu Thakur,Lok Sabha,West Bengal,BANGAON(SC),V-173972,Road,2026-03-01,2026-03-23,8191131.6,5954505.58,66,"B-503923,B-891260,B-445509,B-91205",,False,
W-700719,Shri Shantanu Thakur,Lok Sabha,West Bengal,BANGAON(SC),V-69511,Sanitation,2023-07-14,2023-08-17,10759220.95,8115329.62,94,"B-18830,B-265380",,False,
W-904924,Shri Shantanu Thakur,Lok Sabha,West Bengal,BANGAON(SC),V-DUP-006,Other,2021-09-11,2021-09-15,33172272.51,22868177.26,42,"B-822817,B-148132,B-961863",,True,duplicate_vendor
W-583324,Shri Shantanu Thakur,Lok Sabha,West Bengal,BANGAON(SC),V-907415,Health,2025-09-05,2025-10-01,29537952.69,22089268.13,43,"B-827512,B-279890",,False,
W-511097,Shri Shantanu Thakur,Lok Sabha,West Bengal,BANGAON(SC),V-898261,Sanitation,2025-11-14,2025-12-06,14986431.16,11230673.69,91,"B-906930,B-91512,B-624649,B-722402",,False,
W-333908,Shri Shantanu Thakur,Lok Sabha,West Bengal,BANGAON(SC),V-979779,Water,2022-11-23,2022-12-25,10583950.03,7897156.05,77,"B-161014,B-471518,B-722533,B-644890",,False,
W-792204,Shri Shantanu Thakur,Lok Sabha,West Bengal,BANGAON(SC),V-868055,Road,2024-01-11,2024-02-08,11745725.2,10315882.57,55,"B-693295,B-736593,B-874757,B-775562,B-741985",,False,
W-389355,Shri Shantanu Thakur,Lok Sabha,West Bengal,BANGAON(SC),V-34842,Other,2022-11-19,2022-12-16,27288315.86,22599426.95,38,"B-689551,B-75064,B-346334,B-62194",,False,
W-580369,Shri Sudheer Gupta,Lok Sabha,Madhya Pradesh,MANDSOUR,V-308687,Sanitation,2025-04-29,2025-05-29,15428532.63,12641576.84,75,"B-76709,B-504715,B-493415,B-808832",,False,
W-168904,Shri Sudheer Gupta,Lok Sabha,Madhya Pradesh,MANDSOUR,V-917463,Road,2021-11-01,2021-11-29,26209848.72,21548947.1,50,"B-161442,B-973296,B-108351,B-57687,B-919695",,False,
W-976570,Shri Sudheer Gupta,Lok Sabha,Madhya Pradesh,MANDSOUR,V-414256,Sanitation,2023-06-21,2023-07-01,5402469.28,3926702.53,59,"B-65520,B-74191,B-474293,B-272971,B-286338",,False,
W-442653,Shri Sudheer Gupta,Lok Sabha,Madhya Pradesh,MANDSOUR,V-330735,Water,2022-08-26,2022-09-02,69886815.05,46006443.9,40,"B-393662,B-402809,B-966484,B-704474,B-212056",,False,
W-126513,Shri Sudheer Gupta,Lok Sabha,Madhya Pradesh,MANDSOUR,V-863930,Other,2026-04-26,2026-04-29,31315409.08,21645612.34,40,"B-837165,B-466407,B-402486",,False,
W-162832,Shri Suresh Kodikunnil,Lok Sabha,Kerala,MAVELIKKARA(SC),V-656611,Health,2022-01-10,2022-01-30,29968246.49,27824383.29,84,"B-659965,B-457675",,False,
W-403668,Shri Suresh Kodikunnil,Lok Sabha,Kerala,MAVELIKKARA(SC),V-244856,Sanitation,2022-11-19,2022-12-18,23805317.1,18168926.81,82,"B-830750,B-975898,B-97186",,False,
W-568211,Shri Suresh Kodikunnil,Lok Sabha,Kerala,MAVELIKKARA(SC),V-591772,Road,2023-04-10,2022-05-27,12646851.28,12024479.1,26,"B-113393,B-168684",,False,
W-425236,Shri Suresh Kodikunnil,Lok Sabha,Kerala,MAVELIKKARA(SC),V-795006,Health,2022-10-14,2022-11-03,5604449.38,3916813.3,65,"B-282149,B-522750,B-108042,B-15714,B-744258",,False,
W-457404,Shri Suresh Kodikunnil,Lok Sabha,Kerala,MAVELIKKARA(SC),V-490031,Road,2025-06-16,2025-07-13,59172511.92,43027905.1,89,"B-302347,B-186119,B-466913",,False,
W-856232,Shri Suresh Kodikunnil,Lok Sabha,Kerala,MAVELIKKARA(SC),V-154287,Health,2025-07-02,2025-07-15,6091961.04,4774804.94,62,"B-505029,B-166256,B-833335,B-523645,B-47857",,False,
W-366381,Shri Suresh Kodikunnil,Lok Sabha,Kerala,MAVELIKKARA(SC),V-26255,Health,2023-11-24,2023-12-13,10744018.45,8500917.45,85,"B-230659,B-910722,B-70658,B-601196",,False,
W-989377,Shri Suresh Kodikunnil,Lok Sabha,Kerala,MAVELIKKARA(SC),V-753873,Other,2025-08-26,2025-09-11,23534015.85,16293051.16,41,"B-855647,B-921631",,False,
W-631560,Shri Tapir Gao,Lok Sabha,Arunachal Pradesh,ARUNACHAL EAST,V-714659,Water,2024-01-31,2024-02-13,25936556.4,21858926.11,79,"B-145100,B-154200,B-726305,B-126690",,False,
W-470437,Shri Tapir Gao,Lok Sabha,Arunachal Pradesh,ARUNACHAL EAST,V-933199,Health,2025-03-17,2025-04-20,26583887.23,20226245.68,71,"B-685051,B-628076,B-865813",,False,
W-245905,Shri Tapir Gao,Lok Sabha,Arunachal Pradesh,ARUNACHAL EAST,V-14938,Sanitation,2026-03-30,2026-04-29,19797621.48,17952757.86,82,"B-910150,B-146042",,False,
W-444316,Shri Tapir Gao,Lok Sabha,Arunachal Pradesh,ARUNACHAL EAST,V-339241,Water,2024-08-04,2024-08-12,11681498.22,8163867.23,74,"B-94951,B-279621",,False,
W-459983,Shri Tapir Gao,Lok Sabha,Arunachal Pradesh,ARUNACHAL EAST,V-401382,Education,2023-07-20,2023-11-30,37269027.43,26605748.61,82,"B-447796,B-144172,B-216703",,True,sanction_delay
W-145196,Shri Tapir Gao,Lok Sabha,Arunachal Pradesh,ARUNACHAL EAST,V-521672,Health,2026-07-07,2026-08-01,24996409.24,16652091.37,88,"B-978342,B-242685,B-498344",,False,
W-798653,Shri vijayakumar Vasanth,Lok Sabha,Tamil Nadu,KANNIYAKUMARI,V-68163,Road,2023-04-03,2023-04-26,24246595.76,16045166.51,87,"B-197930,B-838047,B-356209",,False,
W-233659,Shri vijayakumar Vasanth,Lok Sabha,Tamil Nadu,KANNIYAKUMARI,V-871715,Other,2023-10-17,2023-10-24,17219698.63,13299924.19,89,"B-399911,B-905596,B-658951,B-837908,B-942778",,False,
W-358173,Shri vijayakumar Vasanth,Lok Sabha,Tamil Nadu,KANNIYAKUMARI,V-DUP-008,Sanitation,2021-09-17,2021-10-16,20621105.07,15400462.27,91,"B-527808,B-19339,B-188155,B-107794",,True,duplicate_vendor
W-410372,Shri vijayakumar Vasanth,Lok Sabha,Tamil Nadu,KANNIYAKUMARI,V-877459,Education,2023-11-23,2023-11-29,74616383.61,78883847.7,86,"B-600792,B-137162",,True,cost_overrun
W-222097,Shri vijayakumar Vasanth,Lok Sabha,Tamil Nadu,KANNIYAKUMARI,V-494684,Health,2025-03-25,2025-04-16,12301992.25,10663168.27,95,"B-296624,B-424367,B-469393,B-333996,B-638146",,False,
W-336214,Shri vijayakumar Vasanth,Lok Sabha,Tamil Nadu,KANNIYAKUMARI,V-768998,Education,2022-06-10,2022-07-10,21636724.67,15206714.22,56,"B-358687,B-635566,B-117249,B-539570",,False,
W-738388,Shrikant Eknath Shinde,Lok Sabha,Maharashtra,KALYAN,V-967371,Road,2025-04-21,2025-05-08,32175225.99,23276339.03,91,"B-250693,B-902534,B-582885,B-464228",,False,
W-828208,Shrikant Eknath Shinde,Lok Sabha,Maharashtra,KALYAN,V-306989,Water,2025-09-21,2025-10-07,10090602.17,7981762.92,67,"B-977935,B-639636,B-730220",,False,
W-666512,Shrikant Eknath Shinde,Lok Sabha,Maharashtra,KALYAN,V-35249,Sanitation,2023-06-10,2023-07-26,22382717.8,19111472.9,67,"B-450551,B-600908,B-980854,B-270439",,True,sanction_delay
W-209664,Shrikant Eknath Shinde,Lok Sabha,Maharashtra,KALYAN,V-DUP-002,Sanitation,2021-10-15,2021-10-21,21055937.72,14699189.2,94,"B-575053,B-857000",,True,duplicate_vendor
W-886242,Shrikant Eknath Shinde,Lok Sabha,Maharashtra,KALYAN,V-808618,Water,2026-08-04,2026-09-06,15397714.06,13212894.21,91,"B-622503,B-467384",,False,
W-784252,Shrikant Eknath Shinde,Lok Sabha,Maharashtra,KALYAN,V-769830,Road,2022-03-31,2020-10-12,45162802.26,41061811.39,42,"B-539283,B-541253",,True,delayed_completion
W-327563,SHRIMANT CHH UDAYANRAJE PRATAPSINHAMAHARAJ BHONSLE,Lok Sabha,Maharashtra,SATARA,V-199733,Sanitation,2025-09-29,2025-09-29,48092726.62,43559042.01,59,"B-89225,B-722919,B-875486",,False,
W-695553,SHRIMANT CHH UDAYANRAJE PRATAPSINHAMAHARAJ BHONSLE,Lok Sabha,Maharashtra,SATARA,V-428863,Education,2026-07-28,2026-08-10,8164338.23,7461821.34,47,"B-21422,B-651072",,False,
W-779166,SHRIMANT CHH UDAYANRAJE PRATAPSINHAMAHARAJ BHONSLE,Lok Sabha,Maharashtra,SATARA,V-987457,Health,2025-04-17,2025-05-09,6295516.85,4743447.5,64,"B-221662,B-800370",,False,
W-920788,SHRIMANT CHH UDAYANRAJE PRATAPSINHAMAHARAJ BHONSLE,Lok Sabha,Maharashtra,SATARA,V-697877,Education,2025-09-16,2025-10-10,27984609.77,21132834.53,63,"B-487610,B-788833,B-596377,B-161871,B-332181",,False,
W-573027,SHRIMANT CHH UDAYANRAJE PRATAPSINHAMAHARAJ BHONSLE,Lok Sabha,Maharashtra,SATARA,V-291869,Health,2025-05-18,2025-06-19,27714288.92,25779473.52,37,"B-37787,B-397572,B-668147",,False,
W-700837,SHRIMANT CHH UDAYANRAJE PRATAPSINHAMAHARAJ BHONSLE,Lok Sabha,Maharashtra,SATARA,V-DUP-002,Education,2021-09-18,2021-09-26,28013519.61,26462248.89,69,"B-866106,B-806643,B-94545",,True,duplicate_vendor
W-950187,Shripad Yesso Naik,Lok Sabha,Goa,NORTH GOA,V-786748,Sanitation,2023-01-18,2023-01-22,5612820.28,5065472.68,89,"B-50888,B-900681,B-838797,B-699291",,False,
W-541986,Shripad Yesso Naik,Lok Sabha,Goa,NORTH GOA,V-302846,Sanitation,2023-12-10,2023-12-19,1701835.88,1118657.01,54,"B-761378,B-711646,B-504362",,False,
W-396682,Shripad Yesso Naik,Lok Sabha,Goa,NORTH GOA,V-123025,Health,2025-03-29,2025-04-05,27799121.8,20728163.21,52,"B-590820,B-551356,B-722464,B-142509,B-327239",,False,
W-875216,Shripad Yesso Naik,Lok Sabha,Goa,NORTH GOA,V-736917,Other,2025-06-30,2025-07-23,7268464.09,6965345.04,44,"B-820794,B-86407",,False,
W-782999,Shripad Yesso Naik,Lok Sabha,Goa,NORTH GOA,V-393787,Health,2023-12-10,2023-12-30,75235667.25,55944030.77,86,"B-686926,B-708366,B-687041,B-762658",,False,
W-700290,Shripad Yesso Naik,Lok Sabha,Goa,NORTH GOA,V-113364,Health,2022-05-27,2022-06-29,3897189.29,3721717.6,68,"B-258077,B-832615,B-959379,B-105687",,False,
W-941724,Shripad Yesso Naik,Lok Sabha,Goa,NORTH GOA,V-888302,Water,2024-12-05,2024-12-11,24749901.39,23838071.76,47,"B-257806,B-330048,B-430067",,False,
W-565494,Shrirang Appa Barne,Lok Sabha,Maharashtra,MAVAL,V-134964,Education,2023-10-25,2023-11-10,39046489.02,34945771.39,44,"B-351578,B-574050,B-194850,B-5386,B-861722",,False,
W-696236,Shrirang Appa Barne,Lok Sabha,Maharashtra,MAVAL,V-743600,Road,2024-01-26,2024-02-04,87183543.12,65974846.37,56,"B-955874,B-897456,B-612516",,False,
W-676278,Shrirang Appa Barne,Lok Sabha,Maharashtra,MAVAL,V-242776,Education,2022-01-31,2022-02-26,20034967.86,15323647.3,50,"B-957394,B-1630,B-908936,B-980757",,False,
W-595860,Shyamkumar,Lok Sabha,Maharashtra,RAMTEK(SC),V-612244,Education,2024-09-05,2024-09-12,28718859.69,26661962.34,51,"B-714364,B-398605,B-330356,B-497068,B-572702",,False,
W-102061,Shyamkumar,Lok Sabha,Maharashtra,RAMTEK(SC),V-453375,Education,2022-06-03,2022-06-16,61284677.68,44688130.25,42,"B-117415,B-377277,B-354802,B-513848,B-168715",,False,
W-918627,Shyamkumar,Lok Sabha,Maharashtra,RAMTEK(SC),V-104177,Health,2023-08-24,2023-08-31,56261462.63,60262090.25,86,"B-58522,B-265152",,True,cost_overrun
W-719445,Sivanath Kesineni,Lok Sabha,Andhra Pradesh,VIJAYAWADA,V-76010,Health,2024-11-19,2024-12-14,42816837.68,36076764.44,52,"B-476451,B-183621",,False,
W-885483,Sivanath Kesineni,Lok Sabha,Andhra Pradesh,VIJAYAWADA,V-868710,Education,2023-12-18,2024-02-25,11972788.36,9242213.12,68,"B-147011,B-413171",,False,
W-689908,Sivanath Kesineni,Lok Sabha,Andhra Pradesh,VIJAYAWADA,V-776972,Water,2022-12-08,2022-12-21,69888480.23,64544113.08,71,"B-855081,B-941329,B-580514,B-107287,B-82642",,False,
W-275110,Sivanath Kesineni,Lok Sabha,Andhra Pradesh,VIJAYAWADA,V-164845,Sanitation,2026-05-16,2026-05-17,21586893.73,14526828.99,88,"B-254913,B-280063,B-920341,B-170262",,False,
W-127968,SK NURUL ISLAM,Lok Sabha,West Bengal,BASIRHAT,V-13317,Education,2021-12-15,2021-12-20,3832083.01,3505874.95,46,"B-738284,B-919537,B-438374",,False,
W-812252,SK NURUL ISLAM,Lok Sabha,West Bengal,BASIRHAT,V-DUP-007,Education,2021-09-26,2021-10-25,8835809.23,6777423.8,89,"B-955512,B-110373,B-335450",,True,duplicate_vendor
W-832993,SK NURUL ISLAM,Lok Sabha,West Bengal,BASIRHAT,V-196851,Other,2025-07-24,2025-08-16,1677131.58,1303561.13,68,"B-150345,B-268883",,False,
W-862320,SK NURUL ISLAM,Lok Sabha,West Bengal,BASIRHAT,V-105058,Sanitation,2025-08-09,2025-09-10,10678778.98,8642207.26,82,"B-132062,B-494765,B-988478,B-340655,B-888255",,False,
W-297530,SK NURUL ISLAM,Lok Sabha,West Bengal,BASIRHAT,V-542141,Education,2021-10-11,2021-11-09,5990000.9,5050193.21,70,"B-765355,B-352838,B-DUP-016",,True,duplicate_beneficiary
W-902742,SK NURUL ISLAM,Lok Sabha,West Bengal,BASIRHAT,V-762374,Education,2024-08-19,2024-08-29,10351851.3,8094196.15,81,"B-28780,B-619802,B-947565,B-874238,B-907983",,False,
W-483971,SK NURUL ISLAM,Lok Sabha,West Bengal,BASIRHAT,V-852752,Education,2021-12-28,2022-01-30,7389345.0,7209489.36,71,"B-476768,B-628192,B-101805",,False,
W-303396,SMITA UDAY WAGH,Lok Sabha,Maharashtra,JALGAON,V-772838,Sanitation,2026-08-22,2026-09-12,102571069.88,70480147.57,67,"B-793868,B-814127",,False,
W-463930,SMITA UDAY WAGH,Lok Sabha,Maharashtra,JALGAON,V-980094,Sanitation,2022-06-16,2022-06-18,7506216.2,5788975.63,42,"B-84536,B-3827,B-60766",,False,
W-233755,SMITA UDAY WAGH,Lok Sabha,Maharashtra,JALGAON,V-948741,Water,2023-12-12,2023-12-20,19102710.67,14621092.05,59,"B-159572,B-749352",,False,
W-249162,SMITA UDAY WAGH,Lok Sabha,Maharashtra,JALGAON,V-348390,Water,2024-05-18,2024-05-30,18186839.49,12536671.15,91,"B-373659,B-14534",,False,
W-821551,Smt Anupriya Patel,Lok Sabha,Uttar Pradesh,MIRZAPUR,V-573801,Road,2023-07-02,2023-07-14,19306375.25,13501980.84,39,"B-498358,B-873130,B-858010",,False,
W-186318,Smt Anupriya Patel,Lok Sabha,Uttar Pradesh,MIRZAPUR,V-564252,Sanitation,2024-07-17,2024-07-23,7950218.64,6173248.1,43,"B-453306,B-983464,B-364535,B-505244",,False,
W-761085,Smt Anupriya Patel,Lok Sabha,Uttar Pradesh,MIRZAPUR,V-516545,Water,2025-06-08,2025-06-25,7309954.48,4813519.09,49,"B-287709,B-834621",,False,
W-525060,Smt Anupriya Patel,Lok Sabha,Uttar Pradesh,MIRZAPUR,V-21264,Health,2023-05-21,2023-06-19,16934164.01,14089643.92,59,"B-32266,B-601663,B-232317",,False,
W-262062,Smt Anupriya Patel,Lok Sabha,Uttar Pradesh,MIRZAPUR,V-683990,Water,2023-04-17,2023-05-19,23182594.54,19592643.97,92,"B-806952,B-221338,B-512147,B-234801",,False,
W-420132,Smt Anupriya Patel,Lok Sabha,Uttar Pradesh,MIRZAPUR,V-DUP-013,Other,2021-09-01,2021-10-04,71581693.07,46582183.85,56,"B-201088,B-901212",,True,duplicate_vendor
W-395964,Smt Aparajita Sarangi,Lok Sabha,Odisha,BHUBANESWAR,V-581695,Education,2024-04-01,2024-04-15,7953138.46,5909017.54,80,"B-228248,B-189101,B-571747,B-494860",,False,
W-347487,Smt Aparajita Sarangi,Lok Sabha,Odisha,BHUBANESWAR,V-446243,Road,2024-06-07,2024-06-24,14440761.27,12859370.4,62,"B-114080,B-927092,B-16788",,False,
W-594773,Smt Aparajita Sarangi,Lok Sabha,Odisha,BHUBANESWAR,V-881947,Road,2026-02-22,2026-02-26,18422261.52,17217513.76,52,"B-762230,B-479503,B-201750,B-572510,B-258905",,False,
W-299428,Smt Aparajita Sarangi,Lok Sabha,Odisha,BHUBANESWAR,V-137149,Health,2023-10-31,2023-11-12,53843361.38,47264567.71,90,"B-672302,B-795737,B-521939",,False,
W-336012,Smt Aparajita Sarangi,Lok Sabha,Odisha,BHUBANESWAR,V-66446,Education,2023-12-24,2024-01-19,2291661.8,1784617.15,63,"B-653983,B-485827,B-517178,B-198124",,False,
W-527592,Smt Aparajita Sarangi,Lok Sabha,Odisha,BHUBANESWAR,V-730531,Road,2025-04-09,2025-04-11,12401557.29,8776833.77,67,"B-936613,B-67272,B-245316,B-214582,B-321915",,False,
W-508630,Smt Aparajita Sarangi,Lok Sabha,Odisha,BHUBANESWAR,V-430918,Water,2024-05-09,2024-05-22,37331015.38,24697631.97,81,"B-16764,B-137885",,False,
W-815727,Smt Dimple Yadav,Lok Sabha,Uttar Pradesh,MAINPURI,V-635573,Education,2025-12-04,2025-12-20,5335714.04,4146649.32,67,"B-70552,B-646150,B-907555,B-56232,B-920355",,False,
W-348718,Smt Dimple Yadav,Lok Sabha,Uttar Pradesh,MAINPURI,V-413235,Other,2026-05-26,2026-06-23,47985808.22,34334063.74,91,"B-536907,B-138633,B-991386,B-978751,B-908288",,False,
W-285390,Smt Dimple Yadav,Lok Sabha,Uttar Pradesh,MAINPURI,V-36822,Health,2021-11-09,2021-12-09,20192907.22,16873931.85,73,"B-25435,B-155358,B-349093,B-260322,B-691295",,False,
W-125804,Smt Dimple Yadav,Lok Sabha,Uttar Pradesh,MAINPURI,V-333053,Road,2026-01-30,2026-02-16,6245885.84,5706854.3,74,"B-199184,B-141720",,False,
W-756596,Smt Dimple Yadav,Lok Sabha,Uttar Pradesh,MAINPURI,V-777941,Education,2022-09-18,2022-10-21,47605393.78,32770992.4,66,"B-413634,B-781387,B-191712,B-751379",,False,
W-688476,Smt Dimple Yadav,Lok Sabha,Uttar Pradesh,MAINPURI,V-884845,Other,2022-11-27,2022-11-28,8808826.66,6331471.41,41,"B-304655,B-47288",,False,
W-360548,Smt Dimple Yadav,Lok Sabha,Uttar Pradesh,MAINPURI,V-701441,Water,2024-12-15,2025-01-06,33636423.78,29640970.08,85,"B-306481,B-511508,B-988299,B-959935,B-447689",,False,
W-781071,Smt Dimple Yadav,Lok Sabha,Uttar Pradesh,MAINPURI,V-364468,Road,2023-04-10,2023-10-21,21271297.22,19092050.46,63,"B-161435,B-416752,B-368439,B-601212,B-948767",,True,sanction_delay
W-374647,Smt Harsimrat Kaur Badal,Lok Sabha,Punjab,BHATINDA,V-250380,Education,2026-08-10,2026-09-07,26498621.75,20852195.97,62,"B-100738,B-797494,B-208039",,False,
W-438608,Smt Harsimrat Kaur Badal,Lok Sabha,Punjab,BHATINDA,V-871853,Education,2023-09-27,2023-10-28,44614138.07,29505248.99,38,"B-94728,B-158796",,False,
W-523290,Smt Harsimrat Kaur Badal,Lok Sabha,Punjab,BHATINDA,V-843013,Sanitation,2025-05-22,2025-05-29,7000868.97,6462608.16,43,"B-504109,B-887269",,False,
W-376937,Smt Harsimrat Kaur Badal,Lok Sabha,Punjab,BHATINDA,V-420731,Road,2022-05-23,2022-06-01,27503266.97,23586600.09,79,"B-729328,B-437865",,False,
W-557925,Smt Harsimrat Kaur Badal,Lok Sabha,Punjab,BHATINDA,V-422265,Health,2023-01-25,2023-03-01,53360206.72,42905939.05,60,"B-413214,B-651987",,False,
W-827727,Smt Hema Malini,Lok Sabha,Uttar Pradesh,MATHURA,V-878301,Other,2025-03-19,2025-03-19,9151460.86,6506958.57,51,"B-829124,B-678910,B-56345,B-92105,B-955327",,False,
W-558026,Smt Hema Malini,Lok Sabha,Uttar Pradesh,MATHURA,V-297907,Road,2023-11-14,2023-12-05,20824296.53,18711579.34,39,"B-597669,B-995352,B-12897,B-664697,B-597895",,False,
W-556684,Smt Hema Malini,Lok Sabha,Uttar Pradesh,MATHURA,V-442897,Water,2024-03-23,2024-03-31,3973111.65,2822617.6,94,"B-874616,B-758939",,False,
W-199043,Smt Hema Malini,Lok Sabha,Uttar Pradesh,MATHURA,V-769431,Education,2022-05-23,2022-06-15,50303368.77,40999781.92,57,"B-61431,B-402123,B-305925,B-807405,B-685723",,False,
W-434658,Smt Hema Malini,Lok Sabha,Uttar Pradesh,MATHURA,V-967695,Other,2022-01-26,2022-02-11,19041220.82,12439355.16,85,"B-435738,B-797220,B-113666",,False,
W-153068,Smt Hema Malini,Lok Sabha,Uttar Pradesh,MATHURA,V-596363,Education,2025-11-04,2025-12-08,6945812.23,4515231.35,85,"B-811167,B-96089,B-214761,B-10872",,False,
W-560712,Smt Hema Malini,Lok Sabha,Uttar Pradesh,MATHURA,V-191808,Health,2026-05-18,2026-06-12,36025729.13,28323918.96,50,"B-224868,B-677971,B-995727",,False,
W-946231,Smt Himadri Singh,Lok Sabha,Madhya Pradesh,SHAHDOL (ST),V-428289,Other,2025-04-04,2025-05-06,17069732.57,14364864.17,57,"B-738069,B-983729,B-922808,B-505391",,False,
W-602752,Smt Himadri Singh,Lok Sabha,Madhya Pradesh,SHAHDOL (ST),V-271145,Health,2025-09-29,2025-10-17,15414390.41,12839938.08,88,"B-34245,B-598552,B-244275,B-148133",,False,
W-137432,Smt Himadri Singh,Lok Sabha,Madhya Pradesh,SHAHDOL (ST),V-730110,Education,2026-04-28,2026-05-20,33396822.15,24068039.04,85,"B-604189,B-343071,B-110344,B-557271",,False,
W-617995,Smt Himadri Singh,Lok Sabha,Madhya Pradesh,SHAHDOL (ST),V-327620,Road,2025-08-01,2025-08-13,53816618.36,46294131.49,87,"B-895806,B-32143,B-687255,B-206142",,False,
W-303398,Smt Himadri Singh,Lok Sabha,Madhya Pradesh,SHAHDOL (ST),V-263353,Road,2023-03-24,2023-03-30,30273673.31,27018108.87,81,"B-542465,B-808081,B-976555",,False,
W-374177,Smt Poonamben Hematbhai Maadam,Lok Sabha,Gujarat,JAMNAGAR,V-644104,Health,2024-10-29,2024-11-03,15648835.36,11353516.57,93,"B-599576,B-91233,B-711489,B-531958",,False,
W-820478,Smt Poonamben Hematbhai Maadam,Lok Sabha,Gujarat,JAMNAGAR,V-136079,Other,2023-04-26,2023-05-15,2305696.28,2078140.23,43,"B-111912,B-400422,B-956283,B-908566",,False,
W-301022,Smt Poonamben Hematbhai Maadam,Lok Sabha,Gujarat,JAMNAGAR,V-64333,Road,2023-03-29,2023-04-15,54957933.71,40208357.44,59,"B-655833,B-121418,B-284011,B-624523,B-314239",,False,
W-726967,Smt Poonamben Hematbhai Maadam,Lok Sabha,Gujarat,JAMNAGAR,V-68363,Sanitation,2025-03-23,2025-03-25,7909650.62,6354752.23,35,"B-351926,B-674943,B-880806",,False,
W-286214,Smt Poonamben Hematbhai Maadam,Lok Sabha,Gujarat,JAMNAGAR,V-309495,Sanitation,2021-12-10,2021-12-16,24485613.98,23166869.25,37,"B-219537,B-268701",,False,
W-487147,Smt Poonamben Hematbhai Maadam,Lok Sabha,Gujarat,JAMNAGAR,V-249366,Education,2025-08-08,2025-08-29,3502303.51,2537080.16,45,"B-553522,B-300748,B-951923,B-348437",,False,
W-487377,Smt Poonamben Hematbhai Maadam,Lok Sabha,Gujarat,JAMNAGAR,V-176514,Education,2024-05-07,2024-05-30,37454966.54,30656552.6,47,"B-982631,B-944349,B-313613,B-212855,B-967238",,False,
W-255230,Smt Raksha Nikhil Khadse,Lok Sabha,Maharashtra,RAVER,V-802709,Education,2025-06-17,2025-07-06,51562451.29,38808056.04,36,B-DUP-009,,True,duplicate_beneficiary
W-979784,Smt Raksha Nikhil Khadse,Lok Sabha,Maharashtra,RAVER,V-722459,Education,2025-09-16,2025-10-20,21959426.0,16013248.73,51,"B-478524,B-284142,B-110014,B-582770,B-327127",,False,
W-877930,Smt Raksha Nikhil Khadse,Lok Sabha,Maharashtra,RAVER,V-182470,Health,2022-01-11,2022-02-02,7714707.09,7315842.01,46,"B-537037,B-618831,B-299606,B-286798,B-554181",,False,
W-758770,Smt Raksha Nikhil Khadse,Lok Sabha,Maharashtra,RAVER,V-388282,Other,2023-01-04,2023-01-23,17079382.92,16736055.62,70,"B-136805,B-185152,B-654560,B-955029,B-995014",,False,
W-108449,Smt Raksha Nikhil Khadse,Lok Sabha,Maharashtra,RAVER,V-609735,Health,2026-08-02,2026-08-20,46869084.06,40594779.95,51,"B-247915,B-436294",,False,
W-930541,Smt Raksha Nikhil Khadse,Lok Sabha,Maharashtra,RAVER,V-209041,Water,2026-01-07,2026-01-07,7161971.82,5262190.65,83,"B-510655,B-435639,B-509911",,False,
W-766015,Smt S Jothimani,Lok Sabha,Tamil Nadu,KARUR,V-647457,Water,2024-01-04,2021-06-07,19246773.81,14527424.03,59,"B-667830,B-412014,B-436760,B-343713,B-261665",,True,delayed_completion
W-477791,Smt S Jothimani,Lok Sabha,Tamil Nadu,KARUR,V-432074,Health,2024-09-25,2024-10-12,11485529.35,7515976.31,76,"B-237524,B-822731,B-640626,B-299437",,False,
W-132340,Smt S Jothimani,Lok Sabha,Tamil Nadu,KARUR,V-697548,Sanitation,2023-06-09,2023-06-26,44582057.85,33340246.19,45,"B-727363,B-406104,B-864819,B-454073,B-173010",,False,
W-136549,Smt S Jothimani,Lok Sabha,Tamil Nadu,KARUR,V-533133,Water,2022-01-15,2022-02-17,36103932.52,32526802.14,55,"B-198882,B-528712,B-237750,B-353506",,False,
W-639046,Smt S Jothimani,Lok Sabha,Tamil Nadu,KARUR,V-726885,Road,2023-08-18,2023-08-20,34846706.46,22907017.26,46,"B-498147,B-136726",,False,
W-508069,Smt Sajda Ahmed,Lok Sabha,West Bengal,ULUBERIA,V-700750,Other,2022-10-04,2022-11-03,9522149.65,8393016.25,47,"B-505251,B-880002",,False,
W-181790,Smt Sajda Ahmed,Lok Sabha,West Bengal,ULUBERIA,V-393031,Other,2023-02-02,2023-02-06,10363511.56,7066358.03,43,"B-861417,B-813414",,False,
W-817657,Smt Sajda Ahmed,Lok Sabha,West Bengal,ULUBERIA,V-18695,Other,2025-12-26,2025-12-28,32138230.23,22556122.72,90,"B-522531,B-680736,B-786513,B-292166,B-884731",,False,
W-428982,Smt Sajda Ahmed,Lok Sabha,West Bengal,ULUBERIA,V-206574,Health,2025-03-27,2025-04-24,33172526.38,43918699.83,72,"B-376617,B-564641,B-542393,B-540332",,True,cost_overrun
W-500569,Smt Sajda Ahmed,Lok Sabha,West Bengal,ULUBERIA,V-697174,Other,2023-07-20,2023-08-19,15766750.6,14090726.08,49,"B-648395,B-516440,B-761741,B-271187,B-328244",,False,
W-541211,Smt Sajda Ahmed,Lok Sabha,West Bengal,ULUBERIA,V-423426,Sanitation,2025-10-27,2025-11-21,16597161.8,14821789.49,43,"B-29219,B-588317,B-233351,B-796686,B-845986",,False,
W-671989,Smt Sajda Ahmed,Lok Sabha,West Bengal,ULUBERIA,V-251341,Water,2023-12-19,2024-01-07,28704669.78,20675959.31,52,"B-883063,B-913738",,False,
W-312920,Smt Sandhya Ray,Lok Sabha,Madhya Pradesh,BHIND(SC),V-521839,Education,2024-04-04,2024-04-24,80343406.45,52948165.57,73,"B-972316,B-423125,B-564083,B-860123,B-198894",,False,
W-689361,Smt Sandhya Ray,Lok Sabha,Madhya Pradesh,BHIND(SC),V-316480,Health,2025-10-18,2025-11-11,28299040.11,24720057.05,37,"B-313572,B-908167,B-925451",,False,
W-855365,Smt Sandhya Ray,Lok Sabha,Madhya Pradesh,BHIND(SC),V-360563,Other,2023-08-29,2023-09-20,6489294.79,4658567.37,90,"B-489931,B-975571,B-856145,B-90056,B-324074",,False,
W-678029,Smt Sandhya Ray,Lok Sabha,Madhya Pradesh,BHIND(SC),V-59120,Sanitation,2021-11-28,2021-12-04,11941944.43,11168599.47,83,"B-226460,B-482894",,False,
W-202896,Smt Sandhya Ray,Lok Sabha,Madhya Pradesh,BHIND(SC),V-978522,Water,2024-11-02,2024-11-14,19191314.22,13877171.41,62,"B-210918,B-749782,B-520168,B-720512",,False,
W-279232,Smt Sangeeta Kumari Singh Deo,Lok Sabha,Odisha,BOLANGIR,V-784810,Health,2023-04-07,2023-05-04,41419802.44,28370709.75,41,"B-643079,B-15223",,False,
W-420901,Smt Sangeeta Kumari Singh Deo,Lok Sabha,Odisha,BOLANGIR,V-100911,Health,2025-12-28,2026-01-29,78011015.71,54264858.2,64,"B-110441,B-660348,B-5223",,False,
W-800265,Smt Sangeeta Kumari Singh Deo,Lok Sabha,Odisha,BOLANGIR,V-DUP-009,Road,2021-09-16,2021-10-07,26834181.85,19318637.42,35,"B-998627,B-438691",,True,duplicate_vendor
W-592620,Smt Satabdi Roy (Banerjee),Lok Sabha,West Bengal,BIRBHUM,V-822381,Education,2022-09-19,2022-11-13,4600223.41,3347146.05,76,"B-658645,B-235865",,False,
W-176033,Smt Satabdi Roy (Banerjee),Lok Sabha,West Bengal,BIRBHUM,V-344165,Sanitation,2021-10-14,2021-11-15,36937780.48,26874417.46,51,"B-338129,B-702293,B-799031,B-521204,B-519253",,False,
W-260624,Smt Satabdi Roy (Banerjee),Lok Sabha,West Bengal,BIRBHUM,V-392939,Water,2023-03-30,2023-04-02,32142892.34,25105677.52,88,"B-512987,B-128976,B-232965,B-987328,B-706737",,False,
W-424087,Smt Satabdi Roy (Banerjee),Lok Sabha,West Bengal,BIRBHUM,V-606843,Water,2022-08-05,2022-08-14,72584103.77,72540093.63,67,"B-821958,B-586406,B-820274,B-856929,B-603414",,False,
W-575291,Smt Supriya Sadanand Sule,Lok Sabha,Maharashtra,BARAMATI,V-601230,Health,2025-05-21,2025-06-01,43697501.36,32749530.4,53,"B-964549,B-787985,B-73464",,False,
W-664264,Smt Supriya Sadanand Sule,Lok Sabha,Maharashtra,BARAMATI,V-991235,Sanitation,2024-01-08,2024-01-12,7259880.68,6584310.62,47,"B-602150,B-122729",,False,
W-841459,Smt Supriya Sadanand Sule,Lok Sabha,Maharashtra,BARAMATI,V-233469,Water,2023-12-21,2024-01-03,25122594.82,23251747.87,42,"B-685280,B-927439,B-739237",,False,
W-140581,Smt Supriya Sadanand Sule,Lok Sabha,Maharashtra,BARAMATI,V-702741,Water,2024-01-30,2024-02-09,28151688.22,27107928.59,92,"B-778196,B-637802",,True,duplicate_beneficiary
W-362959,Smt Supriya Sadanand Sule,Lok Sabha,Maharashtra,BARAMATI,V-430013,Water,2024-04-28,2024-05-28,3782383.48,2536032.69,43,"B-574583,B-204732,B-614854",,False,
W-593328,Smt Supriya Sadanand Sule,Lok Sabha,Maharashtra,BARAMATI,V-328340,Health,2023-01-01,2023-01-23,36292391.99,28021815.56,50,"B-139134,B-610142,B-843139,B-241455",,False,
W-666486,Smt Supriya Sadanand Sule,Lok Sabha,Maharashtra,BARAMATI,V-587292,Water,2021-12-21,2021-12-28,1958559.45,1640844.66,63,"B-870295,B-368700",,False,
W-844880,Smt Veena Devi,Lok Sabha,Bihar,VAISHALI,V-831050,Sanitation,2026-03-04,2026-03-14,12242383.71,8267679.59,76,"B-311103,B-676209,B-881003,B-946229,B-62285",,False,
W-634426,Smt Veena Devi,Lok Sabha,Bihar,VAISHALI,V-524974,Water,2023-12-24,2023-12-28,61369749.54,42871884.13,79,"B-95563,B-569546,B-514151,B-322582,B-443579",,False,
W-983064,Smt Veena Devi,Lok Sabha,Bihar,VAISHALI,V-279789,Water,2026-03-08,2026-03-31,72652866.75,64698668.32,74,"B-213991,B-600857,B-628554,B-874441",,False,
W-364163,Sribharat MathuKumli,Lok Sabha,Andhra Pradesh,VISAKHAPATNAM,V-103997,Road,2024-08-22,2024-09-24,50725223.14,38828161.53,68,"B-73550,B-934980",,False,
W-258416,Sribharat MathuKumli,Lok Sabha,Andhra Pradesh,VISAKHAPATNAM,V-165434,Sanitation,2023-02-14,2023-02-23,79386414.84,55482710.2,87,B-DUP-013,,True,duplicate_beneficiary
W-842079,Sribharat MathuKumli,Lok Sabha,Andhra Pradesh,VISAKHAPATNAM,V-333228,Health,2025-01-10,2025-02-09,33906074.41,25922203.13,92,"B-829918,B-917382",,False,
W-638768,SUDAMA PRASAD,Lok Sabha,Bihar,ARRAH,V-397905,Health,2024-10-12,2024-11-03,89310963.36,65783587.75,61,"B-211881,B-914483,B-846233,B-209583",,False,
W-590583,SUDAMA PRASAD,Lok Sabha,Bihar,ARRAH,V-54577,Education,2025-12-17,2026-01-02,40452547.22,35731553.63,40,"B-141800,B-206950,B-232482,B-903405,B-348528",,False,
W-230133,SUDAMA PRASAD,Lok Sabha,Bihar,ARRAH,V-404190,Sanitation,2025-01-07,2025-01-28,16501489.42,15686275.34,53,"B-654020,B-494703,B-327747,B-319460,B-599458",,False,
W-188216,SUDHA R,Lok Sabha,Tamil Nadu,MAYILADUTHURAI,V-300800,Education,2025-11-09,2025-12-05,46023886.78,37665383.11,75,"B-336659,B-692140",,False,
W-805498,SUDHA R,Lok Sabha,Tamil Nadu,MAYILADUTHURAI,V-830261,Road,2025-03-06,2025-04-04,50168073.06,38240641.74,70,"B-515120,B-822504",,False,
W-222753,SUDHA R,Lok Sabha,Tamil Nadu,MAYILADUTHURAI,V-234253,Road,2025-07-03,2025-07-17,35379650.06,29697939.43,70,"B-678781,B-898366,B-693384,B-135282",,False,
W-769547,SUDHA R,Lok Sabha,Tamil Nadu,MAYILADUTHURAI,V-582253,Other,2022-05-17,2022-06-02,15024043.63,12449887.87,46,"B-231379,B-902572",,False,
W-352687,SUDHAKAR SINGH,Lok Sabha,Bihar,BUXAR,V-182370,Water,2024-11-17,2024-12-16,32629924.94,22984555.1,94,"B-884243,B-287658",,False,
W-850828,SUDHAKAR SINGH,Lok Sabha,Bihar,BUXAR,V-278614,Water,2025-08-02,2025-08-25,55769784.28,51041245.37,40,"B-559536,B-661166",,False,
W-944344,SUDHAKAR SINGH,Lok Sabha,Bihar,BUXAR,V-620318,Other,2022-02-06,2022-03-12,7993301.23,6054541.58,53,"B-975195,B-191575,B-372839",,False,
W-768547,SUDHAKAR SINGH,Lok Sabha,Bihar,BUXAR,V-439158,Water,2024-07-01,2024-08-02,11393018.75,10366013.21,44,"B-907707,B-336466",,False,
W-885783,SUDHAKAR SINGH,Lok Sabha,Bihar,BUXAR,V-131612,Road,2024-01-28,2024-02-07,18996378.72,18160806.34,94,"B-471478,B-443959,B-20606,B-971866,B-16568",,False,
W-726091,SUDHAKAR SINGH,Lok Sabha,Bihar,BUXAR,V-675546,Road,2023-05-04,2023-05-18,32828832.48,32094810.92,67,"B-42759,B-444752,B-653108,B-300656",,False,
W-143971,SUDHAKAR SINGH,Lok Sabha,Bihar,BUXAR,V-530345,Other,2024-01-06,2024-01-15,11800080.08,7757515.57,78,"B-656668,B-322069,B-435686,B-598274",,False,
W-252487,SUDHAKAR SINGH,Lok Sabha,Bihar,BUXAR,V-971640,Road,2021-11-27,2021-12-06,12874576.28,9967842.02,83,"B-985623,B-129998,B-749609",,False,
W-482436,Sudip Bandyopadhyay,Lok Sabha,West Bengal,KOLKATA UTTAR,V-254288,Education,2025-04-11,2025-04-20,40500802.65,31284676.35,55,"B-662673,B-749519,B-920291",,False,
W-681481,Sudip Bandyopadhyay,Lok Sabha,West Bengal,KOLKATA UTTAR,V-613087,Other,2023-03-23,2023-04-15,13128393.58,11303278.23,78,"B-647103,B-324470,B-688620,B-47595",,False,
W-519296,Sudip Bandyopadhyay,Lok Sabha,West Bengal,KOLKATA UTTAR,V-87876,Other,2022-04-01,2022-05-04,42328190.42,34110208.02,48,"B-3394,B-859258,B-648826,B-621133,B-335364",,False,
W-586057,Sudip Bandyopadhyay,Lok Sabha,West Bengal,KOLKATA UTTAR,V-25513,Other,2023-03-02,2023-03-25,7058336.25,5794901.33,83,"B-650077,B-274168",,False,
W-660319,Sudip Bandyopadhyay,Lok Sabha,West Bengal,KOLKATA UTTAR,V-410226,Health,2023-04-18,2023-05-11,26565331.94,22900813.83,89,"B-208973,B-44912",,False,
W-530908,Sudip Bandyopadhyay,Lok Sabha,West Bengal,KOLKATA UTTAR,V-17607,Health,2026-07-29,2026-10-26,7705080.7,6195717.4,56,"B-222459,B-710464,B-617732",,True,delayed_completion
W-643505,Sudip Bandyopadhyay,Lok Sabha,West Bengal,KOLKATA UTTAR,V-8785,Education,2025-04-05,2025-05-03,8978864.46,6853678.73,68,"B-223884,B-527646,B-339597,B-757632",,False,
W-713943,SUKANTA KUMAR PANIGRAHI,Lok Sabha,Odisha,KANDHAMAL,V-949428,Health,2025-12-13,2025-12-27,32608674.53,21291235.81,95,"B-352930,B-437005,B-870428,B-37708,B-575739",,False,
W-286606,SUKANTA KUMAR PANIGRAHI,Lok Sabha,Odisha,KANDHAMAL,V-22912,Sanitation,2023-08-29,2023-09-09,5204560.74,4331973.65,72,"B-950481,B-610300,B-1832,B-660955,B-169708",,False,
W-624660,SUKANTA KUMAR PANIGRAHI,Lok Sabha,Odisha,KANDHAMAL,V-251488,Sanitation,2022-05-30,2022-06-08,26061911.47,17343480.72,95,"B-987613,B-91538,B-446736",,False,
W-578569,SUKANTA KUMAR PANIGRAHI,Lok Sabha,Odisha,KANDHAMAL,V-810339,Health,2025-05-30,2025-06-29,30690353.81,23047227.21,78,"B-342911,B-898831",,False,
W-328795,SUKANTA KUMAR PANIGRAHI,Lok Sabha,Odisha,KANDHAMAL,V-856189,Other,2025-02-08,2025-02-26,36466548.18,25682583.7,62,"B-653626,B-924803,B-640261",,False,
W-579881,SUKANTA KUMAR PANIGRAHI,Lok Sabha,Odisha,KANDHAMAL,V-714355,Other,2022-09-04,2022-09-13,33485995.63,22865574.68,92,"B-568096,B-814210,B-544413",,False,
W-707866,SUKANTA KUMAR PANIGRAHI,Lok Sabha,Odisha,KANDHAMAL,V-329167,Sanitation,2025-04-19,2025-05-06,6413660.46,4183106.93,48,"B-959309,B-379747",,False,
W-518318,SUKANTA KUMAR PANIGRAHI,Lok Sabha,Odisha,KANDHAMAL,V-216124,Water,2024-08-13,2024-08-23,18827157.17,13114822.2,87,"B-151362,B-718678",,False,
W-919675,SUKHDEO BHAGAT,Lok Sabha,Jharkhand,LOHARDAGA(ST),V-314600,Sanitation,2023-12-19,2024-01-14,23706073.7,16173828.38,95,"B-168122,B-687560,B-820238",,False,
W-208428,SUKHDEO BHAGAT,Lok Sabha,Jharkhand,LOHARDAGA(ST),V-603712,Health,2023-07-21,2023-08-17,58932598.26,43475261.81,36,"B-479707,B-803576",,False,
W-416961,SUKHDEO BHAGAT,Lok Sabha,Jharkhand,LOHARDAGA(ST),V-166578,Road,2025-12-07,2025-12-20,88324175.36,67127732.7,71,"B-639520,B-400758",,False,
W-803904,SUKHJINDER SINGH RANDHAWA,Lok Sabha,Punjab,GURDASPUR,V-254397,Other,2026-08-14,2026-06-04,60215713.53,56547064.76,31,"B-600425,B-77593,B-436585",,True,delayed_completion
W-158616,SUKHJINDER SINGH RANDHAWA,Lok Sabha,Punjab,GURDASPUR,V-320938,Other,2022-08-14,2022-09-03,7162823.7,5118743.99,47,"B-328993,B-996782,B-523569",,False,
W-870206,SUKHJINDER SINGH RANDHAWA,Lok Sabha,Punjab,GURDASPUR,V-995874,Health,2024-11-07,2024-12-07,31639275.44,33108357.61,76,"B-194492,B-127084,B-416628,B-740136",,True,cost_overrun
W-567797,SUKHJINDER SINGH RANDHAWA,Lok Sabha,Punjab,GURDASPUR,V-896941,Water,2025-09-30,2025-10-08,13777873.11,9248405.67,67,"B-820033,B-698468",,False,
W-825449,SUKHJINDER SINGH RANDHAWA,Lok Sabha,Punjab,GURDASPUR,V-991610,Water,2025-08-04,2025-08-11,26771410.88,17648038.79,44,"B-305282,B-944508,B-958157",,False,
W-781457,SUKHJINDER SINGH RANDHAWA,Lok Sabha,Punjab,GURDASPUR,V-325933,Sanitation,2025-07-12,2025-07-17,6697903.34,4726154.35,54,"B-233295,B-485495,B-145639,B-286440,B-554839",,False,
W-459169,SUNIL BOSE,Lok Sabha,Karnataka,CHAMARAJANAGAR(SC),V-247935,Road,2024-06-08,2024-06-10,6615142.33,6200278.85,51,"B-265856,B-274127,B-746023",,False,
W-717599,SUNIL BOSE,Lok Sabha,Karnataka,CHAMARAJANAGAR(SC),V-257579,Health,2023-01-04,2023-01-07,27101106.2,22279919.82,83,"B-907135,B-702171",,False,
W-304815,SUNIL BOSE,Lok Sabha,Karnataka,CHAMARAJANAGAR(SC),V-527929,Road,2024-02-09,2024-03-07,39126032.78,26226990.51,68,"B-881523,B-112686,B-45975",,False,
W-837697,SUNIL BOSE,Lok Sabha,Karnataka,CHAMARAJANAGAR(SC),V-757270,Other,2024-11-11,2024-12-14,7910143.35,5556557.62,80,"B-392727,B-399712",,False,
W-922280,SUNIL BOSE,Lok Sabha,Karnataka,CHAMARAJANAGAR(SC),V-740757,Other,2023-04-01,2023-04-22,29624071.51,28834644.62,66,"B-517635,B-702776,B-518811",,False,
W-881253,SUNIL BOSE,Lok Sabha,Karnataka,CHAMARAJANAGAR(SC),V-972746,Water,2022-04-10,2022-05-02,35888503.82,25131449.87,42,"B-124349,B-23459,B-895734,B-811689",,False,
W-107508,Sunil Dattatray Tatkare,Lok Sabha,Maharashtra,RAIGAD,V-648677,Water,2026-08-30,2026-09-22,9064819.5,7002377.18,66,"B-685000,B-173343,B-833594",,False,
W-459256,Sunil Dattatray Tatkare,Lok Sabha,Maharashtra,RAIGAD,V-823068,Other,2022-09-17,2022-09-17,26975082.79,22373285.4,73,"B-748516,B-290152,B-178912,B-454612",,False,
W-604004,Sunil Dattatray Tatkare,Lok Sabha,Maharashtra,RAIGAD,V-108487,Health,2025-05-29,2025-06-15,9731583.56,8615507.67,73,"B-371815,B-26312,B-356480,B-368063,B-837413",,False,
W-558989,Sunil Dattatray Tatkare,Lok Sabha,Maharashtra,RAIGAD,V-301872,Health,2025-10-28,2025-11-24,4866792.24,4544151.61,88,"B-49075,B-922411,B-393481,B-657878",,False,
W-971537,Sunil Dattatray Tatkare,Lok Sabha,Maharashtra,RAIGAD,V-770568,Education,2024-09-30,2024-10-27,19087650.37,16039283.61,45,"B-981865,B-600331,B-650224,B-795991,B-157015",,False,
W-494221,Sunil Dattatray Tatkare,Lok Sabha,Maharashtra,RAIGAD,V-37463,Health,2023-05-24,2023-06-11,7024375.06,6630242.14,66,"B-769213,B-601300,B-857196,B-61793,B-547058",,False,
W-115032,Sunil Dattatray Tatkare,Lok Sabha,Maharashtra,RAIGAD,V-834077,Road,2025-11-23,2025-12-11,29695392.45,27786294.95,52,"B-718215,B-36064,B-35219,B-923421,B-372704",,False,
W-838463,Sunil Dattatray Tatkare,Lok Sabha,Maharashtra,RAIGAD,V-779038,Other,2026-01-04,2026-01-17,39819304.03,28413960.88,60,"B-270233,B-214929",,False,
W-867875,Sunil Kumar,Lok Sabha,Bihar,VALMIKI NAGAR,V-159606,Other,2022-06-16,2022-07-19,4446853.4,3470461.73,54,"B-565154,B-944692,B-892231,B-407726",,False,
W-565166,Sunil Kumar,Lok Sabha,Bihar,VALMIKI NAGAR,V-221661,Sanitation,2022-11-06,2022-11-24,26893292.19,25256921.4,80,"B-330576,B-119831,B-10764",,False,
W-177052,Sunil Kumar,Lok Sabha,Bihar,VALMIKI NAGAR,V-953410,Water,2023-12-20,2024-01-04,34555306.04,32071543.74,53,"B-251030,B-336303",,False,
W-106820,Sunil Kumar,Lok Sabha,Bihar,VALMIKI NAGAR,V-881573,Water,2026-05-12,2026-06-01,30999395.13,24240587.97,50,"B-450596,B-168129,B-950570,B-909571,B-785404",,False,
W-693581,Sunil Kumar,Lok Sabha,Bihar,VALMIKI NAGAR,V-972220,Health,2023-05-24,2023-06-18,49370153.24,32262583.83,51,"B-707706,B-706987,B-852477,B-32498,B-315725",,False,
W-419676,SURENDRA PRASAD YADAV,Lok Sabha,Bihar,JAHANABAD,V-613854,Sanitation,2023-08-22,2023-09-13,45961623.36,39065459.52,45,"B-533501,B-573343",,False,
W-889001,SURENDRA PRASAD YADAV,Lok Sabha,Bihar,JAHANABAD,V-909538,Water,2022-05-07,2022-06-01,26400480.66,25333175.71,82,"B-531664,B-195991",,False,
W-911881,SURENDRA PRASAD YADAV,Lok Sabha,Bihar,JAHANABAD,V-907576,Health,2021-11-24,2021-12-18,36186811.76,23785387.02,71,"B-311433,B-332150",,False,
W-529335,SURENDRA PRASAD YADAV,Lok Sabha,Bihar,JAHANABAD,V-548543,Road,2024-07-05,2024-07-21,24446328.77,20803700.98,53,"B-197124,B-70619,B-934198",,False,
W-686189,SURENDRA PRASAD YADAV,Lok Sabha,Bihar,JAHANABAD,V-445977,Other,2024-07-29,2021-09-16,5890674.3,5195832.24,31,"B-425467,B-645747,B-406889,B-426804,B-610394",,True,delayed_completion
W-625730,SURENDRA PRASAD YADAV,Lok Sabha,Bihar,JAHANABAD,V-70599,Sanitation,2025-06-02,2025-06-14,15663166.58,12848943.87,75,"B-17569,B-790418,B-92520,B-517222,B-787151",,False,
W-901452,SURESH GOPI,Lok Sabha,Kerala,THRISSUR,V-789279,Education,2023-10-16,2023-11-10,12967232.21,11804603.42,93,"B-122538,B-543518,B-716728,B-628503,B-49052",,False,
W-523867,SURESH GOPI,Lok Sabha,Kerala,THRISSUR,V-446759,Sanitation,2023-05-31,2023-06-13,15167317.24,12391523.62,42,"B-722252,B-574960,B-582544,B-336381",,False,
W-568343,SURESH GOPI,Lok Sabha,Kerala,THRISSUR,V-550648,Other,2024-11-03,2024-11-06,9865356.06,8359773.49,37,"B-5824,B-759488,B-651041,B-758246",,False,
W-154441,SURESH GOPI,Lok Sabha,Kerala,THRISSUR,V-765625,Road,2022-07-18,2022-08-08,18609692.27,16677424.82,57,"B-599241,B-574377",,False,
W-581731,SURESH GOPI,Lok Sabha,Kerala,THRISSUR,V-794750,Education,2021-10-11,2021-11-06,26265406.73,18876586.25,56,"B-913919,B-375755,B-833347,B-698789,B-81344,B-DUP-014",,True,duplicate_beneficiary
W-543639,SURESH GOPI,Lok Sabha,Kerala,THRISSUR,V-55429,Water,2023-08-10,2023-08-18,14911112.03,12113153.49,70,"B-858614,B-888100,B-45192",,False,
W-487923,SURESH GOPI,Lok Sabha,Kerala,THRISSUR,V-262664,Health,2021-11-24,2021-12-03,38195267.37,29386069.91,66,"B-866285,B-124497",,False,
W-454120,SURESH GOPI,Lok Sabha,Kerala,THRISSUR,V-230236,Road,2024-10-29,2024-11-17,10283616.07,9782796.24,93,"B-650050,B-180544,B-941104",,False,
W-818400,Suresh Kumar Kashyap,Lok Sabha,Himachal Pradesh,SHIMLA (SC),V-576051,Health,2021-10-24,2021-11-21,77215158.9,59334470.39,90,"B-346499,B-615279,B-19838",,False,
W-581673,Suresh Kumar Kashyap,Lok Sabha,Himachal Pradesh,SHIMLA (SC),V-543096,Education,2025-07-09,2025-07-25,32904656.5,31120494.58,89,"B-542115,B-60591,B-415305",,False,
W-938808,Suresh Kumar Kashyap,Lok Sabha,Himachal Pradesh,SHIMLA (SC),V-523734,Health,2026-02-03,2026-02-06,9460211.95,6685910.44,51,"B-780167,B-514482,B-887615,B-51643,B-503206",,False,
W-970107,Suresh Kumar Kashyap,Lok Sabha,Himachal Pradesh,SHIMLA (SC),V-684206,Water,2025-07-21,2025-07-26,33216109.97,25148413.93,82,"B-837203,B-116845",,False,
W-792203,SURESH KUMAR SHETKAR,Lok Sabha,Telangana,ZAHIRABAD,V-102811,Water,2026-03-30,2026-04-25,8079250.81,6287353.47,63,"B-881285,B-5220,B-614634",,False,
W-877379,SURESH KUMAR SHETKAR,Lok Sabha,Telangana,ZAHIRABAD,V-557756,Sanitation,2024-03-05,2024-03-18,13037971.6,10880099.74,74,"B-735770,B-499537,B-279266",,False,
W-155196,SURESH KUMAR SHETKAR,Lok Sabha,Telangana,ZAHIRABAD,V-912947,Road,2024-11-15,2024-12-09,33793857.92,29189406.0,68,"B-453091,B-114129,B-966045,B-349698",,False,
W-908225,SURESH KUMAR SHETKAR,Lok Sabha,Telangana,ZAHIRABAD,V-99849,Other,2024-03-06,2024-03-07,15288333.04,15677970.56,81,"B-217825,B-710312,B-311689",,True,cost_overrun
W-107797,SURESH KUMAR SHETKAR,Lok Sabha,Telangana,ZAHIRABAD,V-360838,Health,2023-05-21,2023-06-05,21331125.97,17075368.58,81,"B-663195,B-195466,B-35950",,False,
W-217892,SURESH KUMAR SHETKAR,Lok Sabha,Telangana,ZAHIRABAD,V-460950,Education,2022-05-14,2022-06-06,17313222.19,11333111.28,45,"B-613415,B-840647,B-34906,B-720209,B-967056",,False,
W-712646,SURESH KUMAR SHETKAR,Lok Sabha,Telangana,ZAHIRABAD,V-483270,Education,2025-02-28,2025-03-03,37421238.46,36669277.86,65,"B-586300,B-357380,B-595256,B-214678",,False,
W-525380,Swami Sachchidanandhari Sakshi ji Maharaj,Lok Sabha,Uttar Pradesh,UNNAO,V-86631,Road,2022-03-11,2022-04-12,25138251.47,21170665.12,68,"B-95775,B-373210,B-97686,B-855686,B-446717",,False,
W-993293,Swami Sachchidanandhari Sakshi ji Maharaj,Lok Sabha,Uttar Pradesh,UNNAO,V-923773,Education,2025-01-30,2025-02-18,6021410.11,4738533.14,81,"B-166131,B-867967,B-55633",,False,
W-743479,Swami Sachchidanandhari Sakshi ji Maharaj,Lok Sabha,Uttar Pradesh,UNNAO,V-548039,Other,2023-06-19,2023-07-06,12171405.92,10693386.64,54,"B-554112,B-546136,B-281164,B-385487,B-736847",,False,
W-917246,Swami Sachchidanandhari Sakshi ji Maharaj,Lok Sabha,Uttar Pradesh,UNNAO,V-981213,Other,2023-03-30,2023-04-26,40024461.27,30541092.91,81,"B-629903,B-129881,B-808919,B-395430",,False,
W-518243,Swami Sachchidanandhari Sakshi ji Maharaj,Lok Sabha,Uttar Pradesh,UNNAO,V-528284,Sanitation,2022-08-21,2022-09-08,12876339.28,8616775.12,47,"B-278653,B-368770,B-921882",,False,
W-316436,Swami Sachchidanandhari Sakshi ji Maharaj,Lok Sabha,Uttar Pradesh,UNNAO,V-376453,Sanitation,2022-09-28,2022-10-25,16200205.28,10652723.78,84,"B-114669,B-449193,B-848192,B-96661,B-811361",,False,
W-576053,Swami Sachchidanandhari Sakshi ji Maharaj,Lok Sabha,Uttar Pradesh,UNNAO,V-633621,Other,2024-05-29,2024-08-26,33832926.67,32098644.38,54,"B-169084,B-286623",,True,delayed_completion
W-311281,T Sumathy (A) Thamizhachi Thangapandian,Lok Sabha,Tamil Nadu,CHENNAI SOUTH,V-537717,Sanitation,2022-02-26,2022-03-12,26458022.68,23279871.73,39,"B-929481,B-499130",,False,
W-293575,T Sumathy (A) Thamizhachi Thangapandian,Lok Sabha,Tamil Nadu,CHENNAI SOUTH,V-470308,Water,2025-08-09,2025-09-06,40986500.31,37731166.55,41,"B-610191,B-768289,B-935683",,False,
W-326830,T Sumathy (A) Thamizhachi Thangapandian,Lok Sabha,Tamil Nadu,CHENNAI SOUTH,V-13167,Water,2021-12-10,2021-12-10,4657639.14,3690236.93,89,"B-251999,B-564228",,False,
W-518852,T Sumathy (A) Thamizhachi Thangapandian,Lok Sabha,Tamil Nadu,CHENNAI SOUTH,V-359274,Other,2023-07-07,2023-08-04,22577789.52,16620912.99,62,"B-368514,B-774287,B-584075,B-903314,B-980788",,False,
W-607760,T Sumathy (A) Thamizhachi Thangapandian,Lok Sabha,Tamil Nadu,CHENNAI SOUTH,V-5995,Sanitation,2021-11-26,2021-12-30,12496710.8,11870823.72,93,"B-368880,B-551248,B-849968,B-765257",,False,
W-759511,T Sumathy (A) Thamizhachi Thangapandian,Lok Sabha,Tamil Nadu,CHENNAI SOUTH,V-503417,Road,2025-08-21,2025-08-30,23154288.73,21218480.83,54,"B-940580,B-310992,B-860594,B-7801",,False,
W-581215,T Sumathy (A) Thamizhachi Thangapandian,Lok Sabha,Tamil Nadu,CHENNAI SOUTH,V-952666,Water,2022-06-26,2022-07-25,15934048.82,12340811.86,57,"B-231007,B-996213",,True,sanction_delay
W-468773,TANGELLA UDAY SRINIVAS,Lok Sabha,Andhra Pradesh,KAKINADA,V-194011,Other,2023-03-01,2023-03-26,34997742.33,25922789.99,49,"B-366714,B-760119,B-967005,B-195734,B-410536",,False,
W-739853,TANGELLA UDAY SRINIVAS,Lok Sabha,Andhra Pradesh,KAKINADA,V-823321,Education,2023-12-16,2023-12-17,38967887.69,31327266.22,50,"B-139781,B-832626,B-730996",,False,
W-830618,TANGELLA UDAY SRINIVAS,Lok Sabha,Andhra Pradesh,KAKINADA,V-393575,Health,2024-08-29,2024-10-01,124455167.3,108706369.57,78,"B-991026,B-985560,B-472698,B-891929,B-134532",,False,
W-530169,TANUJ PUNIA,Lok Sabha,Uttar Pradesh,BARABANKI(SC),V-653869,Sanitation,2024-01-24,2024-02-20,42395565.56,33373898.2,90,"B-281672,B-653357,B-410266",,False,
W-390408,TANUJ PUNIA,Lok Sabha,Uttar Pradesh,BARABANKI(SC),V-483276,Health,2024-12-14,2024-12-24,18857133.5,14541319.52,50,"B-766779,B-536972,B-18748,B-330890,B-735788",,False,
W-753645,TANUJ PUNIA,Lok Sabha,Uttar Pradesh,BARABANKI(SC),V-505378,Sanitation,2025-03-22,2025-04-16,29791215.46,21820877.53,58,"B-656686,B-436246,B-149303,B-472599",,False,
W-909610,TANUJ PUNIA,Lok Sabha,Uttar Pradesh,BARABANKI(SC),V-259781,Other,2022-11-03,2022-11-16,56413264.74,52926085.8,95,"B-203419,B-192926,B-103624",,False,
W-568838,TARIQ ANWAR,Lok Sabha,Bihar,KATIHAR,V-485468,Health,2023-08-19,2023-09-09,81676110.67,77670606.17,76,"B-956793,B-421238,B-613631,B-21590,B-79552",,False,
W-565715,TARIQ ANWAR,Lok Sabha,Bihar,KATIHAR,V-724629,Water,2025-07-08,2025-07-13,25472544.49,19172445.61,86,"B-466116,B-275901",,False,
W-469691,TARIQ ANWAR,Lok Sabha,Bihar,KATIHAR,V-356573,Health,2023-10-07,2023-10-24,31966433.67,28406631.47,85,"B-296445,B-827359,B-996289,B-508106",,False,
W-382746,TARIQ ANWAR,Lok Sabha,Bihar,KATIHAR,V-31207,Other,2022-06-23,2022-07-27,7149911.17,6725617.48,84,"B-137367,B-686857",,False,
W-443856,Thalikkottai Rajuthevar Baalu,Lok Sabha,Tamil Nadu,SRIPERUMBUDUR,V-394084,Health,2022-07-20,2022-08-02,8275470.17,7786802.49,52,"B-544278,B-856256,B-433472,B-620889",,False,
W-398910,Thalikkottai Rajuthevar Baalu,Lok Sabha,Tamil Nadu,SRIPERUMBUDUR,V-19254,Education,2025-07-01,2025-10-15,20916504.2,18817214.78,70,"B-686922,B-380527,B-174339,B-567999",,True,sanction_delay
W-811690,Thalikkottai Rajuthevar Baalu,Lok Sabha,Tamil Nadu,SRIPERUMBUDUR,V-397363,Health,2025-06-11,2025-07-07,24866560.55,22065753.6,38,"B-874494,B-174659,B-212331,B-255084",,False,
W-752181,Thalikkottai Rajuthevar Baalu,Lok Sabha,Tamil Nadu,SRIPERUMBUDUR,V-70736,Sanitation,2023-11-04,2023-11-21,10125740.78,8475847.88,82,"B-225964,B-964323,B-237285",,False,
W-196862,Thalikkottai Rajuthevar Baalu,Lok Sabha,Tamil Nadu,SRIPERUMBUDUR,V-438664,Road,2026-07-15,2026-07-28,35456676.1,26215016.29,67,"B-923386,B-347829,B-553659",,False,
W-630649,Thalikkottai Rajuthevar Baalu,Lok Sabha,Tamil Nadu,SRIPERUMBUDUR,V-280421,Sanitation,2023-12-02,2023-12-16,15238208.82,12818308.17,69,"B-100636,B-226703,B-935166",,False,
W-920833,Thalikkottai Rajuthevar Baalu,Lok Sabha,Tamil Nadu,SRIPERUMBUDUR,V-504313,Water,2023-08-27,2023-08-30,49220263.16,37515256.67,72,"B-623384,B-166603,B-675263",,False,
W-843359,Thalikkottai Rajuthevar Baalu,Lok Sabha,Tamil Nadu,SRIPERUMBUDUR,V-933739,Other,2025-05-13,2025-06-17,31821583.65,24179769.96,54,"B-255051,B-438501",,True,sanction_delay
W-836075,THANGA TAMILSELVAN,Lok Sabha,Tamil Nadu,THENI,V-563293,Road,2023-09-18,2023-09-19,72016498.95,68793120.65,50,"B-111738,B-209707,B-986149,B-786131",,False,
W-906847,THANGA TAMILSELVAN,Lok Sabha,Tamil Nadu,THENI,V-993487,Health,2022-02-26,2022-03-31,43388337.26,31662694.58,40,"B-45826,B-790306,B-764916",,False,
W-651679,THANGA TAMILSELVAN,Lok Sabha,Tamil Nadu,THENI,V-751647,Other,2022-05-30,2022-06-19,30860163.79,28847934.36,95,"B-154534,B-623068",,False,
W-448028,THARANIVENTHAN M S,Lok Sabha,Tamil Nadu,ARANI,V-812957,Road,2022-11-06,2022-11-20,18874173.51,12660722.75,66,"B-463390,B-897068,B-523616,B-431769,B-179162",,False,
W-250651,THARANIVENTHAN M S,Lok Sabha,Tamil Nadu,ARANI,V-78745,Health,2025-03-18,2025-03-18,23371343.67,20463086.42,53,"B-450556,B-949803,B-275591",,False,
W-736706,THARANIVENTHAN M S,Lok Sabha,Tamil Nadu,ARANI,V-386921,Other,2022-06-05,2022-06-21,42751796.21,31760920.12,51,"B-345493,B-813031,B-359220",,False,
W-688399,THARANIVENTHAN M S,Lok Sabha,Tamil Nadu,ARANI,V-831748,Education,2026-01-07,2026-02-07,82498125.34,71071708.12,88,"B-456133,B-744269,B-171962,B-163247,B-422545",,True,sanction_delay
W-744200,Thiru Dayanidhi Maran,Lok Sabha,Tamil Nadu,CHENNAI CENTRAL,V-640427,Water,2023-03-25,2023-03-25,2541242.32,2191482.69,45,"B-617282,B-915473",,False,
W-885214,Thiru Dayanidhi Maran,Lok Sabha,Tamil Nadu,CHENNAI CENTRAL,V-42240,Sanitation,2024-07-15,2024-07-29,17285234.81,16012226.09,69,"B-250480,B-637501",,False,
W-843020,Thiru Dayanidhi Maran,Lok Sabha,Tamil Nadu,CHENNAI CENTRAL,V-996197,Education,2023-10-12,2023-10-21,17507693.44,15125695.29,90,"B-200546,B-863500",,False,
W-605893,Thiru Dayanidhi Maran,Lok Sabha,Tamil Nadu,CHENNAI CENTRAL,V-397469,Sanitation,2025-09-11,2025-09-30,23221051.07,18512340.74,51,"B-349816,B-129018,B-41489",,False,
W-137921,Thiru Dayanidhi Maran,Lok Sabha,Tamil Nadu,CHENNAI CENTRAL,V-358231,Other,2024-02-04,2024-03-07,67416503.86,52808288.98,38,"B-844958,B-90874,B-382691,B-984850,B-704908",,False,
W-670550,Thiru Dayanidhi Maran,Lok Sabha,Tamil Nadu,CHENNAI CENTRAL,V-471500,Sanitation,2022-12-05,2022-12-25,1324555.9,1233208.61,80,"B-25963,B-197032,B-595096",,False,
W-708254,Thiru Dayanidhi Maran,Lok Sabha,Tamil Nadu,CHENNAI CENTRAL,V-53696,Sanitation,2025-09-23,2025-10-27,16968718.6,13819759.73,92,"B-823933,B-271111,B-893148,B-956520",,False,
W-443027,Thirumaa Valavan Thol,Lok Sabha,Tamil Nadu,CHIDAMBARAM(SC),V-851065,Other,2022-12-03,2022-12-10,44224301.0,35895085.95,86,"B-73814,B-558330,B-444723,B-722462",,False,
W-316867,Thirumaa Valavan Thol,Lok Sabha,Tamil Nadu,CHIDAMBARAM(SC),V-823827,Sanitation,2026-08-15,2026-09-12,6116357.65,4906092.52,62,"B-391111,B-171414",,False,
W-566179,Thirumaa Valavan Thol,Lok Sabha,Tamil Nadu,CHIDAMBARAM(SC),V-289731,Road,2024-04-05,2023-12-16,5548862.35,5141153.09,37,"B-488477,B-77491,B-906501,B-469169",,True,delayed_completion
W-891462,Thirumaa Valavan Thol,Lok Sabha,Tamil Nadu,CHIDAMBARAM(SC),V-102355,Sanitation,2022-07-21,2022-08-01,6391047.8,6096550.96,68,"B-429963,B-190259",,False,
W-865906,Thirumaa Valavan Thol,Lok Sabha,Tamil Nadu,CHIDAMBARAM(SC),V-18415,Water,2024-04-24,2024-05-05,39004042.74,30979134.43,84,"B-644963,B-308557,B-516121,B-370335",,False,
W-372452,Thirumaa Valavan Thol,Lok Sabha,Tamil Nadu,CHIDAMBARAM(SC),V-678891,Other,2024-12-19,2025-01-17,44980388.45,30106496.57,44,"B-783889,B-722719,B-439001,B-936385,B-411371",,False,
W-886516,TOKHAN SAHU,Lok Sabha,Chhattisgarh,BILASPUR,V-478509,Sanitation,2022-12-14,2022-12-30,20706896.0,19353267.34,79,"B-861990,B-189528",,False,
W-635176,TOKHAN SAHU,Lok Sabha,Chhattisgarh,BILASPUR,V-958135,Road,2024-11-18,2024-12-17,27637593.08,26771465.92,81,"B-392726,B-261582",,False,
W-838827,TOKHAN SAHU,Lok Sabha,Chhattisgarh,BILASPUR,V-713913,Road,2022-12-11,2023-01-13,7788686.93,7103357.0,48,"B-632895,B-462631,B-847791,B-427397",,False,
W-328696,TOKHAN SAHU,Lok Sabha,Chhattisgarh,BILASPUR,V-814781,Health,2023-09-28,2023-11-01,51060128.27,37704133.92,40,"B-155148,B-419439,B-234741,B-403722",,False,
W-728958,TOKHAN SAHU,Lok Sabha,Chhattisgarh,BILASPUR,V-210332,Water,2026-06-02,2026-06-12,39071695.72,36713015.88,54,"B-926624,B-834313",,False,
W-890332,TRIVENDRA SINGH RAWAT,Lok Sabha,Uttarakhand,HARDWAR,V-58094,Sanitation,2023-05-22,2023-06-23,36170865.27,26118743.61,58,"B-406453,B-495114,B-76074,B-442165,B-981407",,False,
W-727518,TRIVENDRA SINGH RAWAT,Lok Sabha,Uttarakhand,HARDWAR,V-DUP-005,Health,2021-10-06,2021-10-13,23523524.85,16820369.95,63,"B-958214,B-612736,B-900799",,True,duplicate_vendor
W-640057,TRIVENDRA SINGH RAWAT,Lok Sabha,Uttarakhand,HARDWAR,V-381691,Health,2022-04-28,2022-05-31,37459619.15,31585956.02,57,"B-14122,B-544114,B-745154,B-676968",,False,
W-529661,TRIVENDRA SINGH RAWAT,Lok Sabha,Uttarakhand,HARDWAR,V-982895,Other,2023-05-22,2023-05-22,11964671.75,8000572.81,47,"B-589429,B-148618",,False,
W-772620,TRIVENDRA SINGH RAWAT,Lok Sabha,Uttarakhand,HARDWAR,V-504892,Health,2022-04-14,2022-05-12,17609867.17,12822822.01,77,"B-953867,B-950150,B-310912",,False,
W-377496,TRIVENDRA SINGH RAWAT,Lok Sabha,Uttarakhand,HARDWAR,V-978066,Water,2025-04-30,2025-05-21,19536451.81,16463464.15,41,"B-675699,B-442282,B-121056",,False,
W-827760,UJJWAL RAMAN SINGH,Lok Sabha,Uttar Pradesh,ALLAHABAD,V-204743,Road,2026-03-04,2026-04-01,15713337.48,12359502.22,62,"B-426683,B-145413,B-820806,B-284147",,False,
W-106214,UJJWAL RAMAN SINGH,Lok Sabha,Uttar Pradesh,ALLAHABAD,V-588219,Other,2023-11-09,2023-12-13,59769448.0,50908663.5,67,"B-445960,B-735909,B-273368",,False,
W-864541,UJJWAL RAMAN SINGH,Lok Sabha,Uttar Pradesh,ALLAHABAD,V-198557,Water,2021-10-11,2021-11-05,25282869.62,22210223.82,39,"B-346908,B-406389,B-144508,B-835124,B-70593,B-DUP-013",,True,duplicate_beneficiary
W-342509,UJJWAL RAMAN SINGH,Lok Sabha,Uttar Pradesh,ALLAHABAD,V-153486,Health,2025-05-28,2025-07-01,45499344.9,42257313.54,85,"B-832001,B-651716,B-319942",,False,
W-824061,UMMEDA RAM BENIWAL,Lok Sabha,Rajasthan,BARMER,V-755894,Water,2026-07-07,2026-07-13,25104665.45,22487855.15,47,"B-136130,B-836988,B-66006,B-543784",,False,
W-360356,UMMEDA RAM BENIWAL,Lok Sabha,Rajasthan,BARMER,V-992887,Other,2025-11-09,2025-11-27,10544500.94,7399259.08,59,"B-393935,B-727448,B-714917,B-770865",,False,
W-856547,UMMEDA RAM BENIWAL,Lok Sabha,Rajasthan,BARMER,V-388533,Education,2024-08-09,2024-08-12,6218026.5,4738091.23,47,"B-721315,B-211071,B-181738",,False,
W-239261,UMMEDA RAM BENIWAL,Lok Sabha,Rajasthan,BARMER,V-265270,Education,2021-12-24,2022-01-23,29542195.44,23253710.33,58,"B-879224,B-271146,B-199436,B-864009",,False,
W-886135,UMMEDA RAM BENIWAL,Lok Sabha,Rajasthan,BARMER,V-932622,Water,2024-01-05,2024-02-04,27801296.63,21976942.08,38,"B-484385,B-614354,B-150158,B-945963,B-378441",,False,
W-762397,UMMEDA RAM BENIWAL,Lok Sabha,Rajasthan,BARMER,V-904987,Education,2026-07-29,2026-08-02,47054315.04,36250561.58,82,"B-996743,B-139077",,False,
W-714434,UTKARSH VERMA MADHUR,Lok Sabha,Uttar Pradesh,KHERI,V-938002,Health,2025-09-14,2025-10-11,40157698.96,39191544.62,51,"B-255209,B-443354,B-579974,B-506475,B-948341",,False,
W-369660,UTKARSH VERMA MADHUR,Lok Sabha,Uttar Pradesh,KHERI,V-473369,Education,2025-09-02,2025-10-05,71574009.99,47348871.46,57,"B-792586,B-318253,B-627342,B-958004",,False,
W-360777,UTKARSH VERMA MADHUR,Lok Sabha,Uttar Pradesh,KHERI,V-458374,Water,2022-02-09,2022-02-17,34533291.05,27947425.86,84,"B-188548,B-94030,B-994278,B-787116,B-947427",,False,
W-509920,V S Matheswaran,Lok Sabha,Tamil Nadu,NAMAKKAL,V-628213,Road,2023-05-17,2023-06-07,11863795.81,8014368.28,74,"B-923692,B-471282",,False,
W-511351,V S Matheswaran,Lok Sabha,Tamil Nadu,NAMAKKAL,V-288946,Other,2026-08-04,2026-08-06,8901188.2,6147845.99,60,"B-637793,B-618800,B-65948",,False,
W-698339,V S Matheswaran,Lok Sabha,Tamil Nadu,NAMAKKAL,V-457090,Health,2024-09-27,2024-10-26,27418076.5,20915899.53,91,"B-976567,B-645644,B-692136",,False,
W-681058,V S Matheswaran,Lok Sabha,Tamil Nadu,NAMAKKAL,V-676480,Road,2023-06-01,2023-06-22,27987533.55,20982468.3,70,"B-153091,B-859345,B-209625",,False,
W-919561,V S Matheswaran,Lok Sabha,Tamil Nadu,NAMAKKAL,V-417709,Road,2022-07-15,2022-07-28,25814196.52,19691625.89,90,"B-712464,B-945191,B-103935",,False,
W-695481,V S Matheswaran,Lok Sabha,Tamil Nadu,NAMAKKAL,V-638189,Health,2024-08-07,2024-08-07,19179155.74,18075702.59,89,"B-129239,B-951841,B-842356,B-574814,B-820710",,False,
W-648763,V S Matheswaran,Lok Sabha,Tamil Nadu,NAMAKKAL,V-384801,Road,2025-05-22,2025-06-21,15172881.99,9891125.15,40,"B-611743,B-358236,B-839626,B-411797,B-304018",,False,
W-542794,V S Matheswaran,Lok Sabha,Tamil Nadu,NAMAKKAL,V-573455,Health,2024-06-09,2024-06-29,25390402.14,17292837.22,40,"B-406737,B-613458,B-893142,B-28990,B-339876",,False,
W-170305,V. SOMANNA,Lok Sabha,Karnataka,TUMKUR,V-351214,Sanitation,2024-06-11,2024-07-14,15307910.4,14524788.38,91,"B-916555,B-837832,B-738985,B-853566,B-283192",,False,
W-205008,V. SOMANNA,Lok Sabha,Karnataka,TUMKUR,V-498964,Health,2023-08-09,2023-09-09,21639269.5,20674965.95,55,"B-40342,B-83789,B-122310,B-329022",,False,
W-641828,V. SOMANNA,Lok Sabha,Karnataka,TUMKUR,V-166050,Road,2023-08-10,2023-08-17,27488050.23,21802506.81,45,"B-998288,B-886243,B-926223,B-887119,B-353508",,False,
W-527467,V. SOMANNA,Lok Sabha,Karnataka,TUMKUR,V-890869,Water,2024-06-09,2024-06-14,40833656.3,38740916.49,72,"B-868553,B-232181",,False,
W-180040,V. SOMANNA,Lok Sabha,Karnataka,TUMKUR,V-789552,Education,2022-09-19,2022-10-22,19634367.36,15503966.6,68,"B-583219,B-481636,B-388128,B-606300,B-550658",,False,
W-595036,V. SOMANNA,Lok Sabha,Karnataka,TUMKUR,V-774333,Sanitation,2026-08-27,2026-09-13,21361746.21,14227663.42,41,"B-686620,B-402894,B-331320",,False,
W-613155,Vaithilingam Ve,Lok Sabha,Puducherry,Puducherry,V-495288,Sanitation,2022-05-12,2022-05-18,26256974.29,23254994.71,51,"B-203164,B-120076",,False,
W-171593,Vaithilingam Ve,Lok Sabha,Puducherry,Puducherry,V-260041,Sanitation,2022-02-01,2022-02-10,12143367.89,11491996.28,56,"B-155029,B-857922,B-283976,B-400235",,False,
W-498672,Vaithilingam Ve,Lok Sabha,Puducherry,Puducherry,V-878635,Water,2024-07-10,2024-08-11,23746941.43,22345990.69,82,"B-103592,B-184174,B-281567",,False,
W-841632,Vaithilingam Ve,Lok Sabha,Puducherry,Puducherry,V-409425,Sanitation,2025-02-11,2025-03-05,59633412.36,46214080.16,49,"B-948759,B-328953,B-47476,B-534446",,False,
W-296967,Vaithilingam Ve,Lok Sabha,Puducherry,Puducherry,V-607435,Road,2022-07-28,2022-03-23,26049308.26,16943374.86,49,"B-366295,B-58459",,True,delayed_completion
W-146191,Vaithilingam Ve,Lok Sabha,Puducherry,Puducherry,V-332601,Other,2025-06-23,2025-07-19,60492123.01,40996826.3,95,"B-719215,B-764099,B-159021,B-270733",,False,
W-281259,VAMSI KRISHNA GADDAM,Lok Sabha,Telangana,PEDDAPALLE,V-156071,Other,2024-10-13,2024-10-17,60563843.69,40260265.47,88,"B-81084,B-255937,B-820127,B-822331,B-311035",,False,
W-823027,VAMSI KRISHNA GADDAM,Lok Sabha,Telangana,PEDDAPALLE,V-269693,Sanitation,2024-10-31,2024-11-28,10687362.13,9409437.44,43,"B-518280,B-546669,B-393106,B-243769,B-509715",,False,
W-472385,VAMSI KRISHNA GADDAM,Lok Sabha,Telangana,PEDDAPALLE,V-43624,Education,2022-10-09,2022-11-10,7682243.5,5535532.75,78,"B-691488,B-851615,B-733100,B-218821,B-830246",,False,
W-682435,VAMSI KRISHNA GADDAM,Lok Sabha,Telangana,PEDDAPALLE,V-798242,Health,2023-11-03,2023-12-14,7731632.2,5458656.28,78,"B-549458,B-98962",,False,
W-737426,VAMSI KRISHNA GADDAM,Lok Sabha,Telangana,PEDDAPALLE,V-506312,Health,2022-08-16,2022-09-15,2122041.52,1872164.26,55,"B-773244,B-607827,B-682986,B-252605",,False,
W-559995,VAMSI KRISHNA GADDAM,Lok Sabha,Telangana,PEDDAPALLE,V-412414,Sanitation,2022-01-24,2022-01-31,33964043.0,30264624.37,72,"B-121082,B-631081,B-271219,B-399298,B-778912",,False,
W-804597,VAMSI KRISHNA GADDAM,Lok Sabha,Telangana,PEDDAPALLE,V-175374,Sanitation,2021-11-13,2021-11-14,24958296.46,16886040.22,90,"B-262004,B-91653,B-175822,B-178215",,False,
W-247756,VARUN CHAUDHRY,Lok Sabha,Haryana,AMBALA (SC),V-846865,Education,2022-03-09,2022-03-13,8595374.16,6154778.19,72,"B-822244,B-861697,B-623183",,False,
W-836402,VARUN CHAUDHRY,Lok Sabha,Haryana,AMBALA (SC),V-987169,Other,2023-04-19,2023-05-21,59816830.09,45322940.29,91,"B-628600,B-322520",,False,
W-890845,VARUN CHAUDHRY,Lok Sabha,Haryana,AMBALA (SC),V-295015,Health,2022-10-23,2022-10-27,29604861.74,19557466.12,43,"B-648384,B-157478,B-870841",,False,
W-819413,VARUN CHAUDHRY,Lok Sabha,Haryana,AMBALA (SC),V-821695,Road,2022-06-05,2022-07-02,68120305.78,54403860.38,63,"B-774954,B-686567,B-649198,B-273564,B-982920",,False,
W-740828,VARUN CHAUDHRY,Lok Sabha,Haryana,AMBALA (SC),V-849459,Other,2026-05-05,2026-05-06,28058023.38,22586948.58,82,"B-467600,B-450680,B-283354,B-836860,B-813174",,False,
W-977481,VARUN CHAUDHRY,Lok Sabha,Haryana,AMBALA (SC),V-621545,Sanitation,2022-02-22,2022-01-18,59981597.53,55868804.98,69,"B-607284,B-142065,B-863975",,True,delayed_completion
W-597558,Vellalath Kochukrishnan Nair Sreekandan,Lok Sabha,Kerala,PALAKKAD,V-DUP-013,Health,2021-10-04,2021-10-19,19636532.68,19238118.99,74,"B-389144,B-385716",,True,duplicate_vendor
W-216420,Vellalath Kochukrishnan Nair Sreekandan,Lok Sabha,Kerala,PALAKKAD,V-152831,Water,2026-03-27,2026-04-13,26321965.43,25015208.83,63,"B-764773,B-978650",,False,
W-558163,Vellalath Kochukrishnan Nair Sreekandan,Lok Sabha,Kerala,PALAKKAD,V-DUP-014,Road,2021-10-09,2021-10-27,73604574.29,59700033.25,91,"B-749079,B-889607,B-700358,B-349472,B-846799",,True,duplicate_vendor
W-355854,Vellalath Kochukrishnan Nair Sreekandan,Lok Sabha,Kerala,PALAKKAD,V-236116,Other,2024-02-19,2024-02-24,47405877.76,41317717.73,72,"B-784007,B-774637,B-917660,B-671686",,False,
W-222392,Vijay Baghel,Lok Sabha,Chhattisgarh,DURG,V-692739,Water,2026-01-06,2026-01-16,32904568.37,34584730.26,67,"B-841287,B-150203,B-98947,B-174728,B-538426",,False,
W-343200,Vijay Baghel,Lok Sabha,Chhattisgarh,DURG,V-339311,Road,2022-08-21,2022-09-23,15705586.33,13462202.59,72,"B-66017,B-834206,B-973749,B-342181,B-388148",,False,
W-882351,Vijay Baghel,Lok Sabha,Chhattisgarh,DURG,V-978787,Health,2023-03-24,2023-04-23,25920711.22,18712573.64,74,B-DUP-001,,True,duplicate_beneficiary
W-929885,Vijay Baghel,Lok Sabha,Chhattisgarh,DURG,V-755467,Road,2022-01-29,2022-02-05,16670283.65,11364950.82,79,"B-209186,B-61401,B-103520,B-681771",,False,
W-224023,Vijay Baghel,Lok Sabha,Chhattisgarh,DURG,V-113205,Water,2025-12-31,2026-01-09,34534769.81,32851631.79,42,"B-895838,B-175834,B-746183,B-142377",,False,
W-819486,Vijay Baghel,Lok Sabha,Chhattisgarh,DURG,V-458916,Water,2025-05-08,2025-05-20,12971527.72,12646349.79,70,"B-276400,B-460548,B-386180,B-581996,B-513271",,False,
W-693234,Vijay Baghel,Lok Sabha,Chhattisgarh,DURG,V-928476,Sanitation,2024-08-17,2024-09-13,7557552.9,6886862.5,50,"B-122850,B-369437,B-656926,B-350319,B-553518",,False,
W-970265,Vijay Kumar Dubey,Lok Sabha,Uttar Pradesh,KUSHI NAGAR,V-DUP-008,Health,2021-10-02,2021-10-25,17742425.36,14558404.93,53,"B-328428,B-771945,B-306751,B-738202",,False,
W-433328,Vijay Kumar Dubey,Lok Sabha,Uttar Pradesh,KUSHI NAGAR,V-742762,Other,2024-08-01,2024-08-30,30376872.08,27590645.4,42,"B-171601,B-489151,B-393082",,True,sanction_delay
W-630414,Vijay Kumar Dubey,Lok Sabha,Uttar Pradesh,KUSHI NAGAR,V-353821,Sanitation,2023-03-28,2023-01-04,23063136.81,20057018.87,15,"B-923645,B-183326",,True,delayed_completion
W-646692,Vijay Kumar Dubey,Lok Sabha,Uttar Pradesh,KUSHI NAGAR,V-259260,Road,2024-02-10,2024-02-12,24432374.9,23819907.67,51,"B-174386,B-185936",,False,
W-461906,Vijay Kumar Dubey,Lok Sabha,Uttar Pradesh,KUSHI NAGAR,V-550700,Other,2022-06-01,2022-06-21,9947686.92,7257295.49,54,"B-525055,B-218843",,False,
W-567991,Vijay Kumar Dubey,Lok Sabha,Uttar Pradesh,KUSHI NAGAR,V-733734,Water,2025-10-09,2025-10-14,9694571.36,7017347.34,64,"B-537870,B-633675,B-839047",,False,
W-711425,Vijay Kumar Dubey,Lok Sabha,Uttar Pradesh,KUSHI NAGAR,V-439810,Health,2026-05-25,2026-06-24,27662344.39,18926949.01,39,"B-261709,B-485713,B-971885,B-211818,B-208760",,False,
W-284160,Vijay Kumar Dubey,Lok Sabha,Uttar Pradesh,KUSHI NAGAR,V-87462,Water,2023-07-29,2023-08-27,5236088.18,3962072.25,82,"B-907813,B-584032,B-549381",,False,
W-611110,Vijay Kumar Hansdak,Lok Sabha,Jharkhand,RAJMAHAL(ST),V-428530,Water,2024-02-08,2024-03-11,16874037.48,11728239.0,39,"B-169727,B-846619,B-698639,B-821466",,False,
W-343133,Vijay Kumar Hansdak,Lok Sabha,Jharkhand,RAJMAHAL(ST),V-809104,Health,2025-09-21,2025-09-27,34463123.89,25550946.5,72,"B-268370,B-90134,B-244758,B-666705",,False,
W-714468,Vijay Kumar Hansdak,Lok Sabha,Jharkhand,RAJMAHAL(ST),V-672588,Health,2022-03-21,2022-04-15,18236868.26,16196035.85,90,"B-41331,B-12116,B-857139,B-668048,B-740854",,False,
W-405303,Vijay Kumar Hansdak,Lok Sabha,Jharkhand,RAJMAHAL(ST),V-449351,Education,2023-03-03,2023-03-22,13991714.29,13371784.46,93,"B-379876,B-949322,B-2739,B-917839,B-278592",,False,
W-136817,Vijay Kumar Hansdak,Lok Sabha,Jharkhand,RAJMAHAL(ST),V-949535,Sanitation,2025-08-23,2025-09-21,62922093.4,45665182.98,51,"B-126471,B-298866,B-197258,B-793404",,False,
W-132193,VIJAYLAKSHMI DEVI,Lok Sabha,Bihar,SIWAN,V-142302,Sanitation,2023-03-17,2023-04-03,14954517.79,12734987.94,43,"B-952937,B-502426,B-27479,B-394983,B-619390",,False,
W-729775,VIJAYLAKSHMI DEVI,Lok Sabha,Bihar,SIWAN,V-155038,Health,2021-12-31,2022-01-02,68217391.88,61191931.84,94,"B-498811,B-513510,B-444111,B-38649,B-829022",,False,
W-595634,VIJAYLAKSHMI DEVI,Lok Sabha,Bihar,SIWAN,V-471790,Other,2023-08-31,2023-09-04,36207385.57,39178056.42,71,"B-391283,B-541015,B-286332,B-75779,B-237937",,False,
W-640723,VIJAYLAKSHMI DEVI,Lok Sabha,Bihar,SIWAN,V-204052,Health,2022-03-09,2022-03-14,18998384.09,15280248.01,78,"B-750172,B-61600,B-167740,B-850503",,False,
W-568546,VIJAYLAKSHMI DEVI,Lok Sabha,Bihar,SIWAN,V-111483,Water,2025-09-18,2025-10-16,7887320.67,7308668.37,37,"B-299080,B-776677,B-285318,B-879038",,False,
W-263693,Vinod Chavda,Lok Sabha,Gujarat,KACHCHH(SC),V-431091,Education,2023-05-19,2023-06-19,10989702.1,11665251.92,99,"B-919082,B-409423,B-119776,B-107825",,True,cost_overrun
W-384622,Vinod Chavda,Lok Sabha,Gujarat,KACHCHH(SC),V-530922,Sanitation,2025-04-26,2025-04-29,57932430.86,45995627.55,86,"B-952188,B-225006,B-895166,B-325245",,False,
W-689472,Vinod Chavda,Lok Sabha,Gujarat,KACHCHH(SC),V-978826,Other,2023-02-24,2023-02-26,5871838.24,4032675.53,88,"B-100177,B-781762,B-195213,B-450093,B-223256",,False,
W-293605,Vinod Chavda,Lok Sabha,Gujarat,KACHCHH(SC),V-409710,Other,2022-07-26,2022-08-06,20103965.51,15387810.84,84,"B-538197,B-65282,B-622383",,False,
W-997409,Vinod Chavda,Lok Sabha,Gujarat,KACHCHH(SC),V-952278,Health,2022-11-25,2022-12-17,22125894.02,23978427.58,97,"B-427012,B-156257,B-7798,B-90560,B-14213",,True,cost_overrun
W-939655,Vinod Chavda,Lok Sabha,Gujarat,KACHCHH(SC),V-144334,Water,2021-12-09,2021-12-26,18374118.32,12036651.07,74,"B-969909,B-890937,B-809769",,False,
W-224306,Vinod Chavda,Lok Sabha,Gujarat,KACHCHH(SC),V-702152,Water,2023-06-03,2023-06-04,10867050.95,10028543.93,92,"B-374170,B-281076",,False,
W-666750,VINOD KUMAR BIND,Lok Sabha,Uttar Pradesh,BHADOHI,V-270591,Water,2023-09-19,2023-10-19,25329043.04,22485398.77,70,"B-998668,B-214725,B-873273,B-965448,B-493768",,False,
W-472225,VINOD KUMAR BIND,Lok Sabha,Uttar Pradesh,BHADOHI,V-1227,Road,2023-02-22,2023-03-24,61361008.03,57384746.47,73,"B-834799,B-172918,B-402333",,False,
W-412942,VINOD KUMAR BIND,Lok Sabha,Uttar Pradesh,BHADOHI,V-212959,Sanitation,2022-04-17,2022-07-15,59574948.93,52890239.31,54,"B-177755,B-415378,B-18850",,False,
W-697687,Virendra Kumar,Lok Sabha,Madhya Pradesh,TIKAMGARH(SC),V-926933,Water,2022-09-02,2022-09-26,29934035.57,21248563.75,75,"B-761289,B-206095,B-940485,B-48947,B-65798",,False,
W-480341,Virendra Kumar,Lok Sabha,Madhya Pradesh,TIKAMGARH(SC),V-701297,Other,2023-05-28,2023-06-13,11897250.48,9868442.46,76,"B-522048,B-787660,B-172429,B-700278,B-974229",,False,
W-276719,Virendra Kumar,Lok Sabha,Madhya Pradesh,TIKAMGARH(SC),V-546822,Road,2026-08-27,2026-09-18,41114014.92,34709513.69,40,"B-233730,B-976584",,False,
W-456295,Virendra Kumar,Lok Sabha,Madhya Pradesh,TIKAMGARH(SC),V-999764,Health,2022-05-22,2022-05-28,50051469.6,32972235.9,83,"B-616964,B-711187,B-399613",,True,duplicate_vendor
W-613679,Virendra Kumar,Lok Sabha,Madhya Pradesh,TIKAMGARH(SC),V-26301,Education,2022-09-02,2022-09-14,13268229.43,10946407.68,74,"B-775534,B-110988,B-271984,B-4090",,False,
W-537637,VIRENDRA SINGH,Lok Sabha,Uttar Pradesh,CHANDAULI,V-755994,Water,2023-07-25,2023-08-21,10616596.18,9261514.85,80,"B-232767,B-149405,B-462036",,False,
W-506808,VIRENDRA SINGH,Lok Sabha,Uttar Pradesh,CHANDAULI,V-348951,Water,2022-06-19,2022-06-22,12290507.01,10037011.16,80,"B-556298,B-788864,B-368540,B-631998,B-559516",,False,
W-836939,VIRENDRA SINGH,Lok Sabha,Uttar Pradesh,CHANDAULI,V-509296,Education,2024-08-10,2024-08-29,5383140.18,4594716.35,83,"B-511583,B-912955",,False,
W-351644,VIRENDRA SINGH,Lok Sabha,Uttar Pradesh,CHANDAULI,V-594986,Health,2022-08-02,2022-08-31,28249387.43,23441154.08,82,"B-463857,B-358477,B-643289,B-569046",,False,
W-843152,VIRENDRA SINGH,Lok Sabha,Uttar Pradesh,CHANDAULI,V-642661,Other,2021-11-18,2021-12-17,7447844.11,5721447.99,84,"B-346326,B-77776,B-677704",,False,
W-637585,VIRENDRA SINGH,Lok Sabha,Uttar Pradesh,CHANDAULI,V-129231,Education,2022-08-08,2022-08-22,69319094.84,65535481.9,93,"B-275580,B-456996,B-994420,B-433490",,False,
W-231883,VIRENDRA SINGH,Lok Sabha,Uttar Pradesh,CHANDAULI,V-686454,Water,2023-12-22,2023-12-27,9693176.74,7466254.41,51,"B-968273,B-861838,B-200037,B-670103",,False,
W-107766,VIRENDRA SINGH,Lok Sabha,Uttar Pradesh,CHANDAULI,V-565827,Other,2025-11-28,2025-12-09,3265253.51,2986963.4,91,"B-9803,B-615901",,False,
W-535910,VISHAL,Lok Sabha,Maharashtra,SANGLI,V-872972,Sanitation,2024-01-02,2024-01-04,22988860.78,18684987.29,79,"B-782457,B-253950",,False,
W-646996,VISHAL,Lok Sabha,Maharashtra,SANGLI,V-550870,Sanitation,2023-04-22,2023-05-03,41684980.39,30909711.35,91,"B-745721,B-161226,B-474776,B-344597",,False,
W-553486,VISHAL,Lok Sabha,Maharashtra,SANGLI,V-791722,Education,2026-03-13,2026-03-28,24627559.83,18441506.05,83,"B-538449,B-261490,B-671612,B-438204,B-970686",,False,
W-676062,VISHAL,Lok Sabha,Maharashtra,SANGLI,V-383875,Other,2023-04-30,2023-05-03,56963599.0,51432377.31,57,"B-379027,B-786516",,False,
W-871999,Vishnu Dayal Ram,Lok Sabha,Jharkhand,PALAMU(SC),V-39277,Other,2023-08-15,2023-08-16,53227287.93,43351159.1,89,"B-177244,B-650726,B-120169",,False,
W-858817,Vishnu Dayal Ram,Lok Sabha,Jharkhand,PALAMU(SC),V-952566,Health,2022-11-15,2022-11-16,6509604.83,5905978.48,81,"B-719237,B-321092,B-388557,B-610748",,False,
W-512820,Vishnu Dayal Ram,Lok Sabha,Jharkhand,PALAMU(SC),V-236312,Other,2022-04-13,2022-05-17,29805739.04,23449954.1,86,"B-496060,B-510238,B-449872,B-452583",,False,
W-754763,Vishnu Dayal Ram,Lok Sabha,Jharkhand,PALAMU(SC),V-300706,Health,2022-12-01,2022-12-28,67842570.89,46738598.1,64,"B-5281,B-717490",,False,
W-909819,Vishnu Dutt Sharma,Lok Sabha,Madhya Pradesh,KHAJURAHO,V-DUP-009,Health,2021-10-25,2021-10-25,2442045.33,1665673.82,60,"B-493817,B-414647,B-618693",,False,
W-351174,Vishnu Dutt Sharma,Lok Sabha,Madhya Pradesh,KHAJURAHO,V-118192,Health,2023-11-06,2023-12-02,27083633.8,26028600.63,51,"B-655528,B-622714,B-683567,B-135943",,False,
W-487408,Vishnu Dutt Sharma,Lok Sabha,Madhya Pradesh,KHAJURAHO,V-351372,Water,2025-01-10,2025-01-22,9509044.77,14190182.44,96,"B-75701,B-281212,B-517451,B-988470",,True,cost_overrun
W-211862,Vishnu Dutt Sharma,Lok Sabha,Madhya Pradesh,KHAJURAHO,V-193555,Health,2022-06-09,2022-06-22,47342718.06,44976247.32,49,"B-248837,B-563775,B-581337",,False,
W-252679,Vishnu Dutt Sharma,Lok Sabha,Madhya Pradesh,KHAJURAHO,V-510845,Education,2023-04-09,2023-05-05,20989147.13,19518006.77,40,"B-540070,B-159693",,False,
W-379240,Vishnu Dutt Sharma,Lok Sabha,Madhya Pradesh,KHAJURAHO,V-556327,Education,2024-02-14,2021-01-01,20992081.26,19835979.17,67,"B-84777,B-555947,B-33063",,True,delayed_completion
W-443274,Vishnu Dutt Sharma,Lok Sabha,Madhya Pradesh,KHAJURAHO,V-205400,Sanitation,2024-03-01,2024-03-20,17906329.65,16798363.02,40,"B-126042,B-411939",,False,
W-461348,VISHWESHWAR HEGDE KAGERI,Lok Sabha,Karnataka,UTTARA KANNADA,V-DUP-001,Other,2021-09-06,2021-09-08,17634363.69,12682022.9,45,"B-253006,B-787365,B-4267,B-121241,B-634116",,True,duplicate_vendor
W-723880,VISHWESHWAR HEGDE KAGERI,Lok Sabha,Karnataka,UTTARA KANNADA,V-956478,Education,2026-01-05,2026-02-06,47806220.37,33245817.03,50,"B-380303,B-65666,B-618348,B-930968,B-470518",,False,
W-384874,VISHWESHWAR HEGDE KAGERI,Lok Sabha,Karnataka,UTTARA KANNADA,V-466981,Health,2026-04-13,2026-06-02,10798233.09,9460747.33,61,"B-500445,B-304445,B-876965,B-173241,B-8342",,False,
W-535785,VISHWESHWAR HEGDE KAGERI,Lok Sabha,Karnataka,UTTARA KANNADA,V-988006,Water,2023-10-13,2020-03-03,35145938.59,29940871.45,29,"B-652881,B-809654,B-904987,B-453840,B-783567",,False,
W-330250,VISHWESHWAR HEGDE KAGERI,Lok Sabha,Karnataka,UTTARA KANNADA,V-271995,Health,2023-12-17,2023-12-21,34880244.26,25460145.51,47,"B-648723,B-508117,B-327273,B-301848",,False,
W-855728,VIVEK THAKUR,Lok Sabha,Bihar,NAWADA,V-825647,Sanitation,2023-09-11,2023-09-30,7646888.88,7330998.86,59,"B-334047,B-357871,B-302961,B-514061,B-490223",,False,
W-232774,VIVEK THAKUR,Lok Sabha,Bihar,NAWADA,V-808969,Other,2025-09-29,2025-10-19,68964538.02,54341518.28,37,"B-153552,B-439636,B-525529,B-557388",,False,
W-430633,VIVEK THAKUR,Lok Sabha,Bihar,NAWADA,V-967788,Water,2025-05-02,2025-06-03,26019962.95,31729069.08,75,"B-433458,B-173558",,True,cost_overrun
W-739102,VIVEK THAKUR,Lok Sabha,Bihar,NAWADA,V-937113,Sanitation,2025-04-16,2025-05-12,24835152.5,16228732.08,42,"B-704733,B-687966,B-802272,B-212002,B-817885",,True,sanction_delay
W-501104,VIVEK THAKUR,Lok Sabha,Bihar,NAWADA,V-761517,Health,2022-10-12,2022-10-14,18798457.65,12880392.43,81,"B-87957,B-288831,B-276581,B-135326,B-360402",,False,
W-483151,Y S Avinash Reddy,Lok Sabha,Andhra Pradesh,KADAPA,V-110121,Sanitation,2024-11-17,2024-11-24,22492365.51,15444319.73,38,"B-489917,B-769804,B-524850,B-132289,B-460615",,False,
W-667743,Y S Avinash Reddy,Lok Sabha,Andhra Pradesh,KADAPA,V-947586,Road,2026-07-16,2026-07-27,40743487.25,37667972.44,71,"B-579958,B-551788,B-335597,B-68219,B-926981",,False,
W-930856,Y S Avinash Reddy,Lok Sabha,Andhra Pradesh,KADAPA,V-724755,Education,2025-12-30,2026-01-07,59454022.14,45972508.29,40,"B-564932,B-454916,B-73656,B-141692,B-142702",,False,
W-643410,Y S Avinash Reddy,Lok Sabha,Andhra Pradesh,KADAPA,V-150007,Education,2022-11-09,2022-12-05,8625515.62,7462882.69,74,"B-212206,B-214072,B-447869",,False,
W-697923,Y S Avinash Reddy,Lok Sabha,Andhra Pradesh,KADAPA,V-883549,Road,2024-09-13,2024-09-13,24332718.29,20975528.13,60,"B-631937,B-256131,B-148080,B-530145",,False,
W-699923,YADUVEER KRISHNADATTA CHAMARAJA WADIYAR,Lok Sabha,Karnataka,MYSORE,V-885023,Health,2022-05-01,2022-05-17,30082429.48,24248362.69,89,"B-92409,B-47575,B-579856,B-553839,B-514739",,False,
W-351525,YADUVEER KRISHNADATTA CHAMARAJA WADIYAR,Lok Sabha,Karnataka,MYSORE,V-299283,Water,2023-07-24,2023-08-06,27280933.3,19879577.78,36,"B-571256,B-565468",,False,
W-440375,YADUVEER KRISHNADATTA CHAMARAJA WADIYAR,Lok Sabha,Karnataka,MYSORE,V-392653,Road,2025-10-13,2025-11-05,83034569.13,66849557.12,81,"B-125927,B-723172,B-133505,B-38168,B-515611",,False,
W-635422,YADUVEER KRISHNADATTA CHAMARAJA WADIYAR,Lok Sabha,Karnataka,MYSORE,V-630970,Health,2022-11-07,2022-11-23,5867068.09,4616722.68,61,"B-882432,B-621970,B-296736",,False,
W-793706,Yogendra Chandoliya,Lok Sabha,Delhi,NORTH WEST DELHI(SC),V-657876,Water,2025-06-04,2025-07-06,60523172.96,57643917.0,50,"B-583064,B-466719",,False,
W-361643,Yogendra Chandoliya,Lok Sabha,Delhi,NORTH WEST DELHI(SC),V-969017,Health,2026-03-05,2026-04-01,37723555.3,34437971.84,45,"B-563362,B-635843",,False,
W-600753,Yogendra Chandoliya,Lok Sabha,Delhi,NORTH WEST DELHI(SC),V-739450,Education,2024-10-29,2024-11-06,26380286.87,21384716.32,35,B-DUP-009,,True,duplicate_beneficiary
W-107659,Yogendra Chandoliya,Lok Sabha,Delhi,NORTH WEST DELHI(SC),V-362079,Sanitation,2025-05-18,2025-05-21,22509910.33,20265250.36,61,"B-579893,B-835602,B-735772,B-225382",,False,
W-676213,ZIA UR REHMAN,Lok Sabha,Uttar Pradesh,SAMBHAL,V-605721,Other,2025-12-01,2025-12-28,15386202.07,11789902.1,79,"B-994992,B-555354,B-999109,B-343225,B-359074",,False,
W-595624,ZIA UR REHMAN,Lok Sabha,Uttar Pradesh,SAMBHAL,V-97607,Education,2023-10-05,2023-11-07,36789204.52,32918296.31,65,"B-974200,B-4790,B-206998,B-816951",,False,
W-229301,ZIA UR REHMAN,Lok Sabha,Uttar Pradesh,SAMBHAL,V-354511,Health,2025-05-05,2025-05-23,17262644.37,16013444.18,45,"B-937751,B-336184",,True,sanction_delay
W-231417,ZIA UR REHMAN,Lok Sabha,Uttar Pradesh,SAMBHAL,V-827629,Education,2022-07-23,2022-08-15,13008578.72,10009553.26,64,"B-682716,B-11199,B-497809,B-284453",,False,
W-525389,ZIA UR REHMAN,Lok Sabha,Uttar Pradesh,SAMBHAL,V-678731,Water,2026-06-14,2026-07-15,26012458.92,22101653.63,52,"B-162603,B-287039",,False,
W-934045,ZIA UR REHMAN,Lok Sabha,Uttar Pradesh,SAMBHAL,V-426304,Education,2024-11-05,2024-11-30,22138094.39,21176815.98,80,"B-879274,B-756479,B-224796,B-972282",,False,
W-392648,ZIA UR REHMAN,Lok Sabha,Uttar Pradesh,SAMBHAL,V-948654,Sanitation,2026-01-16,2026-02-15,15667817.01,14451173.4,78,"B-840952,B-656808,B-458257,B-518272,B-997416",,False,
W-221575,Dr. Abhishek Manu Singhvi,Rajya Sabha,Telangana,Sitting Rajya Sabha,V-71246,Education,2022-11-15,2022-11-22,5634319.15,5289182.07,81,"B-569479,B-910689",2032.0,False,
W-990258,Dr. Abhishek Manu Singhvi,Rajya Sabha,Telangana,Sitting Rajya Sabha,V-330093,Health,2025-08-14,2025-09-17,34198637.98,25657080.69,41,"B-497373,B-826109,B-182077,B-703265",2032.0,False,
W-378733,Dr. Abhishek Manu Singhvi,Rajya Sabha,Telangana,Sitting Rajya Sabha,V-64133,Other,2023-09-09,2023-09-17,33221384.62,22720981.66,56,"B-154357,B-629277",2032.0,False,
W-207216,Dr. Ajeet Madhavrao Gopchade,Rajya Sabha,Maharashtra,Sitting Rajya Sabha,V-140306,Water,2024-09-07,2024-09-17,15163847.28,13933246.85,47,"B-236650,B-566676,B-284935,B-182745,B-970133",2030.0,False,
W-223978,Dr. Ajeet Madhavrao Gopchade,Rajya Sabha,Maharashtra,Sitting Rajya Sabha,V-995032,Other,2022-08-27,2022-09-11,18710553.77,17679700.42,83,"B-562013,B-942786,B-304422",2030.0,False,
W-535413,Dr. Ajeet Madhavrao Gopchade,Rajya Sabha,Maharashtra,Sitting Rajya Sabha,V-743575,Water,2022-07-08,2022-08-07,36635118.25,24194441.4,78,"B-482842,B-287045,B-797122",2030.0,False,
W-200815,Dr. Ajeet Madhavrao Gopchade,Rajya Sabha,Maharashtra,Sitting Rajya Sabha,V-615365,Other,2025-06-24,2025-07-23,75755480.7,71773178.35,92,"B-414739,B-933769,B-949532,B-572302,B-461799",2030.0,False,
W-459339,Dr. Alka Singh,Rajya Sabha,Rajasthan,Sitting Rajya Sabha,V-790168,Sanitation,2025-11-29,2025-12-23,5657171.16,4077757.27,45,"B-542053,B-467032,B-476305,B-222152,B-392500",2032.0,False,
W-772969,Dr. Alka Singh,Rajya Sabha,Rajasthan,Sitting Rajya Sabha,V-967773,Other,2022-07-24,2022-07-30,13066403.04,12240776.49,35,"B-252185,B-865153,B-806059,B-162226",2032.0,False,
W-156090,Dr. Alka Singh,Rajya Sabha,Rajasthan,Sitting Rajya Sabha,V-996781,Road,2026-02-25,2026-03-19,15926393.95,14557650.27,58,"B-21927,B-577840,B-952047,B-63703,B-818794",2032.0,False,
W-550673,Dr. Alka Singh,Rajya Sabha,Rajasthan,Sitting Rajya Sabha,V-288345,Education,2023-03-17,2021-03-04,14105031.85,9635127.73,64,"B-617129,B-883138",2032.0,True,delayed_completion
W-651564,Dr. Anbumani Ramadoss,Rajya Sabha,Tamil Nadu,Sitting Rajya Sabha,V-223416,Road,2025-11-28,2025-12-26,6850476.06,6303318.4,95,"B-564039,B-216689,B-287673,B-288171,B-780290",2032.0,False,
W-338723,Dr. Anbumani Ramadoss,Rajya Sabha,Tamil Nadu,Sitting Rajya Sabha,V-655870,Other,2022-05-15,2022-05-18,6181185.9,4614694.1,66,"B-510124,B-747045,B-763831,B-921001,B-438143",2032.0,False,
W-150381,Dr. Anbumani Ramadoss,Rajya Sabha,Tamil Nadu,Sitting Rajya Sabha,V-662162,Sanitation,2024-12-18,2025-01-06,4176344.75,2957825.48,75,"B-63193,B-428737,B-62874,B-877661",2032.0,False,
W-430070,Dr. Anbumani Ramadoss,Rajya Sabha,Tamil Nadu,Sitting Rajya Sabha,V-440054,Water,2023-11-30,2023-12-22,12137995.25,11207171.9,86,"B-433822,B-883956,B-600038,B-588995,B-510870",2032.0,False,
W-169274,Dr. Anbumani Ramadoss,Rajya Sabha,Tamil Nadu,Sitting Rajya Sabha,V-762902,Education,2024-11-12,2024-11-13,4168428.86,3333339.35,73,"B-917003,B-841684",2032.0,False,
W-538877,Dr. Anbumani Ramadoss,Rajya Sabha,Tamil Nadu,Sitting Rajya Sabha,V-774222,Other,2025-08-28,2025-11-25,15595263.3,11031917.79,64,"B-860776,B-77809,B-233340,B-285859",2032.0,False,
W-350759,Dr. Anil Sukhdeorao Bonde,Rajya Sabha,Maharashtra,Sitting Rajya Sabha,V-762103,Health,2024-01-02,2024-01-21,51489700.61,38993930.37,68,"B-237900,B-609923,B-826337",2028.0,False,
W-924560,Dr. Anil Sukhdeorao Bonde,Rajya Sabha,Maharashtra,Sitting Rajya Sabha,V-801475,Sanitation,2022-08-07,2022-08-29,123742609.47,114272065.07,54,"B-169013,B-974143,B-972304,B-343150,B-103303",2028.0,False,
W-852989,Dr. Anil Sukhdeorao Bonde,Rajya Sabha,Maharashtra,Sitting Rajya Sabha,V-30829,Road,2024-07-26,2024-08-08,19851327.24,14105233.43,81,"B-496343,B-744532",2028.0,False,
W-573594,Dr. Ashok Kumar Mittal,Rajya Sabha,Punjab,Sitting Rajya Sabha,V-774509,Education,2024-07-21,2024-08-16,51279155.9,33745525.65,76,"B-246637,B-969800,B-746340",2028.0,False,
W-257701,Dr. Ashok Kumar Mittal,Rajya Sabha,Punjab,Sitting Rajya Sabha,V-566739,Road,2026-01-02,2026-01-24,53603436.62,42990544.79,94,"B-321581,B-5204",2028.0,False,
W-456726,Dr. Ashok Kumar Mittal,Rajya Sabha,Punjab,Sitting Rajya Sabha,V-80373,Other,2025-03-27,2025-04-12,27274400.63,25376530.37,85,"B-331793,B-29365",2028.0,False,
W-597217,Dr. Ashok Kumar Mittal,Rajya Sabha,Punjab,Sitting Rajya Sabha,V-DUP-007,Sanitation,2021-09-04,2021-09-16,59009938.29,57641540.43,72,"B-351148,B-512250,B-469890,B-649342,B-990566",2028.0,True,duplicate_vendor
W-301407,Dr. Ashok Kumar Mittal,Rajya Sabha,Punjab,Sitting Rajya Sabha,V-676563,Health,2025-02-28,2025-03-01,10713643.85,8838858.48,37,"B-384455,B-980744",2028.0,False,
W-222569,Dr. Ashok Kumar Mittal,Rajya Sabha,Punjab,Sitting Rajya Sabha,V-850341,Sanitation,2023-01-31,2023-03-04,19494618.69,15512059.55,53,"B-555260,B-835714,B-200885",2028.0,False,
W-391755,Dr. Bhim Singh,Rajya Sabha,Bihar,Sitting Rajya Sabha,V-DUP-011,Water,2021-09-18,2021-09-20,63395471.15,57653256.43,60,"B-49847,B-914706,B-186405,B-909472",2030.0,True,duplicate_vendor
W-901972,Dr. Bhim Singh,Rajya Sabha,Bihar,Sitting Rajya Sabha,V-951535,Road,2023-09-14,2023-10-01,63501461.26,51769545.71,83,"B-691222,B-799004,B-612932,B-627787",2030.0,False,
W-952105,Dr. Bhim Singh,Rajya Sabha,Bihar,Sitting Rajya Sabha,V-330696,Health,2022-07-28,2022-08-05,20812818.9,13914102.84,69,"B-505320,B-839351,B-541192,B-981553",2030.0,False,
W-247842,Dr. Bhim Singh,Rajya Sabha,Bihar,Sitting Rajya Sabha,V-649024,Water,2022-01-10,2022-01-10,37559248.68,29523390.31,81,"B-436197,B-696395,B-9365,B-467644",2030.0,False,
W-911239,Dr. Dharmasthala Veerendra Heggade,Rajya Sabha,Karnataka,Nominated Rajya Sabha,V-604381,Sanitation,2026-06-02,2026-06-29,19931618.54,15055719.95,92,"B-319402,B-684659,B-295170",2028.0,False,
W-878372,Dr. Dharmasthala Veerendra Heggade,Rajya Sabha,Karnataka,Nominated Rajya Sabha,V-650634,Water,2023-06-03,2023-06-25,24027513.82,16784204.42,83,"B-238391,B-913949",2028.0,False,
W-591574,Dr. Dharmasthala Veerendra Heggade,Rajya Sabha,Karnataka,Nominated Rajya Sabha,V-442244,Other,2023-10-24,2023-11-01,9654213.3,8636810.94,45,"B-77734,B-941043,B-629041",2028.0,False,
W-937091,Dr. Dharmasthala Veerendra Heggade,Rajya Sabha,Karnataka,Nominated Rajya Sabha,V-642443,Education,2024-07-15,2024-08-01,32312596.94,23087307.98,49,"B-418611,B-368630",2028.0,False,
W-474568,Dr. Dharmasthala Veerendra Heggade,Rajya Sabha,Karnataka,Nominated Rajya Sabha,V-916285,Road,2022-01-11,2022-02-02,63135553.08,43296078.89,55,"B-230557,B-425345,B-419826,B-165600",2028.0,False,
W-344438,Dr. Dharmasthala Veerendra Heggade,Rajya Sabha,Karnataka,Nominated Rajya Sabha,V-588893,Water,2024-05-10,2024-05-24,46022141.64,40109189.34,77,"B-483797,B-667810,B-605147",2028.0,False,
W-931019,Dr. Dharmshila Gupta,Rajya Sabha,Bihar,Sitting Rajya Sabha,V-111972,Other,2022-06-09,2022-06-21,51474533.32,41335999.16,94,"B-910557,B-825741,B-205985",2030.0,False,
W-542877,Dr. Dharmshila Gupta,Rajya Sabha,Bihar,Sitting Rajya Sabha,V-427193,Road,2025-06-11,2025-07-14,37089638.42,26816809.15,84,"B-227291,B-446395,B-171662,B-240056,B-620803",2030.0,False,
W-326350,Dr. Dharmshila Gupta,Rajya Sabha,Bihar,Sitting Rajya Sabha,V-588497,Water,2022-12-19,2022-12-27,18181789.79,13785559.95,39,"B-65086,B-448407,B-885441,B-491934,B-230331",2030.0,False,
W-266769,Dr. Dharmshila Gupta,Rajya Sabha,Bihar,Sitting Rajya Sabha,V-293658,Water,2025-09-22,2025-10-25,58569832.88,49535651.12,53,"B-654527,B-455029,B-272585,B-210854,B-812085",2030.0,False,
W-313071,Dr. Dharmshila Gupta,Rajya Sabha,Bihar,Sitting Rajya Sabha,V-76101,Sanitation,2023-07-03,2023-08-02,19953205.59,13588861.82,92,"B-600435,B-62890,B-648404",2030.0,False,
W-198442,Dr. Dinesh Sharma,Rajya Sabha,Uttar Pradesh,Sitting Rajya Sabha,V-360508,Other,2024-02-01,2024-02-24,82021698.18,70795961.66,59,"B-547261,B-478876,B-271201,B-297774,B-225725",2026.0,False,
W-121572,Dr. Dinesh Sharma,Rajya Sabha,Uttar Pradesh,Sitting Rajya Sabha,V-213771,Health,2026-07-15,2026-07-25,52390881.78,47022404.65,57,"B-309391,B-713708,B-31857,B-147848,B-29382",2026.0,False,
W-155646,Dr. Dinesh Sharma,Rajya Sabha,Uttar Pradesh,Sitting Rajya Sabha,V-626360,Water,2022-11-22,2022-11-30,11852420.04,10133606.82,37,"B-506365,B-282228,B-347359,B-446904",2026.0,False,
W-734261,Dr. Faiyaz Ahmad,Rajya Sabha,Bihar,Sitting Rajya Sabha,V-636995,Water,2023-07-14,2023-08-17,39919305.53,33087904.75,65,"B-807239,B-234520,B-155839",2028.0,False,
W-334714,Dr. Faiyaz Ahmad,Rajya Sabha,Bihar,Sitting Rajya Sabha,V-583815,Water,2025-01-10,2025-03-02,50125410.26,44906785.11,70,"B-176577,B-487833,B-447103,B-531674,B-548143",2028.0,False,
W-673988,Dr. Faiyaz Ahmad,Rajya Sabha,Bihar,Sitting Rajya Sabha,V-751307,Road,2025-03-17,2025-03-29,65652995.71,56865627.82,82,"B-775203,B-324854,B-677460,B-481141",2028.0,False,
W-628343,Dr. Faiyaz Ahmad,Rajya Sabha,Bihar,Sitting Rajya Sabha,V-813552,Other,2023-04-05,2023-04-12,78389925.82,64047633.43,50,"B-446128,B-278027,B-381575,B-463063,B-903733",2028.0,False,
W-363539,Dr. John Brittas,Rajya Sabha,Kerala,Sitting Rajya Sabha,V-259397,Other,2026-07-01,2026-07-29,65220296.85,44336573.01,56,"B-518643,B-695710,B-447715,B-792237,B-646050",2027.0,False,
W-384347,Dr. John Brittas,Rajya Sabha,Kerala,Sitting Rajya Sabha,V-710198,Education,2025-07-31,2025-08-31,117391460.27,113611010.94,38,"B-356147,B-356785,B-262951,B-124168,B-882333",2027.0,False,
W-849324,Dr. John Brittas,Rajya Sabha,Kerala,Sitting Rajya Sabha,V-700596,Other,2024-02-06,2024-02-16,61226880.2,51547725.02,79,"B-580542,B-548147",2027.0,False,
W-339800,Dr. Jyoti Nagnath Waghmare,Rajya Sabha,Maharashtra,Sitting Rajya Sabha,V-562615,Sanitation,2023-06-14,2023-07-13,4466744.15,3354133.53,45,"B-443076,B-254009",2032.0,False,
W-420038,Dr. Jyoti Nagnath Waghmare,Rajya Sabha,Maharashtra,Sitting Rajya Sabha,V-691305,Other,2025-02-26,2025-03-05,21546716.93,15860316.83,64,"B-724547,B-198923,B-119094",2032.0,False,
W-822694,Dr. Jyoti Nagnath Waghmare,Rajya Sabha,Maharashtra,Sitting Rajya Sabha,V-489773,Water,2022-10-23,2022-11-08,10687393.39,8234076.3,36,"B-516330,B-807933,B-83947",2032.0,False,
W-204231,Dr. Jyoti Nagnath Waghmare,Rajya Sabha,Maharashtra,Sitting Rajya Sabha,V-304531,Road,2022-12-15,2023-01-18,12054145.53,8244834.27,36,"B-559609,B-190972,B-41125,B-700698,B-478635",2032.0,False,
W-146058,Dr. K. Laxman,Rajya Sabha,Uttar Pradesh,Sitting Rajya Sabha,V-422082,Health,2025-12-22,2026-01-25,66300472.01,60785684.15,83,"B-929559,B-686425",2028.0,False,
W-159575,Dr. K. Laxman,Rajya Sabha,Uttar Pradesh,Sitting Rajya Sabha,V-901469,Sanitation,2023-09-01,2023-10-04,24032261.02,22084383.24,56,"B-598442,B-135617",2028.0,False,
W-701990,Dr. K. Laxman,Rajya Sabha,Uttar Pradesh,Sitting Rajya Sabha,V-299556,Sanitation,2022-04-27,2022-05-02,61137360.16,58631747.53,44,"B-752803,B-69556",2028.0,False,
W-918387,Dr. K. Laxman,Rajya Sabha,Uttar Pradesh,Sitting Rajya Sabha,V-DUP-006,Other,2021-09-02,2021-09-29,45178728.88,35408176.1,93,"B-889794,B-815761,B-850999,B-944372",2028.0,True,duplicate_vendor
W-795532,Dr. Kalpana Saini,Rajya Sabha,Uttarakhand,Sitting Rajya Sabha,V-102265,Road,2022-01-09,2022-02-05,41918035.73,32288598.45,87,"B-81899,B-452893,B-336223",2028.0,False,
W-193778,Dr. Kalpana Saini,Rajya Sabha,Uttarakhand,Sitting Rajya Sabha,V-227332,Sanitation,2026-07-19,2026-07-30,18579058.86,15406019.82,60,"B-303188,B-494310,B-967062",2028.0,False,
W-455050,Dr. Kalpana Saini,Rajya Sabha,Uttarakhand,Sitting Rajya Sabha,V-125894,Sanitation,2026-03-25,2026-06-18,47880620.18,38310880.66,73,"B-499005,B-897857,B-72280",2028.0,False,
W-352073,Dr. Kalpana Saini,Rajya Sabha,Uttarakhand,Sitting Rajya Sabha,V-922889,Road,2022-04-08,2022-05-10,20500898.07,17437573.26,79,"B-710104,B-455390,B-639652",2028.0,False,
W-695108,Dr. Kalpana Saini,Rajya Sabha,Uttarakhand,Sitting Rajya Sabha,V-170226,Water,2025-09-16,2025-09-26,43787529.37,41839632.91,39,"B-272021,B-365912,B-212482,B-770835,B-710623",2028.0,False,
W-741136,Dr. Kalpana Saini,Rajya Sabha,Uttarakhand,Sitting Rajya Sabha,V-842870,Water,2024-03-14,2024-04-17,7308473.83,4994111.41,51,"B-354003,B-243899,B-34412",2028.0,False,
W-769157,Dr. Kalpana Saini,Rajya Sabha,Uttarakhand,Sitting Rajya Sabha,V-587795,Health,2026-05-07,2026-06-09,7763832.54,7205935.31,51,"B-6944,B-233534,B-353569",2028.0,False,
W-272290,Dr. Kalpana Saini,Rajya Sabha,Uttarakhand,Sitting Rajya Sabha,V-505964,Sanitation,2025-01-27,2025-02-10,12087805.19,10113535.66,35,"B-854440,B-816742",2028.0,False,
W-478563,Dr. Kavita Patidar,Rajya Sabha,Madhya Pradesh,Sitting Rajya Sabha,V-501954,Sanitation,2022-11-22,2022-11-27,82076745.58,67359557.45,66,"B-391659,B-664896,B-842034,B-496506,B-659361",2028.0,False,
W-975179,Dr. Kavita Patidar,Rajya Sabha,Madhya Pradesh,Sitting Rajya Sabha,V-658368,Road,2024-01-14,2024-01-28,42307602.3,33438406.58,51,"B-659696,B-623476,B-391900",2028.0,False,
W-527521,Dr. Kavita Patidar,Rajya Sabha,Madhya Pradesh,Sitting Rajya Sabha,V-374629,Sanitation,2024-03-21,2024-03-30,26792177.37,18845311.93,78,"B-208745,B-130634,B-407437,B-158745",2028.0,False,
W-815369,Dr. Kavita Patidar,Rajya Sabha,Madhya Pradesh,Sitting Rajya Sabha,V-644100,Other,2023-10-22,2023-11-22,44956403.49,40136664.1,40,"B-289700,B-693521",2028.0,False,
W-245863,Dr. L. Murugan,Rajya Sabha,Madhya Pradesh,Sitting Rajya Sabha,V-734968,Education,2025-10-28,2025-10-31,16961280.14,11326434.11,88,"B-144711,B-2802,B-461948,B-950835,B-97424",2030.0,False,
W-805122,Dr. L. Murugan,Rajya Sabha,Madhya Pradesh,Sitting Rajya Sabha,V-254593,Other,2025-01-10,2025-02-02,12586369.5,11250042.55,54,"B-749370,B-90360,B-178915",2030.0,False,
W-978046,Dr. L. Murugan,Rajya Sabha,Madhya Pradesh,Sitting Rajya Sabha,V-708423,Water,2026-07-09,2026-08-12,39652295.61,26251264.23,93,"B-752118,B-580666",2030.0,False,
W-753362,Dr. L. Murugan,Rajya Sabha,Madhya Pradesh,Sitting Rajya Sabha,V-726827,Education,2022-07-28,2022-08-15,9236851.66,6839322.05,87,"B-211430,B-539350",2030.0,False,
W-155039,Dr. L. Murugan,Rajya Sabha,Madhya Pradesh,Sitting Rajya Sabha,V-976311,Water,2025-07-02,2025-07-10,32771218.78,30283625.81,89,"B-101625,B-747349,B-66861,B-363746",2030.0,False,
W-395072,Dr. L. Murugan,Rajya Sabha,Madhya Pradesh,Sitting Rajya Sabha,V-168552,Road,2025-08-27,2025-09-19,24696841.59,17873608.37,70,"B-66714,B-608277,B-123199",2030.0,False,
W-725754,Dr. L. Murugan,Rajya Sabha,Madhya Pradesh,Sitting Rajya Sabha,V-216813,Water,2022-08-03,2022-08-23,10360142.71,7157572.24,72,"B-589127,B-609771,B-445570,B-360303",2030.0,False,
W-440078,Dr. Laxmikant Bajpayee,Rajya Sabha,Uttar Pradesh,Sitting Rajya Sabha,V-310005,Water,2023-08-08,2023-08-21,38275181.83,26960491.62,71,"B-938129,B-786335,B-733857,B-402406",2028.0,False,
W-594854,Dr. Laxmikant Bajpayee,Rajya Sabha,Uttar Pradesh,Sitting Rajya Sabha,V-41303,Water,2025-07-31,2025-08-19,51397061.64,48579095.35,69,"B-125988,B-355198",2028.0,False,
W-629093,Dr. Laxmikant Bajpayee,Rajya Sabha,Uttar Pradesh,Sitting Rajya Sabha,V-770108,Sanitation,2026-07-14,2026-07-19,41849448.54,32154844.65,55,"B-93258,B-998620",2028.0,False,
W-120210,Dr. Laxmikant Bajpayee,Rajya Sabha,Uttar Pradesh,Sitting Rajya Sabha,V-285690,Road,2022-03-05,2022-04-07,33114481.36,29364511.72,39,"B-665694,B-119866,B-191103,B-500440,B-38379",2028.0,False,
W-471730,Dr. Laxmikant Bajpayee,Rajya Sabha,Uttar Pradesh,Sitting Rajya Sabha,V-398479,Education,2025-10-31,2025-11-26,30383826.63,22184153.29,50,"B-44162,B-600954",2028.0,False,
W-245671,Dr. M. Dhanapal,Rajya Sabha,Tamil Nadu,Sitting Rajya Sabha,V-685160,Education,2022-02-01,2022-03-06,3683602.41,3523984.27,75,"B-426307,B-645690,B-601248,B-883199",2031.0,False,
W-336870,Dr. M. Dhanapal,Rajya Sabha,Tamil Nadu,Sitting Rajya Sabha,V-47217,Sanitation,2024-03-15,2024-04-05,12795599.24,9928235.22,48,"B-913310,B-926256,B-222581",2031.0,False,
W-759558,Dr. M. Dhanapal,Rajya Sabha,Tamil Nadu,Sitting Rajya Sabha,V-729013,Education,2025-11-07,2026-01-17,25965568.01,25049645.44,57,"B-898268,B-91217,B-195076,B-969381,B-690273",2031.0,True,sanction_delay
W-183410,Dr. M. Dhanapal,Rajya Sabha,Tamil Nadu,Sitting Rajya Sabha,V-40869,Health,2025-02-01,2025-03-02,14430757.43,13863640.98,54,"B-960864,B-223474",2031.0,False,
W-592031,Dr. M. Dhanapal,Rajya Sabha,Tamil Nadu,Sitting Rajya Sabha,V-653106,Sanitation,2026-07-18,2026-08-03,11333091.3,10756794.7,51,"B-677931,B-589052,B-555659,B-807575,B-174290",2031.0,False,
W-857421,Dr. M. Dhanapal,Rajya Sabha,Tamil Nadu,Sitting Rajya Sabha,V-526531,Education,2023-10-29,2023-11-14,6145551.31,4966487.59,66,"B-234610,B-268990,B-455163",2031.0,False,
W-213872,Dr. M. Dhanapal,Rajya Sabha,Tamil Nadu,Sitting Rajya Sabha,V-840305,Other,2025-02-26,2025-03-11,14447874.29,10980257.7,51,"B-747348,B-637690,B-923022,B-637461",2031.0,False,
W-354357,Dr. M. Thambi Durai,Rajya Sabha,Tamil Nadu,Sitting Rajya Sabha,V-349880,Water,2022-06-09,2022-06-11,7017150.25,6601183.37,48,"B-660406,B-684741",2032.0,False,
W-965142,Dr. M. Thambi Durai,Rajya Sabha,Tamil Nadu,Sitting Rajya Sabha,V-695119,Road,2023-10-11,2023-10-15,1759913.81,1248589.93,73,"B-950620,B-728024",2032.0,False,
W-958089,Dr. M. Thambi Durai,Rajya Sabha,Tamil Nadu,Sitting Rajya Sabha,V-771279,Health,2022-08-12,2022-08-26,3401822.05,2947029.27,71,"B-145220,B-592301,B-671848,B-504860,B-329415",2032.0,False,
W-666475,Dr. M. Thambi Durai,Rajya Sabha,Tamil Nadu,Sitting Rajya Sabha,V-146955,Water,2025-01-25,2025-02-12,12893363.38,10646328.83,43,"B-476307,B-133706,B-265613",2032.0,False,
W-824773,Dr. M. Thambi Durai,Rajya Sabha,Tamil Nadu,Sitting Rajya Sabha,V-125120,Other,2022-09-28,2022-10-26,13152256.27,9028503.83,74,"B-869468,B-576513,B-454583",2032.0,False,
W-672235,Dr. M. Thambi Durai,Rajya Sabha,Tamil Nadu,Sitting Rajya Sabha,V-391354,Water,2021-11-30,2021-12-03,10885188.36,7844733.96,37,"B-924717,B-981824,B-445508,B-246581",2032.0,False,
W-532175,Dr. Medha Vishram Kulkarni,Rajya Sabha,Maharashtra,Sitting Rajya Sabha,V-77516,Road,2022-11-03,2022-12-03,25974979.22,25086115.11,71,"B-82267,B-404014,B-809386",2030.0,False,
W-478492,Dr. Medha Vishram Kulkarni,Rajya Sabha,Maharashtra,Sitting Rajya Sabha,V-696146,Education,2024-08-06,2024-08-06,32127314.54,22753104.52,95,"B-845059,B-481331,B-319690,B-536198,B-22317",2030.0,False,
W-865775,Dr. Medha Vishram Kulkarni,Rajya Sabha,Maharashtra,Sitting Rajya Sabha,V-772689,Sanitation,2025-03-22,2025-04-05,32910661.6,28864556.95,91,"B-536594,B-773372",2030.0,False,
W-474090,Dr. Medha Vishram Kulkarni,Rajya Sabha,Maharashtra,Sitting Rajya Sabha,V-566607,Road,2022-06-04,2022-06-22,3512479.37,2382408.39,54,"B-527833,B-198310,B-118891,B-12534,B-948583",2030.0,False,
W-180724,Dr. Medha Vishram Kulkarni,Rajya Sabha,Maharashtra,Sitting Rajya Sabha,V-DUP-014,Health,2021-09-04,2021-10-04,16381095.79,12673546.37,95,"B-574598,B-987625,B-609448,B-116197",2030.0,True,duplicate_vendor
W-779037,Dr. Medha Vishram Kulkarni,Rajya Sabha,Maharashtra,Sitting Rajya Sabha,V-245752,Road,2025-12-24,2026-01-28,28325444.9,23747051.7,56,"B-227031,B-291930",2030.0,True,delayed_completion
W-313842,Dr. Medha Vishram Kulkarni,Rajya Sabha,Maharashtra,Sitting Rajya Sabha,V-545874,Health,2024-12-04,2024-12-18,3800107.56,3411480.3,49,"B-681220,B-789851,B-516553,B-398240",2030.0,False,
W-876692,Dr. Medha Vishram Kulkarni,Rajya Sabha,Maharashtra,Sitting Rajya Sabha,V-137758,Road,2024-12-12,2024-12-31,3232917.01,2555558.35,73,"B-481372,B-754059",2030.0,False,
W-281491,Dr. Meenakshi Jain,Rajya Sabha,Delhi,Nominated Rajya Sabha,V-730403,Water,2024-06-16,2024-07-19,18273534.71,17570634.65,41,"B-128816,B-65488",2031.0,False,
W-704474,Dr. Meenakshi Jain,Rajya Sabha,Delhi,Nominated Rajya Sabha,V-693320,Other,2021-10-04,2021-11-06,32898781.9,29803308.72,65,"B-205969,B-310235,B-DUP-013",2031.0,False,
W-937512,Dr. Meenakshi Jain,Rajya Sabha,Delhi,Nominated Rajya Sabha,V-381000,Health,2025-12-29,2026-01-16,21960183.39,14527406.47,39,"B-741866,B-439396,B-989550,B-959448",2031.0,False,
W-873404,Dr. Mukeshbhai J. Rathwa,Rajya Sabha,Gujarat,Sitting Rajya Sabha,V-423054,Other,2025-03-16,2025-04-06,12309358.98,9011725.18,87,"B-823788,B-919924",2032.0,False,
W-848345,Dr. Mukeshbhai J. Rathwa,Rajya Sabha,Gujarat,Sitting Rajya Sabha,V-931330,Road,2023-12-09,2024-01-01,3490863.47,2339025.59,93,"B-342865,B-768911,B-669421",2032.0,False,
W-840570,Dr. Mukeshbhai J. Rathwa,Rajya Sabha,Gujarat,Sitting Rajya Sabha,V-627817,Other,2026-04-01,2026-04-02,2241958.31,3015941.55,87,"B-282503,B-542685,B-69244,B-836211",2032.0,True,cost_overrun
W-117640,Dr. Mukeshbhai J. Rathwa,Rajya Sabha,Gujarat,Sitting Rajya Sabha,V-378831,Health,2026-01-28,2026-02-22,8323984.32,8630369.25,85,"B-267750,B-900082,B-321966,B-278464,B-280231",2032.0,False,
W-618284,Dr. Mukeshbhai J. Rathwa,Rajya Sabha,Gujarat,Sitting Rajya Sabha,V-767288,Health,2023-02-14,2023-03-11,1189420.82,774245.72,57,"B-14347,B-986824,B-613200,B-554324",2032.0,False,
W-944140,Dr. Mukeshbhai J. Rathwa,Rajya Sabha,Gujarat,Sitting Rajya Sabha,V-863079,Water,2025-09-08,2025-10-06,8727811.09,6466456.27,93,"B-945308,B-904729,B-452217,B-775629",2032.0,False,
W-140343,Dr. Mukeshbhai J. Rathwa,Rajya Sabha,Gujarat,Sitting Rajya Sabha,V-81196,Sanitation,2023-12-19,2024-01-05,9194308.71,6912370.9,66,"B-24413,B-944476,B-892674,B-194491",2032.0,False,
W-942499,Dr. Mukeshbhai J. Rathwa,Rajya Sabha,Gujarat,Sitting Rajya Sabha,V-688976,Other,2024-12-12,2024-12-19,3277294.3,2759761.83,37,"B-720743,B-747597,B-518065",2032.0,False,
W-806739,Dr. Parmar Jashvantsinh Salamsinh,Rajya Sabha,Gujarat,Sitting Rajya Sabha,V-848890,Road,2023-06-07,2023-06-25,8625930.51,5614910.41,79,"B-325368,B-192534,B-970544,B-943734",2030.0,False,
W-627484,Dr. Parmar Jashvantsinh Salamsinh,Rajya Sabha,Gujarat,Sitting Rajya Sabha,V-235519,Water,2024-02-17,2024-03-04,6250512.88,5389287.29,82,"B-702113,B-108600",2030.0,False,
W-312757,Dr. Parmar Jashvantsinh Salamsinh,Rajya Sabha,Gujarat,Sitting Rajya Sabha,V-220982,Sanitation,2025-05-11,2025-05-12,77040249.8,58958246.38,38,"B-512180,B-231999,B-302029,B-965671",2030.0,False,
W-290369,Dr. Parmar Jashvantsinh Salamsinh,Rajya Sabha,Gujarat,Sitting Rajya Sabha,V-245583,Health,2023-10-25,2023-11-17,12353358.4,9164054.57,73,"B-785205,B-489279",2030.0,False,
W-854923,Dr. Parmar Jashvantsinh Salamsinh,Rajya Sabha,Gujarat,Sitting Rajya Sabha,V-743819,Sanitation,2023-04-15,2023-05-08,41994948.41,27672453.79,70,"B-947371,B-628695,B-645129,B-503354",2030.0,False,
W-195468,Dr. Radha Mohan Das Agrawal,Rajya Sabha,Uttar Pradesh,Sitting Rajya Sabha,V-35541,Education,2023-02-25,2023-03-07,51742508.69,46288313.15,53,"B-436610,B-80595,B-890008",2028.0,False,
W-612945,Dr. Radha Mohan Das Agrawal,Rajya Sabha,Uttar Pradesh,Sitting Rajya Sabha,V-221749,Road,2026-01-17,2026-02-08,4680678.32,3737815.1,68,"B-9862,B-905803,B-480763,B-811521,B-983475",2028.0,False,
W-660142,Dr. Radha Mohan Das Agrawal,Rajya Sabha,Uttar Pradesh,Sitting Rajya Sabha,V-543754,Health,2025-02-05,2025-03-03,14000090.44,10601514.83,79,"B-90702,B-652830,B-552094,B-720453",2028.0,False,
W-904641,Dr. Radha Mohan Das Agrawal,Rajya Sabha,Uttar Pradesh,Sitting Rajya Sabha,V-463714,Health,2025-07-06,2025-07-26,19541024.52,13565562.47,66,"B-761929,B-726867,B-855199",2028.0,False,
W-222969,Dr. Radha Mohan Das Agrawal,Rajya Sabha,Uttar Pradesh,Sitting Rajya Sabha,V-447189,Other,2026-07-29,2026-08-23,51780199.39,49405863.1,81,"B-931873,B-331616",2028.0,False,
W-471289,Dr. Radha Mohan Das Agrawal,Rajya Sabha,Uttar Pradesh,Sitting Rajya Sabha,V-463655,Sanitation,2023-01-29,2023-01-31,6421027.23,5085926.5,49,"B-127637,B-359900",2028.0,False,
W-218786,Dr. Radha Mohan Das Agrawal,Rajya Sabha,Uttar Pradesh,Sitting Rajya Sabha,V-806116,Education,2023-06-12,2023-06-16,39999459.09,31418810.74,37,"B-521969,B-750021,B-753251",2028.0,False,
W-796169,Dr. Radha Mohan Das Agrawal,Rajya Sabha,Uttar Pradesh,Sitting Rajya Sabha,V-312830,Education,2022-10-13,2022-10-27,14443404.37,13425876.29,35,"B-342386,B-364677",2028.0,False,
W-471339,Dr. Sandeep Kumar Pathak,Rajya Sabha,Punjab,Sitting Rajya Sabha,V-740460,Health,2022-04-22,2022-05-21,59670548.66,45060557.37,92,"B-526905,B-65466",2028.0,False,
W-142251,Dr. Sandeep Kumar Pathak,Rajya Sabha,Punjab,Sitting Rajya Sabha,V-724234,Education,2024-01-21,2024-02-11,149799210.98,108530068.88,47,"B-809656,B-445562,B-982972,B-1868,B-183183",2028.0,False,
W-460299,Dr. Sandeep Kumar Pathak,Rajya Sabha,Punjab,Sitting Rajya Sabha,V-165005,Other,2024-12-22,2025-02-08,21572677.33,19526544.74,66,"B-529553,B-592331,B-706607,B-434120,B-402652",2028.0,False,
W-115417,Dr. Sangeeta Balwant,Rajya Sabha,Uttar Pradesh,Sitting Rajya Sabha,V-964232,Health,2024-06-22,2024-07-02,31021809.51,23574447.76,49,"B-704432,B-291486",2030.0,False,
W-883207,Dr. Sangeeta Balwant,Rajya Sabha,Uttar Pradesh,Sitting Rajya Sabha,V-249363,Sanitation,2022-07-27,2022-08-24,27114156.56,23289865.36,38,"B-990059,B-363272,B-898251",2030.0,False,
W-747988,Dr. Sangeeta Balwant,Rajya Sabha,Uttar Pradesh,Sitting Rajya Sabha,V-862235,Health,2021-12-15,2021-12-23,88129033.93,62086037.57,45,"B-67269,B-272347,B-805024,B-97205",2030.0,False,
W-312014,Dr. Santrupt Misra,Rajya Sabha,Odisha,Sitting Rajya Sabha,V-198223,Other,2024-08-27,2024-11-09,4663733.51,3706011.49,58,"B-913744,B-320807,B-468228,B-844745,B-233988",2032.0,False,
W-416327,Dr. Santrupt Misra,Rajya Sabha,Odisha,Sitting Rajya Sabha,V-196903,Sanitation,2024-11-14,2024-12-14,12750213.31,11467029.15,90,"B-105930,B-743355,B-680659,B-964463,B-658350",2032.0,False,
W-379212,Dr. Santrupt Misra,Rajya Sabha,Odisha,Sitting Rajya Sabha,V-793402,Health,2023-12-10,2023-12-10,9368964.24,8005191.23,41,"B-405833,B-344158",2032.0,False,
W-952287,Dr. Santrupt Misra,Rajya Sabha,Odisha,Sitting Rajya Sabha,V-429548,Education,2025-11-16,2025-12-21,8661310.9,8303177.63,60,"B-228292,B-434040,B-600575",2032.0,False,
W-555085,Dr. Santrupt Misra,Rajya Sabha,Odisha,Sitting Rajya Sabha,V-641380,Water,2022-12-11,2023-01-08,7769499.78,6666160.42,94,"B-787452,B-365127",2032.0,False,
W-366828,Dr. Santrupt Misra,Rajya Sabha,Odisha,Sitting Rajya Sabha,V-307993,Education,2022-05-22,2022-06-12,2144373.22,2084542.68,69,"B-395127,B-634069,B-304298",2032.0,False,
W-433994,Dr. Santrupt Misra,Rajya Sabha,Odisha,Sitting Rajya Sabha,V-321765,Water,2025-01-10,2025-01-10,3396905.04,3302950.9,37,"B-169166,B-632687,B-579412",2032.0,False,
W-596877,Dr. Sarfraz Ahmad,Rajya Sabha,Jharkhand,Sitting Rajya Sabha,V-377953,Education,2023-07-21,2023-07-30,13687522.14,10353233.14,49,"B-275671,B-14936,B-297365,B-874013",2030.0,False,
W-524914,Dr. Sarfraz Ahmad,Rajya Sabha,Jharkhand,Sitting Rajya Sabha,V-75250,Health,2025-03-23,2025-03-28,24792779.22,24236947.16,91,"B-972984,B-830540,B-299547",2030.0,False,
W-555516,Dr. Sarfraz Ahmad,Rajya Sabha,Jharkhand,Sitting Rajya Sabha,V-806961,Education,2026-06-25,2026-07-03,36299146.56,25637427.75,67,"B-233708,B-530965,B-382526,B-787091",2030.0,False,
W-123151,Dr. Sarfraz Ahmad,Rajya Sabha,Jharkhand,Sitting Rajya Sabha,V-98407,Sanitation,2022-01-22,2022-02-24,18731113.01,17111888.33,86,"B-164705,B-475015,B-450348,B-960511,B-364112",2030.0,False,
W-800955,Dr. Sarfraz Ahmad,Rajya Sabha,Jharkhand,Sitting Rajya Sabha,V-901518,Education,2026-08-08,2026-09-08,35447596.65,24448716.92,93,"B-420452,B-503176",2030.0,False,
W-548746,Dr. Sarfraz Ahmad,Rajya Sabha,Jharkhand,Sitting Rajya Sabha,V-463053,Education,2025-03-18,2025-04-09,48713570.75,40288537.88,68,"B-646075,B-721638,B-110414,B-377708",2030.0,False,
W-862274,Dr. Sasmit Patra,Rajya Sabha,Odisha,Sitting Rajya Sabha,V-758050,Water,2023-03-21,2023-03-31,42610786.27,41667172.11,74,"B-70471,B-527417,B-786003",2028.0,False,
W-799897,Dr. Sasmit Patra,Rajya Sabha,Odisha,Sitting Rajya Sabha,V-644892,Education,2023-06-27,2022-05-21,30566256.03,23766368.22,47,"B-967399,B-204432,B-624486",2028.0,True,delayed_completion
W-348716,Dr. Sasmit Patra,Rajya Sabha,Odisha,Sitting Rajya Sabha,V-112136,Education,2024-04-13,2024-04-13,29452928.32,27453442.49,95,"B-728177,B-922891,B-962689",2028.0,False,
W-893769,Dr. Sasmit Patra,Rajya Sabha,Odisha,Sitting Rajya Sabha,V-DUP-014,Road,2021-09-15,2021-10-10,16301428.48,15752994.77,65,"B-443857,B-53493",2028.0,True,duplicate_vendor
W-631706,Dr. Sasmit Patra,Rajya Sabha,Odisha,Sitting Rajya Sabha,V-962588,Other,2026-01-02,2026-01-25,32931092.76,22694509.74,62,"B-760193,B-69266,B-164084",2028.0,False,
W-459543,Dr. Sasmit Patra,Rajya Sabha,Odisha,Sitting Rajya Sabha,V-819089,Water,2026-04-15,2026-09-27,13505843.1,9097449.88,59,"B-573503,B-13141,B-686972,B-746842,B-245317",2028.0,True,sanction_delay
W-521312,Dr. Sasmit Patra,Rajya Sabha,Odisha,Sitting Rajya Sabha,V-955316,Road,2024-02-03,2024-03-17,29715302.36,23188272.05,78,"B-891403,B-647460",2028.0,False,
W-492789,Dr. Satish Poonia,Rajya Sabha,Rajasthan,Sitting Rajya Sabha,V-846169,Health,2025-08-27,2025-09-09,5111148.1,4909960.5,89,"B-931496,B-518333",2032.0,False,
W-100778,Dr. Satish Poonia,Rajya Sabha,Rajasthan,Sitting Rajya Sabha,V-305207,Water,2024-04-29,2024-05-30,14945792.44,13102223.07,58,"B-854147,B-766348,B-657902",2032.0,False,
W-153758,Dr. Satish Poonia,Rajya Sabha,Rajasthan,Sitting Rajya Sabha,V-317779,Road,2022-05-24,2022-05-26,9935001.46,6473761.55,78,"B-5135,B-48419",2032.0,False,
W-818374,Dr. Satish Poonia,Rajya Sabha,Rajasthan,Sitting Rajya Sabha,V-908758,Other,2023-02-09,2023-03-02,18763058.0,24307342.21,95,"B-978777,B-283635,B-122013",2032.0,True,cost_overrun
W-480438,Dr. Sikander Kumar,Rajya Sabha,Himachal Pradesh,Sitting Rajya Sabha,V-408146,Other,2025-09-03,2025-10-07,63019765.95,42899142.27,62,"B-428356,B-509500,B-360788,B-666073,B-120714",2028.0,False,
W-779799,Dr. Sikander Kumar,Rajya Sabha,Himachal Pradesh,Sitting Rajya Sabha,V-841369,Education,2025-07-02,2025-07-18,12422253.34,9791409.97,77,"B-581488,B-498870",2028.0,False,
W-418793,Dr. Sikander Kumar,Rajya Sabha,Himachal Pradesh,Sitting Rajya Sabha,V-272624,Sanitation,2021-10-24,2021-11-18,38057864.21,34427902.02,66,"B-225820,B-375517,B-56759",2028.0,False,
W-437814,Dr. Sikander Kumar,Rajya Sabha,Himachal Pradesh,Sitting Rajya Sabha,V-604395,Education,2025-04-11,2025-04-29,15465600.52,13147707.57,73,"B-384722,B-646370,B-165348",2028.0,False,
W-157737,Dr. Sikander Kumar,Rajya Sabha,Himachal Pradesh,Sitting Rajya Sabha,V-113780,Education,2025-11-29,2025-12-20,77859153.3,61762702.18,93,"B-317459,B-657709,B-713494,B-506496,B-345851",2028.0,False,
W-774795,Dr. Sudhanshu Trivedi,Rajya Sabha,Uttar Pradesh,Sitting Rajya Sabha,V-750647,Sanitation,2026-05-10,2026-05-13,11316627.66,9345814.5,77,"B-410739,B-523897,B-165174,B-454432,B-890090",2030.0,False,
W-481198,Dr. Sudhanshu Trivedi,Rajya Sabha,Uttar Pradesh,Sitting Rajya Sabha,V-583575,Health,2026-05-02,2026-05-02,51544367.25,34925551.84,61,"B-242681,B-139806,B-232162,B-592307",2030.0,True,duplicate_vendor
W-443800,Dr. Sudhanshu Trivedi,Rajya Sabha,Uttar Pradesh,Sitting Rajya Sabha,V-764521,Other,2022-10-18,2022-10-19,6373090.34,4800465.07,55,"B-192981,B-927602",2030.0,False,
W-911177,Dr. Sudhanshu Trivedi,Rajya Sabha,Uttar Pradesh,Sitting Rajya Sabha,V-888006,Water,2026-08-17,2026-08-17,57687310.99,55440174.72,95,"B-612251,B-858935,B-474963,B-634652",2030.0,False,
W-805166,Dr. Sudhanshu Trivedi,Rajya Sabha,Uttar Pradesh,Sitting Rajya Sabha,V-862070,Education,2026-01-12,2026-02-13,19343603.76,17714329.63,50,"B-74593,B-203264,B-583239,B-612634",2030.0,False,
W-292897,Dr. Syed Naseer Hussain,Rajya Sabha,Karnataka,Sitting Rajya Sabha,V-34379,Education,2023-12-09,2023-12-25,64673994.49,43099428.27,76,"B-543584,B-974314,B-905418",2030.0,False,
W-210450,Dr. Syed Naseer Hussain,Rajya Sabha,Karnataka,Sitting Rajya Sabha,V-140336,Road,2023-10-01,2023-11-02,25108244.82,18244321.68,65,"B-338664,B-444043,B-515444,B-579851,B-944098",2030.0,False,
W-585874,Dr. Syed Naseer Hussain,Rajya Sabha,Karnataka,Sitting Rajya Sabha,V-163685,Sanitation,2023-04-14,2023-04-17,4436642.13,5892211.53,78,"B-515769,B-16308,B-978523,B-160753,B-582277",2030.0,True,cost_overrun
W-981843,Dr. Syed Naseer Hussain,Rajya Sabha,Karnataka,Sitting Rajya Sabha,V-674708,Sanitation,2021-11-13,2021-12-05,28186376.62,26683233.93,92,"B-246632,B-437860,B-962677,B-352465,B-373020",2030.0,False,
W-280357,Dr. Syed Naseer Hussain,Rajya Sabha,Karnataka,Sitting Rajya Sabha,V-47188,Other,2024-10-24,2024-11-15,23859741.94,21668154.72,49,"B-818701,B-547895",2030.0,False,
W-842169,Dr. V. Sivadasan,Rajya Sabha,Kerala,Sitting Rajya Sabha,V-25760,Education,2025-01-30,2025-02-01,21367693.94,17350163.78,38,"B-145162,B-162545",2027.0,False,
W-257654,Dr. V. Sivadasan,Rajya Sabha,Kerala,Sitting Rajya Sabha,V-384561,Road,2025-07-05,2025-07-26,55827861.87,51771595.07,54,"B-839982,B-954824",2027.0,False,
W-618333,Dr. V. Sivadasan,Rajya Sabha,Kerala,Sitting Rajya Sabha,V-811616,Other,2023-05-23,2023-06-15,37358233.68,24290845.3,85,"B-940984,B-516680,B-991385,B-786136,B-964317",2027.0,False,
W-978374,Dr. V. Sivadasan,Rajya Sabha,Kerala,Sitting Rajya Sabha,V-675471,Health,2024-12-19,2024-12-20,49856294.39,38588596.4,45,"B-364197,B-459332,B-621597",2027.0,False,
W-294772,Dr. V. Sivadasan,Rajya Sabha,Kerala,Sitting Rajya Sabha,V-40567,Education,2024-09-16,2024-10-16,61415880.05,52764457.27,92,"B-336132,B-349531,B-205980,B-732889,B-37510",2027.0,False,
W-110136,Dr. V. Sivadasan,Rajya Sabha,Kerala,Sitting Rajya Sabha,V-853767,Water,2024-12-23,2025-01-11,12769374.37,13920445.71,91,"B-22428,B-235492",2027.0,True,cost_overrun
W-762335,Dr. V. Sivadasan,Rajya Sabha,Kerala,Sitting Rajya Sabha,V-29020,Road,2025-10-11,2025-10-22,21232431.04,15320816.77,84,"B-634833,B-450138,B-192817,B-764934,B-776581",2027.0,False,
W-303518,Dr. V. Sivadasan,Rajya Sabha,Kerala,Sitting Rajya Sabha,V-831642,Road,2023-11-07,2023-11-12,15508952.31,10090284.44,89,"B-250969,B-134310,B-668942",2027.0,False,
W-626093,Dr. Vikramjit Singh Sahney,Rajya Sabha,Punjab,Sitting Rajya Sabha,V-617053,Other,2021-11-23,2021-12-18,10822568.51,7579909.01,78,"B-193731,B-401417,B-536971",2028.0,False,
W-704490,Dr. Vikramjit Singh Sahney,Rajya Sabha,Punjab,Sitting Rajya Sabha,V-272283,Other,2023-02-16,2023-03-10,18396358.03,13481188.81,80,"B-323852,B-826009,B-359701,B-682877",2028.0,False,
W-412448,Dr. Vikramjit Singh Sahney,Rajya Sabha,Punjab,Sitting Rajya Sabha,V-644774,Sanitation,2026-08-22,2026-08-30,61705013.77,44366656.65,77,"B-540183,B-955807",2028.0,False,
W-898699,Dr. Vikramjit Singh Sahney,Rajya Sabha,Punjab,Sitting Rajya Sabha,V-527202,Sanitation,2022-01-06,2022-01-15,31456160.17,23007763.49,60,"B-164958,B-192388,B-606196,B-489735,B-341615",2028.0,False,
W-431350,Dr. Vikramjit Singh Sahney,Rajya Sabha,Punjab,Sitting Rajya Sabha,V-935645,Water,2022-05-21,2022-06-09,31515262.06,22334301.46,76,"B-268795,B-621972,B-937195,B-43071",2028.0,False,
W-777061,Dr. Vikramjit Singh Sahney,Rajya Sabha,Punjab,Sitting Rajya Sabha,V-389573,Health,2025-05-16,2022-10-02,20644119.12,16317436.95,24,"B-510683,B-71664,B-134391,B-217099,B-916703",2028.0,True,delayed_completion
W-620724,Dr. Vikramjit Singh Sahney,Rajya Sabha,Punjab,Sitting Rajya Sabha,V-484692,Water,2025-06-16,2025-07-29,23123445.86,19998612.88,67,"B-660138,B-961569,B-196930",2028.0,False,
W-286526,Ms. Dola Sen,Rajya Sabha,West Bengal,Sitting Rajya Sabha,V-409234,Road,2024-08-11,2024-08-13,27410490.39,21936669.03,77,"B-377756,B-557036,B-64510",2029.0,False,
W-248801,Ms. Dola Sen,Rajya Sabha,West Bengal,Sitting Rajya Sabha,V-650122,Health,2025-07-01,2025-07-04,79438705.43,63919530.66,73,"B-930933,B-653080",2029.0,False,
W-903442,Ms. Dola Sen,Rajya Sabha,West Bengal,Sitting Rajya Sabha,V-312977,Other,2025-12-15,2025-12-26,21545460.25,20971058.12,39,"B-515215,B-493518,B-65279,B-172086",2029.0,False,
W-382953,Ms. Dola Sen,Rajya Sabha,West Bengal,Sitting Rajya Sabha,V-17853,Road,2026-07-26,2026-08-29,21698391.78,19175771.3,47,"B-731835,B-723795,B-847643",2029.0,False,
W-712399,Ms. Dola Sen,Rajya Sabha,West Bengal,Sitting Rajya Sabha,V-884087,Road,2026-01-28,2026-02-20,20549452.15,14401308.91,50,"B-571060,B-874596,B-4509,B-981064,B-336966",2029.0,False,
W-511556,Ms. Swati Maliwal,Rajya Sabha,Delhi,Sitting Rajya Sabha,V-853729,Other,2022-01-17,2022-05-07,10340209.49,7496138.26,76,"B-19693,B-128372",2030.0,True,sanction_delay
W-417163,Ms. Swati Maliwal,Rajya Sabha,Delhi,Sitting Rajya Sabha,V-790818,Sanitation,2023-02-08,2023-02-11,36631087.45,35408048.89,84,"B-336728,B-132130,B-347888,B-986762,B-802843",2030.0,False,
W-554349,Ms. Swati Maliwal,Rajya Sabha,Delhi,Sitting Rajya Sabha,V-871354,Education,2023-03-13,2023-03-21,9217737.41,7601117.61,84,"B-241726,B-700724,B-949725,B-64317",2030.0,False,
W-150988,Ms. Swati Maliwal,Rajya Sabha,Delhi,Sitting Rajya Sabha,V-916594,Sanitation,2022-02-02,2022-02-14,4293536.7,3414203.46,71,"B-302348,B-21624,B-628162,B-209249",2030.0,False,
W-880155,Ms. Swati Maliwal,Rajya Sabha,Delhi,Sitting Rajya Sabha,V-12576,Water,2023-04-21,2023-04-28,38037862.57,31331545.41,75,"B-607395,B-273511",2030.0,False,
W-159626,Ms. Swati Maliwal,Rajya Sabha,Delhi,Sitting Rajya Sabha,V-449049,Sanitation,2021-11-07,2021-11-07,38556737.76,33844604.43,76,"B-629564,B-471612,B-974666,B-854018,B-DUP-014",2030.0,True,duplicate_beneficiary
W-482781,Ms. Swati Maliwal,Rajya Sabha,Delhi,Sitting Rajya Sabha,V-625218,Education,2022-11-10,2022-12-14,9187828.62,6520924.43,91,"B-806379,B-23017,B-243566,B-99217",2030.0,False,
W-201238,Prof. Manoj Kumar Jha,Rajya Sabha,Bihar,Sitting Rajya Sabha,V-561614,Other,2023-12-07,2023-12-27,28152977.39,21111874.77,51,"B-519383,B-132190",2030.0,True,delayed_completion
W-744543,Prof. Manoj Kumar Jha,Rajya Sabha,Bihar,Sitting Rajya Sabha,V-878887,Water,2022-07-21,2022-08-09,10805693.27,7855425.28,87,"B-90668,B-545745,B-100608",2030.0,False,
W-718383,Prof. Manoj Kumar Jha,Rajya Sabha,Bihar,Sitting Rajya Sabha,V-206123,Water,2024-05-07,2024-06-01,128944305.3,87052805.98,66,"B-327988,B-216941",2030.0,False,
W-328383,Prof. Manoj Kumar Jha,Rajya Sabha,Bihar,Sitting Rajya Sabha,V-875771,Other,2023-09-17,2024-02-02,22759035.59,16223622.14,73,"B-273742,B-646136",2030.0,True,sanction_delay
W-410483,Prof. Ram Gopal Yadav,Rajya Sabha,Uttar Pradesh,Sitting Rajya Sabha,V-506715,Health,2023-11-13,2023-12-17,72411247.92,64034946.33,71,"B-64812,B-66814,B-99820",2026.0,False,
W-217897,Prof. Ram Gopal Yadav,Rajya Sabha,Uttar Pradesh,Sitting Rajya Sabha,V-947134,Other,2023-12-27,2024-01-29,30256246.65,28609981.54,62,"B-260860,B-477525,B-56639,B-464919",2026.0,False,
W-102117,Prof. Ram Gopal Yadav,Rajya Sabha,Uttar Pradesh,Sitting Rajya Sabha,V-629096,Health,2023-08-05,2023-08-31,47292150.23,37351201.92,77,"B-649817,B-849742,B-42857,B-93197",2026.0,False,
W-303902,Prof. Ram Gopal Yadav,Rajya Sabha,Uttar Pradesh,Sitting Rajya Sabha,V-DUP-001,Sanitation,2021-10-05,2021-10-11,70205393.33,59427514.77,62,"B-991365,B-6517,B-319871",2026.0,False,
W-621123,Shri A. A. Rahim,Rajya Sabha,Kerala,Sitting Rajya Sabha,V-197518,Education,2022-09-17,2022-10-10,33817120.82,24305757.53,38,"B-55660,B-202424",2028.0,False,
W-767380,Shri A. A. Rahim,Rajya Sabha,Kerala,Sitting Rajya Sabha,V-305546,Sanitation,2023-02-05,2023-02-17,37661805.78,35185858.86,77,"B-230633,B-128443,B-759793",2028.0,False,
W-586091,Shri A. A. Rahim,Rajya Sabha,Kerala,Sitting Rajya Sabha,V-512041,Sanitation,2025-09-17,2025-10-19,10497020.02,7905956.48,67,"B-195152,B-84007,B-386130,B-881609",2028.0,False,
W-290990,Shri A. A. Rahim,Rajya Sabha,Kerala,Sitting Rajya Sabha,V-31596,Road,2024-08-11,2024-11-08,16095150.42,12000630.29,57,"B-158363,B-753195,B-958217,B-361497",2028.0,False,
W-335260,Shri A. A. Rahim,Rajya Sabha,Kerala,Sitting Rajya Sabha,V-396818,Water,2022-04-20,2022-05-22,66728347.33,47210256.59,94,"B-391381,B-361982,B-199712,B-669662,B-616668",2028.0,False,
W-263220,Shri A. A. Rahim,Rajya Sabha,Kerala,Sitting Rajya Sabha,V-415650,Road,2023-10-19,2023-11-05,8675130.65,6514868.86,92,"B-801081,B-997864",2028.0,False,
W-294549,Shri A. A. Rahim,Rajya Sabha,Kerala,Sitting Rajya Sabha,V-131263,Education,2023-05-31,2023-06-18,45986562.3,36023183.65,39,"B-718349,B-675473,B-326791",2028.0,False,
W-699445,Shri Abdul Wahab,Rajya Sabha,Kerala,Sitting Rajya Sabha,V-435863,Road,2023-09-08,2023-09-15,4229796.27,4140690.11,86,"B-831300,B-825366,B-180652,B-742387,B-584714",2027.0,False,
W-867181,Shri Abdul Wahab,Rajya Sabha,Kerala,Sitting Rajya Sabha,V-483314,Water,2024-05-31,2021-05-13,49167421.35,36759547.4,40,"B-533939,B-3833,B-109158,B-827486,B-633218",2027.0,True,delayed_completion
W-385135,Shri Abdul Wahab,Rajya Sabha,Kerala,Sitting Rajya Sabha,V-76497,Education,2025-11-08,2025-11-09,85802240.25,61095751.43,46,"B-284433,B-610273,B-713996,B-932649",2027.0,False,
W-399562,Shri Abdul Wahab,Rajya Sabha,Kerala,Sitting Rajya Sabha,V-458800,Sanitation,2021-10-29,2021-11-25,30280138.53,28511723.38,42,"B-957975,B-373038,B-273813",2027.0,False,
W-829059,Shri Abdul Wahab,Rajya Sabha,Kerala,Sitting Rajya Sabha,V-539795,Sanitation,2025-09-01,2025-09-14,50392550.27,47842737.24,62,"B-47455,B-1596",2027.0,False,
W-298046,Shri Abdul Wahab,Rajya Sabha,Kerala,Sitting Rajya Sabha,V-599726,Health,2022-01-30,2022-03-01,40954848.86,31188058.43,76,"B-917081,B-660678",2027.0,False,
W-701897,Shri Abdul Wahab,Rajya Sabha,Kerala,Sitting Rajya Sabha,V-803152,Health,2026-02-26,2026-03-12,31618553.73,27966165.39,39,"B-243871,B-807655,B-607332,B-777474,B-57858",2027.0,False,
W-726727,Shri Abdul Wahab,Rajya Sabha,Kerala,Sitting Rajya Sabha,V-81661,Sanitation,2024-03-03,2024-03-10,16898909.26,11946891.41,53,"B-237349,B-472914,B-558270,B-265248,B-868166",2027.0,False,
W-226466,Shri Aditya Prasad,Rajya Sabha,Jharkhand,Sitting Rajya Sabha,V-574163,Health,2023-08-13,2023-08-15,34119186.12,32402326.76,89,"B-743545,B-711483,B-135890,B-476108,B-287852",2028.0,False,
W-388317,Shri Aditya Prasad,Rajya Sabha,Jharkhand,Sitting Rajya Sabha,V-331706,Other,2024-12-06,2024-12-29,5091156.98,3722134.07,46,"B-901503,B-179549,B-864046",2028.0,False,
W-356136,Shri Aditya Prasad,Rajya Sabha,Jharkhand,Sitting Rajya Sabha,V-247617,Health,2023-06-02,2023-11-08,6445988.78,4372024.37,88,"B-91311,B-60052,B-213469",2028.0,True,sanction_delay
W-249206,Shri Aditya Prasad,Rajya Sabha,Jharkhand,Sitting Rajya Sabha,V-435431,Road,2023-05-08,2023-05-21,9268080.2,8485333.24,71,"B-528230,B-53291,B-210894,B-271226",2028.0,False,
W-840302,Shri Aditya Prasad,Rajya Sabha,Jharkhand,Sitting Rajya Sabha,V-660471,Water,2024-03-17,2024-04-17,44361969.46,40428780.36,91,"B-630690,B-743749,B-355615,B-260725,B-67571",2028.0,False,
W-735146,Shri Aditya Prasad,Rajya Sabha,Jharkhand,Sitting Rajya Sabha,V-988315,Road,2026-06-25,2026-07-15,43939504.2,29546895.76,59,"B-293163,B-89949",2028.0,False,
W-252573,Shri Aditya Prasad,Rajya Sabha,Jharkhand,Sitting Rajya Sabha,V-498290,Other,2021-10-23,2021-11-23,74170657.68,65015023.76,80,"B-61863,B-242548",2028.0,False,
W-161290,Shri Aditya Prasad,Rajya Sabha,Jharkhand,Sitting Rajya Sabha,V-667170,Sanitation,2021-12-17,2021-12-18,9093822.23,13411368.23,97,"B-567267,B-751195,B-458950,B-469365",2028.0,True,cost_overrun
W-385726,Shri Ajay Makan,Rajya Sabha,Karnataka,Sitting Rajya Sabha,V-678010,Road,2022-03-17,2022-03-25,6129360.11,4359071.76,71,"B-91757,B-429562,B-422937",2030.0,False,
W-149079,Shri Ajay Makan,Rajya Sabha,Karnataka,Sitting Rajya Sabha,V-758424,Education,2023-03-21,2023-03-29,13733308.2,11453363.01,72,"B-544402,B-662821,B-141351",2030.0,False,
W-171784,Shri Ajay Makan,Rajya Sabha,Karnataka,Sitting Rajya Sabha,V-924393,Health,2025-05-20,2025-06-14,27752145.36,23240204.67,53,B-DUP-013,2030.0,True,duplicate_beneficiary
W-392602,Shri Ajay Makan,Rajya Sabha,Karnataka,Sitting Rajya Sabha,V-113356,Health,2023-01-02,2023-02-04,10871371.33,8223052.51,80,"B-174161,B-837402,B-536088,B-491833",2030.0,False,
W-987636,Shri Ajay Makan,Rajya Sabha,Karnataka,Sitting Rajya Sabha,V-916393,Education,2024-02-01,2024-02-01,34254476.76,30595578.1,91,"B-414891,B-249039,B-225420,B-356475",2030.0,False,
W-406459,Shri Ajay Makan,Rajya Sabha,Karnataka,Sitting Rajya Sabha,V-907578,Health,2025-01-09,2025-02-08,14517742.99,9443769.8,84,"B-274666,B-963237,B-147089,B-158864",2030.0,True,sanction_delay
W-496943,Shri Ajay Makan,Rajya Sabha,Karnataka,Sitting Rajya Sabha,V-928165,Sanitation,2024-07-30,2024-08-22,29202065.3,25393658.93,82,"B-885431,B-280914,B-393301",2030.0,False,
W-125476,Shri Ajay Makan,Rajya Sabha,Karnataka,Sitting Rajya Sabha,V-549104,Health,2022-01-07,2022-01-29,9804529.95,8221495.26,82,"B-652477,B-126295",2030.0,False,
W-813983,Shri Akhilesh Prasad Singh,Rajya Sabha,Bihar,Sitting Rajya Sabha,V-616758,Health,2022-09-30,2022-11-02,35687485.86,33247141.65,43,"B-934052,B-223228,B-735565,B-629709",2030.0,False,
W-705599,Shri Akhilesh Prasad Singh,Rajya Sabha,Bihar,Sitting Rajya Sabha,V-444883,Water,2025-12-20,2026-01-09,16636065.15,16215075.19,60,"B-767933,B-261158,B-374162,B-674890",2030.0,False,
W-395920,Shri Akhilesh Prasad Singh,Rajya Sabha,Bihar,Sitting Rajya Sabha,V-851807,Road,2024-07-12,2024-07-23,54164310.02,44049786.11,86,"B-966921,B-675909",2030.0,False,
W-523165,Shri Akhilesh Prasad Singh,Rajya Sabha,Bihar,Sitting Rajya Sabha,V-98978,Road,2023-08-06,2023-09-09,78781138.97,65486534.33,93,"B-666530,B-808733,B-871198,B-897001",2030.0,False,
W-743417,Shri Amar Pal Maurya,Rajya Sabha,Uttar Pradesh,Sitting Rajya Sabha,V-839015,Health,2023-10-04,2023-11-01,4210104.13,3857286.93,52,"B-630595,B-495495",2030.0,False,
W-855947,Shri Amar Pal Maurya,Rajya Sabha,Uttar Pradesh,Sitting Rajya Sabha,V-902671,Health,2025-01-28,2025-02-28,14108019.64,13635726.49,41,"B-49298,B-320127",2030.0,False,
W-178660,Shri Amar Pal Maurya,Rajya Sabha,Uttar Pradesh,Sitting Rajya Sabha,V-DUP-005,Health,2021-09-21,2021-10-24,15021851.6,11149556.49,57,"B-661826,B-600493,B-134646,B-354922",2030.0,True,duplicate_vendor
W-616100,Shri Amar Pal Maurya,Rajya Sabha,Uttar Pradesh,Sitting Rajya Sabha,V-449721,Other,2026-06-14,2026-06-20,11211761.11,10312134.22,39,"B-886245,B-538395,B-725595,B-27552,B-460136",2030.0,False,
W-807761,Shri Amar Pal Maurya,Rajya Sabha,Uttar Pradesh,Sitting Rajya Sabha,V-843833,Health,2025-07-25,2025-08-28,19153263.01,18723004.92,37,"B-907016,B-245794",2030.0,False,
W-593472,Shri Amar Pal Maurya,Rajya Sabha,Uttar Pradesh,Sitting Rajya Sabha,V-DUP-003,Education,2021-09-12,2021-10-05,30289206.81,22417200.63,58,"B-763039,B-158891",2030.0,True,duplicate_vendor
W-860495,Shri Amar Pal Maurya,Rajya Sabha,Uttar Pradesh,Sitting Rajya Sabha,V-622793,Water,2025-02-01,2025-02-06,17153364.65,16450493.33,73,"B-979091,B-208007,B-528703,B-605116",2030.0,False,
W-555561,Shri Amar Pal Maurya,Rajya Sabha,Uttar Pradesh,Sitting Rajya Sabha,V-725083,Road,2023-10-27,2023-10-28,35117429.05,34232326.76,64,"B-295588,B-265070,B-441710,B-714849,B-651572",2030.0,False,
W-560995,Shri Anil Kumar Yadav Mandadi,Rajya Sabha,Telangana,Sitting Rajya Sabha,V-974308,Water,2025-12-22,2026-01-25,15276783.39,12093942.18,74,"B-46418,B-851056,B-136447,B-703381,B-47449",2030.0,False,
W-671359,Shri Anil Kumar Yadav Mandadi,Rajya Sabha,Telangana,Sitting Rajya Sabha,V-680852,Education,2023-05-24,2023-06-21,15367884.49,14867121.63,44,"B-592120,B-641062",2030.0,False,
W-777389,Shri Anil Kumar Yadav Mandadi,Rajya Sabha,Telangana,Sitting Rajya Sabha,V-434745,Water,2023-12-31,2024-02-02,29891856.19,21305945.76,59,"B-997168,B-761172,B-241108",2030.0,False,
W-985522,Shri Anil Kumar Yadav Mandadi,Rajya Sabha,Telangana,Sitting Rajya Sabha,V-75755,Sanitation,2022-04-16,2022-05-17,34672295.04,27269915.38,61,"B-383300,B-683822,B-647317,B-470177",2030.0,False,
W-545780,Shri Anil Kumar Yadav Mandadi,Rajya Sabha,Telangana,Sitting Rajya Sabha,V-220933,Other,2023-09-24,2023-10-23,51056180.88,41945653.03,81,"B-854351,B-835456,B-463297,B-85393",2030.0,False,
W-897940,Shri Anurag Sharma,Rajya Sabha,Himachal Pradesh,Sitting Rajya Sabha,V-624208,Water,2026-05-18,2026-06-09,12592886.06,9019436.86,93,"B-917874,B-308936,B-684377,B-56849",2032.0,False,
W-162388,Shri Anurag Sharma,Rajya Sabha,Himachal Pradesh,Sitting Rajya Sabha,V-294162,Water,2026-04-15,2026-04-19,13472066.51,10965840.37,41,"B-991159,B-959821,B-747702,B-522592",2032.0,False,
W-263298,Shri Anurag Sharma,Rajya Sabha,Himachal Pradesh,Sitting Rajya Sabha,V-106828,Education,2025-06-23,2025-07-15,12163430.03,8489302.06,41,"B-544659,B-478856",2032.0,False,
W-272432,Shri Anurag Sharma,Rajya Sabha,Himachal Pradesh,Sitting Rajya Sabha,V-823100,Road,2022-09-04,2022-09-13,6922108.51,5886006.23,50,"B-744087,B-796727,B-873461,B-977429,B-897699",2032.0,False,
W-598397,Shri Anurag Sharma,Rajya Sabha,Himachal Pradesh,Sitting Rajya Sabha,V-946046,Sanitation,2024-06-12,2024-07-09,3604508.89,3868514.95,93,"B-177177,B-105580,B-545025",2032.0,False,
W-174678,Shri Arun Singh,Rajya Sabha,Uttar Pradesh,Sitting Rajya Sabha,V-413514,Road,2024-08-16,2024-08-17,21431596.17,18962591.41,89,"B-932020,B-226561,B-965313,B-751677",2026.0,False,
W-587303,Shri Arun Singh,Rajya Sabha,Uttar Pradesh,Sitting Rajya Sabha,V-14220,Education,2023-05-05,2023-05-19,2014009.71,1535879.65,81,"B-624572,B-373078,B-357470",2026.0,False,
W-200481,Shri Arun Singh,Rajya Sabha,Uttar Pradesh,Sitting Rajya Sabha,V-484943,Health,2023-11-24,2023-12-27,54823095.23,39256181.39,91,"B-326455,B-325745,B-755623,B-358369,B-543522",2026.0,False,
W-560202,Shri Arun Singh,Rajya Sabha,Uttar Pradesh,Sitting Rajya Sabha,V-463890,Water,2024-11-01,2024-11-13,24784426.1,19887515.69,89,"B-760627,B-116639,B-377612,B-336421,B-4346",2026.0,False,
W-227687,Shri Arun Singh,Rajya Sabha,Uttar Pradesh,Sitting Rajya Sabha,V-50618,Water,2023-11-22,2023-12-13,19567609.13,15424256.0,37,"B-831405,B-504502,B-875900,B-430457",2026.0,False,
W-304447,Shri Arun Singh,Rajya Sabha,Uttar Pradesh,Sitting Rajya Sabha,V-748528,Health,2026-01-17,2026-02-01,18243408.53,13528610.25,59,"B-620044,B-336916,B-109153",2026.0,False,
W-637152,Shri Arun Singh,Rajya Sabha,Uttar Pradesh,Sitting Rajya Sabha,V-824496,Education,2025-07-28,2025-08-06,40921252.78,38634667.6,74,"B-165141,B-524819,B-582341,B-801114,B-631852",2026.0,False,
W-442854,Shri Arun Singh,Rajya Sabha,Uttar Pradesh,Sitting Rajya Sabha,V-633520,Health,2022-05-10,2022-05-24,40589902.64,37325204.18,74,"B-229279,B-321534,B-526906,B-218786",2026.0,False,
W-771762,Shri Ashok Singh,Rajya Sabha,Madhya Pradesh,Sitting Rajya Sabha,V-201538,Health,2023-05-23,2023-06-04,119406757.84,127601120.04,72,"B-293329,B-791055,B-468304",2030.0,False,
W-579128,Shri Ashok Singh,Rajya Sabha,Madhya Pradesh,Sitting Rajya Sabha,V-464427,Road,2023-11-22,2023-12-14,17787052.78,14439559.06,92,"B-621280,B-863695,B-416940,B-833187,B-156885",2030.0,False,
W-782639,Shri Ashok Singh,Rajya Sabha,Madhya Pradesh,Sitting Rajya Sabha,V-978698,Road,2022-05-05,2022-06-05,9071189.38,7338815.67,90,"B-313733,B-686550,B-466333,B-862010,B-966794",2030.0,False,
W-928034,Shri Ashokrao Shankarrao Chavan,Rajya Sabha,Maharashtra,Sitting Rajya Sabha,V-757456,Road,2026-08-31,2026-10-03,89883346.04,82653285.73,51,"B-467728,B-911940",2030.0,False,
W-735817,Shri Ashokrao Shankarrao Chavan,Rajya Sabha,Maharashtra,Sitting Rajya Sabha,V-800647,Health,2026-03-22,2026-03-27,19398302.05,14525573.31,64,"B-974077,B-263567,B-964102,B-492002",2030.0,False,
W-541839,Shri Ashokrao Shankarrao Chavan,Rajya Sabha,Maharashtra,Sitting Rajya Sabha,V-433242,Water,2023-12-10,2023-12-10,36983351.91,33357447.17,58,"B-371806,B-465057",2030.0,False,
W-693626,Shri Ashwini Vaishnaw,Rajya Sabha,Odisha,Sitting Rajya Sabha,V-302610,Education,2024-09-21,2024-10-25,63265624.82,56162161.85,87,"B-699312,B-126207,B-915540,B-323556",2030.0,False,
W-934898,Shri Ashwini Vaishnaw,Rajya Sabha,Odisha,Sitting Rajya Sabha,V-296057,Health,2026-07-16,2026-08-01,50490048.49,44672159.51,66,"B-184499,B-5620",2030.0,True,duplicate_beneficiary
W-251751,Shri Ashwini Vaishnaw,Rajya Sabha,Odisha,Sitting Rajya Sabha,V-261160,Sanitation,2026-08-28,2022-11-12,91468607.64,63218600.04,24,"B-372528,B-869727",2030.0,False,
W-165297,Shri Ashwini Vaishnaw,Rajya Sabha,Odisha,Sitting Rajya Sabha,V-500209,Road,2021-11-17,2021-12-24,18948813.55,17043412.33,63,"B-416365,B-209329",2030.0,True,sanction_delay
W-679833,Shri Ashwini Vaishnaw,Rajya Sabha,Odisha,Sitting Rajya Sabha,V-289034,Education,2025-02-27,2025-03-28,40063042.82,37998329.39,60,"B-137264,B-903749",2030.0,False,
W-843196,Shri B. Parthasaradhi Reddy,Rajya Sabha,Telangana,Sitting Rajya Sabha,V-487386,Sanitation,2024-08-18,2024-08-24,94696539.99,87418720.86,48,"B-99891,B-793393,B-938642,B-740641",2028.0,False,
W-712336,Shri B. Parthasaradhi Reddy,Rajya Sabha,Telangana,Sitting Rajya Sabha,V-665548,Water,2024-01-08,2024-01-20,106622723.79,85175740.01,74,"B-583639,B-519480",2028.0,False,
W-845986,Shri B. Parthasaradhi Reddy,Rajya Sabha,Telangana,Sitting Rajya Sabha,V-4286,Road,2023-09-19,2023-09-20,41824014.7,31070977.69,42,"B-863806,B-537131,B-547018",2028.0,False,
W-439961,Shri B.L. Verma,Rajya Sabha,Uttar Pradesh,Sitting Rajya Sabha,V-820669,Sanitation,2022-11-04,2022-11-30,4383258.4,3853260.79,81,"B-226871,B-432981,B-659532,B-34401,B-254824",2026.0,False,
W-102600,Shri B.L. Verma,Rajya Sabha,Uttar Pradesh,Sitting Rajya Sabha,V-526713,Sanitation,2026-03-24,2026-04-05,25539704.48,18925677.35,84,"B-908854,B-608902,B-687114",2026.0,False,
W-287833,Shri B.L. Verma,Rajya Sabha,Uttar Pradesh,Sitting Rajya Sabha,V-210564,Other,2024-06-17,2024-11-11,7762222.28,5594380.95,59,"B-803450,B-873442,B-119074,B-769929,B-456022",2026.0,True,sanction_delay
W-126421,Shri B.L. Verma,Rajya Sabha,Uttar Pradesh,Sitting Rajya Sabha,V-111857,Sanitation,2026-01-18,2026-03-04,41451520.75,37656130.33,45,"B-167046,B-92630,B-978485,B-742211,B-79867",2026.0,False,
W-704672,Shri B.L. Verma,Rajya Sabha,Uttar Pradesh,Sitting Rajya Sabha,V-45118,Sanitation,2022-08-19,2019-02-16,19437439.38,17389754.81,29,"B-821289,B-899716,B-806141",2026.0,True,delayed_completion
W-855617,Shri B.L. Verma,Rajya Sabha,Uttar Pradesh,Sitting Rajya Sabha,V-75532,Sanitation,2023-08-24,2023-09-21,49391382.47,45533322.45,52,"B-489407,B-14609,B-41982,B-46076",2026.0,False,
W-571190,Shri B.L. Verma,Rajya Sabha,Uttar Pradesh,Sitting Rajya Sabha,V-269153,Other,2024-11-18,2024-11-25,47118109.56,45712748.23,57,"B-433376,B-369391,B-761398,B-173350,B-780457",2026.0,False,
W-468147,Shri Babubhai Jesangbhai Desai,Rajya Sabha,Gujarat,Sitting Rajya Sabha,V-653121,Health,2022-01-25,2022-02-10,68600295.26,66908346.24,83,"B-381047,B-766874,B-16070",2029.0,False,
W-799056,Shri Babubhai Jesangbhai Desai,Rajya Sabha,Gujarat,Sitting Rajya Sabha,V-311845,Water,2026-07-15,2026-07-27,29294886.98,20705449.72,86,"B-524490,B-25302,B-789971,B-446098,B-763207",2029.0,False,
W-114905,Shri Babubhai Jesangbhai Desai,Rajya Sabha,Gujarat,Sitting Rajya Sabha,V-273003,Road,2026-08-04,2026-08-13,21636467.07,17247247.55,79,"B-3272,B-769834,B-262199,B-897516,B-633156",2029.0,False,
W-935235,Shri Babubhai Jesangbhai Desai,Rajya Sabha,Gujarat,Sitting Rajya Sabha,V-695372,Sanitation,2025-12-29,2026-01-31,20964889.79,15102141.79,52,"B-145009,B-548447,B-103824,B-764420,B-699867",2029.0,False,
W-977398,Shri Babubhai Jesangbhai Desai,Rajya Sabha,Gujarat,Sitting Rajya Sabha,V-433100,Health,2026-08-01,2026-08-21,30145960.9,22367918.34,42,"B-649444,B-531649,B-34012,B-273867",2029.0,False,
W-716561,Shri Baburam Nishad,Rajya Sabha,Uttar Pradesh,Sitting Rajya Sabha,V-790700,Road,2022-08-05,2022-08-21,41167336.5,35777461.78,69,"B-931846,B-266702,B-472389,B-389934,B-890389",2028.0,False,
W-234564,Shri Baburam Nishad,Rajya Sabha,Uttar Pradesh,Sitting Rajya Sabha,V-267648,Education,2022-01-27,2022-02-01,14584593.82,13398331.62,93,"B-43313,B-598734",2028.0,False,
W-162443,Shri Baburam Nishad,Rajya Sabha,Uttar Pradesh,Sitting Rajya Sabha,V-611131,Sanitation,2025-09-30,2025-10-16,139331707.0,114082519.7,92,"B-740479,B-596855",2028.0,False,
W-195886,Shri Baidyanath Ram,Rajya Sabha,Jharkhand,Sitting Rajya Sabha,V-136410,Road,2021-11-15,2022-05-10,1830393.65,1489840.63,49,"B-808388,B-277920,B-786274",2032.0,True,sanction_delay
W-350697,Shri Baidyanath Ram,Rajya Sabha,Jharkhand,Sitting Rajya Sabha,V-521656,Water,2023-12-13,2024-01-15,4027551.36,2909354.26,64,"B-726465,B-385710,B-495241",2032.0,False,
W-547982,Shri Baidyanath Ram,Rajya Sabha,Jharkhand,Sitting Rajya Sabha,V-16426,Education,2023-10-22,2023-08-28,13564261.43,11601877.83,33,"B-561058,B-901675,B-221729",2032.0,True,delayed_completion
W-544625,Shri Baidyanath Ram,Rajya Sabha,Jharkhand,Sitting Rajya Sabha,V-696667,Sanitation,2025-10-18,2025-11-03,11316357.45,10502125.78,94,"B-323144,B-457361,B-735504",2032.0,False,
W-723805,Shri Baidyanath Ram,Rajya Sabha,Jharkhand,Sitting Rajya Sabha,V-510065,Road,2023-10-05,2023-10-29,10291051.55,8494834.05,47,"B-45319,B-796534,B-587263,B-650216,B-649882",2032.0,False,
W-164215,Shri Baidyanath Ram,Rajya Sabha,Jharkhand,Sitting Rajya Sabha,V-595076,Water,2026-04-03,2026-04-24,4771880.07,4290306.77,35,"B-713484,B-985275",2032.0,False,
W-681526,Shri Baidyanath Ram,Rajya Sabha,Jharkhand,Sitting Rajya Sabha,V-107845,Education,2022-01-18,2022-02-04,656394.77,536875.8,39,"B-698703,B-838809,B-59798",2032.0,False,
W-572335,Shri Baidyanath Ram,Rajya Sabha,Jharkhand,Sitting Rajya Sabha,V-9552,Other,2023-09-12,2023-10-01,2297109.72,1613473.37,76,"B-984961,B-328502",2032.0,False,
W-111328,Shri Balyogi Umeshnath,Rajya Sabha,Madhya Pradesh,Sitting Rajya Sabha,V-647370,Water,2026-04-07,2026-05-04,23803416.54,22273374.75,56,"B-628031,B-383276",2030.0,False,
W-838077,Shri Balyogi Umeshnath,Rajya Sabha,Madhya Pradesh,Sitting Rajya Sabha,V-360912,Road,2024-10-06,2024-11-03,30758170.57,29952249.13,83,"B-863198,B-694860",2030.0,False,
W-139404,Shri Balyogi Umeshnath,Rajya Sabha,Madhya Pradesh,Sitting Rajya Sabha,V-357828,Water,2023-03-01,2023-03-26,33049558.11,32378686.65,45,"B-922994,B-94385,B-746625,B-361713,B-648286",2030.0,False,
W-380051,Shri Balyogi Umeshnath,Rajya Sabha,Madhya Pradesh,Sitting Rajya Sabha,V-453564,Other,2022-10-15,2022-11-01,37614520.31,35432561.45,79,"B-503964,B-379141,B-784689,B-78363",2030.0,False,
W-825983,Shri Balyogi Umeshnath,Rajya Sabha,Madhya Pradesh,Sitting Rajya Sabha,V-DUP-002,Education,2021-10-02,2021-10-12,15899250.62,11511463.33,60,"B-499075,B-271480,B-414723,B-771785",2030.0,True,duplicate_vendor
W-484045,Shri Balyogi Umeshnath,Rajya Sabha,Madhya Pradesh,Sitting Rajya Sabha,V-163217,Education,2024-01-27,2024-02-09,5140083.84,3899907.22,95,"B-951289,B-912705",2030.0,True,duplicate_beneficiary
W-121020,Shri Banshilal Gurjar,Rajya Sabha,Madhya Pradesh,Sitting Rajya Sabha,V-268674,Other,2024-10-17,2024-10-17,39462324.27,27195255.64,55,"B-633582,B-463460,B-429539,B-879215",2030.0,False,
W-844771,Shri Banshilal Gurjar,Rajya Sabha,Madhya Pradesh,Sitting Rajya Sabha,V-248634,Health,2025-10-02,2025-11-05,40921907.09,37713146.48,56,"B-499758,B-222345,B-520727",2030.0,False,
W-554563,Shri Banshilal Gurjar,Rajya Sabha,Madhya Pradesh,Sitting Rajya Sabha,V-140183,Health,2023-05-13,2023-07-10,48685302.04,41647607.07,72,"B-227640,B-838554",2030.0,False,
W-328111,Shri Banshilal Gurjar,Rajya Sabha,Madhya Pradesh,Sitting Rajya Sabha,V-344344,Sanitation,2025-03-21,2025-03-22,12454296.07,9996509.24,77,"B-256950,B-864218",2030.0,False,
W-436945,Shri Banshilal Gurjar,Rajya Sabha,Madhya Pradesh,Sitting Rajya Sabha,V-798825,Sanitation,2024-04-28,2024-05-14,4741170.53,3092249.24,75,"B-383291,B-152605,B-436043,B-42404",2030.0,False,
W-330024,Shri Bhashyam Rama Krishna,Rajya Sabha,Andhra Pradesh,Sitting Rajya Sabha,V-34646,Sanitation,2022-01-13,2022-01-28,3132229.65,2410246.13,49,"B-822981,B-882591,B-77145",2032.0,False,
W-842892,Shri Bhashyam Rama Krishna,Rajya Sabha,Andhra Pradesh,Sitting Rajya Sabha,V-730598,Road,2021-11-16,2021-12-09,19039762.17,16402633.37,58,"B-889207,B-661932,B-927104",2032.0,False,
W-405540,Shri Bhashyam Rama Krishna,Rajya Sabha,Andhra Pradesh,Sitting Rajya Sabha,V-756268,Health,2026-01-17,2026-02-10,3413084.85,2544557.77,84,"B-272767,B-958700,B-545400,B-225087,B-241525",2032.0,False,
W-557676,Shri Bhashyam Rama Krishna,Rajya Sabha,Andhra Pradesh,Sitting Rajya Sabha,V-874776,Other,2025-11-15,2025-12-18,3190395.67,2384064.95,77,"B-621936,B-276812,B-513793,B-532256,B-942855",2032.0,False,
W-580983,Shri Bhashyam Rama Krishna,Rajya Sabha,Andhra Pradesh,Sitting Rajya Sabha,V-476382,Water,2021-11-12,2021-12-10,7333197.16,5954203.47,87,"B-446788,B-310636",2032.0,False,
W-916229,Shri Bhashyam Rama Krishna,Rajya Sabha,Andhra Pradesh,Sitting Rajya Sabha,V-293371,Sanitation,2023-10-27,2023-11-23,8057612.59,11857890.22,76,"B-620622,B-613057",2032.0,True,cost_overrun
W-438354,Shri Bhashyam Rama Krishna,Rajya Sabha,Andhra Pradesh,Sitting Rajya Sabha,V-93594,Other,2026-07-24,2026-08-14,4588717.91,3644311.93,41,"B-729489,B-101599",2032.0,False,
W-225181,Shri Birendra Prasad Baishya,Rajya Sabha,Assam,Sitting Rajya Sabha,V-525143,Other,2025-11-12,2025-11-16,20861121.39,16220341.56,84,"B-251031,B-873984",2031.0,False,
W-700795,Shri Birendra Prasad Baishya,Rajya Sabha,Assam,Sitting Rajya Sabha,V-914738,Other,2026-07-14,2026-08-16,11103803.38,12558381.73,80,"B-365099,B-847857",2031.0,False,
W-891825,Shri Birendra Prasad Baishya,Rajya Sabha,Assam,Sitting Rajya Sabha,V-295672,Health,2022-09-07,2022-09-25,1873553.77,1602627.58,56,"B-793599,B-463448",2031.0,False,
W-694169,Shri Birendra Prasad Baishya,Rajya Sabha,Assam,Sitting Rajya Sabha,V-383447,Education,2026-05-17,2026-06-16,31529423.6,30423454.07,83,"B-606781,B-554925",2031.0,False,
W-755796,Shri Birendra Prasad Baishya,Rajya Sabha,Assam,Sitting Rajya Sabha,V-131957,Water,2024-03-06,2024-03-22,3470002.52,3085049.82,66,"B-100021,B-565020,B-274760,B-10898",2031.0,False,
W-704430,Shri Birendra Prasad Baishya,Rajya Sabha,Assam,Sitting Rajya Sabha,V-735458,Road,2023-01-13,2023-02-05,18218390.99,15346821.82,83,"B-416899,B-174103",2031.0,False,
W-688053,Shri Birendra Prasad Baishya,Rajya Sabha,Assam,Sitting Rajya Sabha,V-170836,Road,2026-02-28,2026-03-26,10453704.35,8266908.74,87,"B-95973,B-357231,B-997014,B-838887",2031.0,False,
W-196315,Shri Brij Lal,Rajya Sabha,Uttar Pradesh,Sitting Rajya Sabha,V-165665,Other,2022-03-10,2022-03-24,18337708.62,13959133.88,93,"B-248099,B-438601,B-110787",2026.0,False,
W-625797,Shri Brij Lal,Rajya Sabha,Uttar Pradesh,Sitting Rajya Sabha,V-720304,Education,2026-03-22,2026-04-13,68959990.91,57138588.19,58,"B-61206,B-667425",2026.0,False,
W-594860,Shri Brij Lal,Rajya Sabha,Uttar Pradesh,Sitting Rajya Sabha,V-202073,Other,2023-08-18,2023-09-04,76746528.5,61550893.1,71,"B-845720,B-333003,B-673452,B-310432",2026.0,False,
W-852729,Shri Brij Lal,Rajya Sabha,Uttar Pradesh,Sitting Rajya Sabha,V-811392,Other,2024-02-19,2024-02-22,31039409.29,21748195.14,87,"B-970841,B-882965,B-229362,B-631480",2026.0,False,
W-616829,Shri C. Sadanandan Master,Rajya Sabha,Kerala,Nominated Rajya Sabha,V-70654,Water,2023-02-17,2023-03-03,6291200.98,6048787.81,58,"B-266027,B-434288,B-975180,B-339050,B-576678",2031.0,False,
W-853133,Shri C. Sadanandan Master,Rajya Sabha,Kerala,Nominated Rajya Sabha,V-61267,Sanitation,2024-03-20,2024-03-31,14457720.75,13434923.79,93,"B-377983,B-691574,B-616723,B-850596,B-322433",2031.0,False,
W-255034,Shri C. Sadanandan Master,Rajya Sabha,Kerala,Nominated Rajya Sabha,V-497050,Sanitation,2023-01-04,2023-02-28,6982846.47,6027636.02,60,"B-324733,B-142794,B-878788",2031.0,False,
W-949249,Shri C. Sadanandan Master,Rajya Sabha,Kerala,Nominated Rajya Sabha,V-43254,Other,2022-10-22,2022-11-13,9131858.93,6162590.91,72,"B-887360,B-408222,B-435744,B-549267,B-881281",2031.0,False,
W-673278,Shri C. Sadanandan Master,Rajya Sabha,Kerala,Nominated Rajya Sabha,V-130906,Health,2024-07-22,2024-08-24,3203770.19,3086093.64,41,"B-730641,B-762350,B-312985,B-481681",2031.0,False,
W-512806,Shri C. Sadanandan Master,Rajya Sabha,Kerala,Nominated Rajya Sabha,V-640036,Health,2021-12-04,2021-12-18,6546658.02,4682699.92,68,"B-778059,B-347677,B-141005,B-524537",2031.0,False,
W-911263,Shri C. Sadanandan Master,Rajya Sabha,Kerala,Nominated Rajya Sabha,V-640469,Health,2022-03-17,2022-03-27,18190470.35,19921730.34,85,"B-889656,B-787646,B-48953",2031.0,True,cost_overrun
W-522309,Shri C. Sadanandan Master,Rajya Sabha,Kerala,Nominated Rajya Sabha,V-565841,Health,2026-05-08,2026-05-16,8327974.31,6107774.09,65,"B-600717,B-653670",2031.0,False,
W-693945,Shri Chandrakant Damodar Handore,Rajya Sabha,Maharashtra,Sitting Rajya Sabha,V-261094,Sanitation,2022-01-16,2022-02-19,25446693.87,24377055.38,59,"B-533492,B-90120,B-487018,B-507627,B-622664",2030.0,False,
W-315596,Shri Chandrakant Damodar Handore,Rajya Sabha,Maharashtra,Sitting Rajya Sabha,V-330967,Health,2025-03-26,2025-03-31,23379990.31,18992386.61,39,"B-287189,B-641895,B-407505,B-66565,B-861751",2030.0,False,
W-837428,Shri Chandrakant Damodar Handore,Rajya Sabha,Maharashtra,Sitting Rajya Sabha,V-969783,Water,2024-04-28,2024-05-21,35930921.72,28508261.43,72,"B-554368,B-777889,B-388766,B-46288",2030.0,False,
W-734553,Shri Chandrakant Damodar Handore,Rajya Sabha,Maharashtra,Sitting Rajya Sabha,V-995731,Sanitation,2026-08-22,2025-08-05,12521805.3,10666082.12,66,"B-334160,B-119872,B-325070,B-130892,B-166290",2030.0,False,
W-420272,Shri Chandrakant Damodar Handore,Rajya Sabha,Maharashtra,Sitting Rajya Sabha,V-143351,Health,2025-03-29,2025-03-29,19574056.72,13756418.9,75,"B-796535,B-363748,B-752486,B-755201",2030.0,False,
W-891664,Shri Chandrakant Damodar Handore,Rajya Sabha,Maharashtra,Sitting Rajya Sabha,V-428566,Education,2025-07-03,2025-07-22,29411532.08,22450006.96,35,"B-431578,B-864769",2030.0,False,
W-465786,Shri Chowdry Mohammad Ramzan,Rajya Sabha,Jammu And Kashmir,Sitting Rajya Sabha,V-45660,Sanitation,2026-01-01,2026-01-30,700004.47,485715.12,79,"B-665800,B-306816,B-258124,B-530622,B-464537",2031.0,False,
W-343993,Shri Chowdry Mohammad Ramzan,Rajya Sabha,Jammu And Kashmir,Sitting Rajya Sabha,V-306831,Other,2025-08-20,2025-08-30,12044975.95,8023606.84,73,"B-350872,B-356334,B-448591,B-929918",2031.0,False,
W-931859,Shri Chowdry Mohammad Ramzan,Rajya Sabha,Jammu And Kashmir,Sitting Rajya Sabha,V-668219,Health,2022-11-30,2022-12-07,12899161.18,12342206.34,57,"B-644141,B-228155",2031.0,False,
W-260149,Shri Chowdry Mohammad Ramzan,Rajya Sabha,Jammu And Kashmir,Sitting Rajya Sabha,V-423062,Other,2024-11-08,2024-12-06,3076312.26,2576073.55,86,"B-584957,B-391938,B-544831",2031.0,False,
W-232365,Shri Chowdry Mohammad Ramzan,Rajya Sabha,Jammu And Kashmir,Sitting Rajya Sabha,V-3033,Other,2021-11-28,2021-12-23,15396805.11,14454406.52,74,"B-332166,B-236988,B-344437",2031.0,False,
W-608045,Shri Chowdry Mohammad Ramzan,Rajya Sabha,Jammu And Kashmir,Sitting Rajya Sabha,V-342142,Road,2022-03-11,2022-04-10,16104824.2,13984220.33,90,"B-817150,B-769999,B-119344,B-212815",2031.0,False,
W-175936,Shri Chowdry Mohammad Ramzan,Rajya Sabha,Jammu And Kashmir,Sitting Rajya Sabha,V-553021,Water,2022-10-17,2022-11-12,12910416.83,11318197.19,95,"B-728538,B-998045,B-112470",2031.0,False,
W-361226,Shri Christopher Manickam,Rajya Sabha,Tamil Nadu,Sitting Rajya Sabha,V-311174,Education,2022-12-01,2022-12-11,7197113.81,5634911.91,81,"B-73059,B-360095,B-590371",2032.0,False,
W-213399,Shri Christopher Manickam,Rajya Sabha,Tamil Nadu,Sitting Rajya Sabha,V-247542,Education,2022-12-28,2023-01-19,8534043.19,7840157.63,52,"B-650876,B-631210",2032.0,False,
W-228335,Shri Christopher Manickam,Rajya Sabha,Tamil Nadu,Sitting Rajya Sabha,V-526005,Sanitation,2025-01-23,2025-01-31,6053630.99,4142835.93,82,"B-253626,B-969652",2032.0,False,
W-537187,Shri Christopher Manickam,Rajya Sabha,Tamil Nadu,Sitting Rajya Sabha,V-67314,Education,2021-12-10,2021-12-24,7498852.89,6794254.49,72,"B-289246,B-826167,B-78447,B-753355",2032.0,False,
W-923145,Shri Christopher Manickam,Rajya Sabha,Tamil Nadu,Sitting Rajya Sabha,V-440429,Water,2025-03-13,2025-03-14,7184451.8,6151892.53,80,"B-966438,B-770235,B-342718,B-334014,B-669368",2032.0,False,
W-652580,Shri Christopher Manickam,Rajya Sabha,Tamil Nadu,Sitting Rajya Sabha,V-61816,Sanitation,2023-12-25,2024-01-07,2321667.74,1696800.52,83,"B-771864,B-274247,B-378614,B-726986,B-697427",2032.0,False,
W-691579,Shri Christopher Manickam,Rajya Sabha,Tamil Nadu,Sitting Rajya Sabha,V-892470,Health,2025-04-19,2025-04-19,6571307.57,6039984.75,48,"B-270843,B-991613,B-559949,B-441354,B-199816",2032.0,False,
W-593460,Shri Christopher Manickam,Rajya Sabha,Tamil Nadu,Sitting Rajya Sabha,V-358297,Health,2023-11-03,2023-12-04,3748626.13,2547297.84,74,"B-537811,B-573170",2032.0,False,
W-412589,Shri Chunnilal Garasiya,Rajya Sabha,Rajasthan,Sitting Rajya Sabha,V-620225,Other,2026-06-05,2026-06-20,11202280.26,9826756.93,93,"B-767017,B-544364,B-431197,B-24764",2030.0,False,
W-495877,Shri Chunnilal Garasiya,Rajya Sabha,Rajasthan,Sitting Rajya Sabha,V-280477,Road,2024-07-31,2024-09-01,17944606.11,19005551.63,78,"B-314150,B-645400,B-495851,B-723200,B-944496",2030.0,True,cost_overrun
W-421957,Shri Chunnilal Garasiya,Rajya Sabha,Rajasthan,Sitting Rajya Sabha,V-686203,Water,2022-06-02,2022-06-02,42675858.71,30775835.71,72,"B-557044,B-133473,B-739133,B-827157,B-248437",2030.0,False,
W-437599,Shri Chunnilal Garasiya,Rajya Sabha,Rajasthan,Sitting Rajya Sabha,V-571394,Road,2024-11-03,2024-11-29,74442254.92,55409819.74,72,B-DUP-002,2030.0,True,duplicate_beneficiary
W-407862,Shri Constandine Ravindran,Rajya Sabha,Tamil Nadu,Sitting Rajya Sabha,V-943589,Sanitation,2025-01-18,2025-02-21,8871631.01,8502743.29,89,"B-83853,B-503326,B-204437",2032.0,False,
W-452900,Shri Constandine Ravindran,Rajya Sabha,Tamil Nadu,Sitting Rajya Sabha,V-358188,Road,2023-08-09,2023-08-13,8191773.17,5353577.73,40,"B-451847,B-958890,B-716316,B-869376",2032.0,False,
W-908687,Shri Constandine Ravindran,Rajya Sabha,Tamil Nadu,Sitting Rajya Sabha,V-657633,Health,2022-12-01,2022-12-31,5110729.12,3773804.46,55,"B-631864,B-190064",2032.0,False,
W-745107,Shri Constandine Ravindran,Rajya Sabha,Tamil Nadu,Sitting Rajya Sabha,V-979754,Water,2025-07-20,2025-08-04,14785839.32,13970634.26,90,"B-721300,B-88554,B-408012",2032.0,False,
W-880723,Shri Constandine Ravindran,Rajya Sabha,Tamil Nadu,Sitting Rajya Sabha,V-734541,Health,2025-02-02,2025-02-27,3461316.6,2778169.17,68,"B-245075,B-931073,B-615274",2032.0,False,
W-412334,Shri Constandine Ravindran,Rajya Sabha,Tamil Nadu,Sitting Rajya Sabha,V-943045,Education,2025-06-29,2025-07-14,8688404.9,7850600.92,89,"B-426861,B-647609,B-890774,B-759655,B-932891",2032.0,False,
W-966249,Shri Damodar Rao Divakonda,Rajya Sabha,Telangana,Sitting Rajya Sabha,V-37738,Education,2026-01-10,2026-01-11,40226304.58,34055258.41,72,"B-510868,B-555720,B-416427,B-599009,B-201476",2028.0,False,
W-690560,Shri Damodar Rao Divakonda,Rajya Sabha,Telangana,Sitting Rajya Sabha,V-98744,Sanitation,2024-03-09,2024-03-18,33388499.64,31079529.9,69,"B-727075,B-350744,B-688029,B-884506",2028.0,False,
W-146942,Shri Damodar Rao Divakonda,Rajya Sabha,Telangana,Sitting Rajya Sabha,V-DUP-000,Road,2021-10-13,2021-10-28,39891643.72,33696513.06,87,"B-240110,B-406781,B-375219,B-458486",2028.0,False,
W-725983,Shri Damodar Rao Divakonda,Rajya Sabha,Telangana,Sitting Rajya Sabha,V-308205,Water,2023-05-16,2023-05-28,14214605.61,13647617.83,94,"B-652444,B-849122,B-84564",2028.0,False,
W-187899,Shri Damodar Rao Divakonda,Rajya Sabha,Telangana,Sitting Rajya Sabha,V-54411,Other,2023-03-22,2023-04-12,51799543.35,40201976.17,90,"B-447801,B-63405",2028.0,False,
W-318415,Shri Damodar Rao Divakonda,Rajya Sabha,Telangana,Sitting Rajya Sabha,V-480977,Water,2024-12-09,2024-12-13,31188373.69,29265323.19,46,"B-837549,B-366639,B-803376",2028.0,False,
W-673937,Shri Damodar Rao Divakonda,Rajya Sabha,Telangana,Sitting Rajya Sabha,V-323784,Sanitation,2022-08-28,2022-09-25,23600099.16,21946279.58,94,"B-713471,B-130196,B-849272",2028.0,False,
W-665297,Shri Damodar Rao Divakonda,Rajya Sabha,Telangana,Sitting Rajya Sabha,V-813055,Health,2025-08-31,2025-09-28,4410739.33,3106923.41,43,"B-876802,B-754125,B-905135,B-892134",2028.0,False,
W-329362,Shri Debashish Samantaray,Rajya Sabha,Odisha,Sitting Rajya Sabha,V-12386,Health,2021-12-30,2021-12-30,3825317.17,3165479.29,93,"B-544944,B-514861,B-799258,B-465891,B-261439",2030.0,False,
W-576423,Shri Debashish Samantaray,Rajya Sabha,Odisha,Sitting Rajya Sabha,V-257087,Education,2023-09-08,2023-10-11,1919905.64,1813225.81,59,"B-727370,B-966682",2030.0,False,
W-209016,Shri Debashish Samantaray,Rajya Sabha,Odisha,Sitting Rajya Sabha,V-582389,Road,2025-05-24,2025-06-27,1207961.32,844761.93,95,"B-316749,B-607152",2030.0,False,
W-543408,Shri Debashish Samantaray,Rajya Sabha,Odisha,Sitting Rajya Sabha,V-682740,Education,2026-01-09,2026-02-04,13581337.2,12887908.46,76,"B-955755,B-622379,B-516159,B-268176,B-318406",2030.0,False,
W-419074,Shri Debashish Samantaray,Rajya Sabha,Odisha,Sitting Rajya Sabha,V-58123,Other,2025-03-12,2025-04-09,3146484.64,2257977.32,49,"B-162439,B-768845",2030.0,False,
W-953321,Shri Derek O' Brien,Rajya Sabha,West Bengal,Sitting Rajya Sabha,V-487335,Road,2025-06-28,2025-07-20,23025122.6,20705215.19,77,"B-680387,B-393415,B-310247,B-786942",2029.0,False,
W-892909,Shri Derek O' Brien,Rajya Sabha,West Bengal,Sitting Rajya Sabha,V-732509,Water,2023-01-08,2023-01-25,22794683.53,19291885.72,69,"B-768572,B-154231",2029.0,False,
W-643648,Shri Derek O' Brien,Rajya Sabha,West Bengal,Sitting Rajya Sabha,V-362864,Road,2026-05-28,2026-06-02,19251149.18,18591087.92,46,"B-217547,B-230910,B-952685,B-736560,B-392976",2029.0,False,
W-944741,Shri Derek O' Brien,Rajya Sabha,West Bengal,Sitting Rajya Sabha,V-264404,Health,2025-11-27,2025-12-09,24433305.21,22312486.23,46,"B-798383,B-875713,B-631734,B-192022,B-371957",2029.0,False,
W-683253,Shri Derek O' Brien,Rajya Sabha,West Bengal,Sitting Rajya Sabha,V-105883,Education,2025-02-14,2025-02-14,23872748.75,17861005.88,73,"B-381785,B-606539,B-274996",2029.0,False,
W-299965,Shri Derek O' Brien,Rajya Sabha,West Bengal,Sitting Rajya Sabha,V-176624,Road,2025-02-15,2025-03-17,57265490.73,55610642.77,45,"B-858415,B-679743",2029.0,False,
W-723302,Shri Devendra Pratap Singh,Rajya Sabha,Chhattisgarh,Sitting Rajya Sabha,V-580692,Road,2022-09-29,2022-10-08,39662306.56,33403043.83,66,"B-24249,B-418640,B-412494,B-764681,B-886256",2030.0,False,
W-985495,Shri Devendra Pratap Singh,Rajya Sabha,Chhattisgarh,Sitting Rajya Sabha,V-121506,Other,2025-03-10,2025-04-05,17335562.76,11534861.23,91,"B-424739,B-395796,B-241323,B-160821",2030.0,False,
W-776647,Shri Devendra Pratap Singh,Rajya Sabha,Chhattisgarh,Sitting Rajya Sabha,V-614814,Water,2022-06-16,2022-07-04,27569563.17,21105230.06,62,"B-297055,B-890952,B-822149,B-455124,B-948333",2030.0,False,
W-247389,Shri Devendra Pratap Singh,Rajya Sabha,Chhattisgarh,Sitting Rajya Sabha,V-895177,Road,2023-10-13,2023-11-15,3279325.8,2290843.86,76,"B-583359,B-465271",2030.0,False,
W-759501,Shri Devendra Pratap Singh,Rajya Sabha,Chhattisgarh,Sitting Rajya Sabha,V-136280,Sanitation,2024-02-05,2024-03-01,25654832.61,20522773.59,95,"B-58522,B-455669,B-514680,B-869348,B-201889",2030.0,False,
W-495919,Shri Devendra Pratap Singh,Rajya Sabha,Chhattisgarh,Sitting Rajya Sabha,V-274565,Health,2022-07-16,2022-07-20,56481858.67,37456113.43,50,"B-502679,B-173874,B-784729,B-871328",2030.0,False,
W-649524,Shri Dhananjay Bhimrao Mahadik,Rajya Sabha,Maharashtra,Sitting Rajya Sabha,V-798966,Other,2024-02-04,2024-02-23,14520603.0,13872873.49,85,"B-246606,B-120328,B-59679,B-912217",2028.0,False,
W-372589,Shri Dhananjay Bhimrao Mahadik,Rajya Sabha,Maharashtra,Sitting Rajya Sabha,V-558383,Education,2023-01-12,2023-02-05,46023082.26,44839626.87,62,"B-589358,B-242171,B-507023,B-445937,B-530243",2028.0,False,
W-357896,Shri Dhananjay Bhimrao Mahadik,Rajya Sabha,Maharashtra,Sitting Rajya Sabha,V-816726,Road,2024-06-04,2024-06-06,58929962.55,49336278.97,84,"B-350766,B-172471",2028.0,False,
W-852936,Shri Dhananjay Bhimrao Mahadik,Rajya Sabha,Maharashtra,Sitting Rajya Sabha,V-885175,Other,2025-10-09,2025-10-24,87201206.25,65203143.59,52,"B-348547,B-359934,B-452610",2028.0,False,
W-667789,Shri Dhananjay Bhimrao Mahadik,Rajya Sabha,Maharashtra,Sitting Rajya Sabha,V-323683,Water,2022-03-12,2022-04-04,12606870.83,8901265.92,36,"B-2169,B-658722,B-383408,B-407984",2028.0,False,
W-514768,Shri Dilip Kumar Ray,Rajya Sabha,Odisha,Sitting Rajya Sabha,V-504436,Health,2024-01-10,2024-02-02,13472593.78,9169182.46,61,"B-185588,B-366342,B-334284,B-669205,B-663798",2032.0,False,
W-213264,Shri Dilip Kumar Ray,Rajya Sabha,Odisha,Sitting Rajya Sabha,V-782865,Road,2023-02-01,2023-02-26,6564558.91,4476559.06,43,"B-721381,B-325230,B-132623,B-68715,B-790428",2032.0,False,
W-717771,Shri Dilip Kumar Ray,Rajya Sabha,Odisha,Sitting Rajya Sabha,V-934634,Road,2025-11-03,2025-11-29,5799496.63,4368945.52,52,"B-582283,B-935423,B-735185,B-569497",2032.0,False,
W-542324,Shri Dilip Kumar Ray,Rajya Sabha,Odisha,Sitting Rajya Sabha,V-371913,Health,2023-04-02,2023-05-02,6298794.74,6106564.69,49,"B-92502,B-703208,B-466131",2032.0,False,
W-126022,Shri Dilip Kumar Ray,Rajya Sabha,Odisha,Sitting Rajya Sabha,V-120052,Water,2023-12-12,2024-01-03,3616400.36,3377289.34,82,"B-478373,B-483640,B-600736,B-617306,B-638081",2032.0,False,
W-797027,Shri Dilip Kumar Ray,Rajya Sabha,Odisha,Sitting Rajya Sabha,V-837126,Other,2026-08-18,2026-08-20,2266992.33,1850308.37,79,"B-283279,B-397131,B-296382,B-540883,B-527136",2032.0,False,
W-100703,Shri Dilip Kumar Ray,Rajya Sabha,Odisha,Sitting Rajya Sabha,V-960419,Health,2026-02-12,2026-02-12,4785521.6,3801080.57,62,"B-537858,B-19060,B-385425,B-312636",2032.0,False,
W-575433,Shri Dilip Kumar Ray,Rajya Sabha,Odisha,Sitting Rajya Sabha,V-215786,Other,2022-07-13,2022-12-07,5950641.65,5306871.4,47,"B-739879,B-617295",2032.0,False,
W-846884,Shri Dorjee Tshering Lepcha,Rajya Sabha,Sikkim,Sitting Rajya Sabha,V-317515,Sanitation,2022-08-31,2022-09-16,15679278.42,10631604.95,58,"B-316959,B-188741",2030.0,False,
W-182238,Shri Dorjee Tshering Lepcha,Rajya Sabha,Sikkim,Sitting Rajya Sabha,V-267653,Other,2025-11-14,2025-11-21,25028720.8,24071326.79,44,"B-72453,B-509992,B-612074,B-381005,B-263489",2030.0,False,
W-315248,Shri Dorjee Tshering Lepcha,Rajya Sabha,Sikkim,Sitting Rajya Sabha,V-331465,Road,2026-05-17,2026-06-15,23316372.1,22241598.21,51,"B-39573,B-606887,B-866639",2030.0,False,
W-868904,Shri Dorjee Tshering Lepcha,Rajya Sabha,Sikkim,Sitting Rajya Sabha,V-754191,Health,2026-03-24,2026-03-26,9036520.64,7639391.35,46,"B-522173,B-609306,B-330666,B-684413,B-747535",2030.0,False,
W-931625,Shri Dorjee Tshering Lepcha,Rajya Sabha,Sikkim,Sitting Rajya Sabha,V-474869,Water,2026-02-19,2026-03-22,27172300.1,18108801.16,88,"B-432581,B-431859",2030.0,False,
W-820750,Shri Dorjee Tshering Lepcha,Rajya Sabha,Sikkim,Sitting Rajya Sabha,V-399087,Health,2022-02-07,2022-02-11,49186680.42,43252676.71,38,"B-178490,B-623170,B-543447,B-219803,B-639165",2030.0,False,
W-605705,Shri G.C. Chandrashekhar,Rajya Sabha,Karnataka,Sitting Rajya Sabha,V-982757,Road,2026-07-16,2026-07-30,18091604.54,12101728.79,81,"B-649552,B-90290,B-189960,B-327483",2030.0,False,
W-858518,Shri G.C. Chandrashekhar,Rajya Sabha,Karnataka,Sitting Rajya Sabha,V-516711,Other,2026-02-18,2026-03-14,19437781.19,13383140.96,81,"B-342220,B-746713",2030.0,False,
W-886773,Shri G.C. Chandrashekhar,Rajya Sabha,Karnataka,Sitting Rajya Sabha,V-435651,Road,2024-10-01,2024-10-26,21086529.16,14748022.93,68,"B-992382,B-628639,B-33046,B-121672",2030.0,False,
W-706887,Shri G.C. Chandrashekhar,Rajya Sabha,Karnataka,Sitting Rajya Sabha,V-795706,Education,2022-11-23,2022-12-18,8374484.66,6419909.02,48,"B-841209,B-213744,B-474666",2030.0,False,
W-742939,Shri G.C. Chandrashekhar,Rajya Sabha,Karnataka,Sitting Rajya Sabha,V-107407,Sanitation,2025-03-21,2025-04-03,37129434.32,28535265.54,67,"B-620013,B-890204,B-156126,B-939386",2030.0,False,
W-748560,Shri G.C. Chandrashekhar,Rajya Sabha,Karnataka,Sitting Rajya Sabha,V-252886,Education,2025-09-12,2025-10-08,19351960.38,18082053.19,91,"B-895539,B-72726",2030.0,False,
W-773490,Shri G.C. Chandrashekhar,Rajya Sabha,Karnataka,Sitting Rajya Sabha,V-805199,Sanitation,2022-01-14,2022-02-08,16536793.12,12463473.16,38,"B-665177,B-295967,B-279362,B-961472,B-17268",2030.0,False,
W-105277,Shri G.C. Chandrashekhar,Rajya Sabha,Karnataka,Sitting Rajya Sabha,V-858784,Other,2024-02-03,2024-02-05,6256412.63,7518592.98,93,"B-951942,B-883609,B-205486,B-268732",2030.0,True,cost_overrun
W-919513,Shri Ghanshyam Tiwari,Rajya Sabha,Rajasthan,Sitting Rajya Sabha,V-690293,Water,2025-02-17,2025-02-26,27736864.34,24016048.47,39,"B-68254,B-391889,B-600050,B-239007",2028.0,False,
W-557315,Shri Ghanshyam Tiwari,Rajya Sabha,Rajasthan,Sitting Rajya Sabha,V-547190,Road,2026-01-31,2026-02-10,22823847.95,21344600.25,47,"B-32184,B-899770,B-648022",2028.0,False,
W-730617,Shri Ghanshyam Tiwari,Rajya Sabha,Rajasthan,Sitting Rajya Sabha,V-42919,Other,2022-04-11,2022-04-25,17228044.18,16166705.33,40,"B-331316,B-850910,B-957169,B-932983,B-171124",2028.0,False,
W-111945,Shri Ghanshyam Tiwari,Rajya Sabha,Rajasthan,Sitting Rajya Sabha,V-115829,Sanitation,2022-01-23,2022-02-05,62648653.48,57091658.91,82,"B-449093,B-854342,B-513415,B-842326",2028.0,False,
W-664703,Shri Ghanshyam Tiwari,Rajya Sabha,Rajasthan,Sitting Rajya Sabha,V-74637,Health,2023-03-04,2023-04-06,33796277.08,24202144.97,92,"B-299919,B-252595,B-378222",2028.0,False,
W-809874,Shri Ghanshyam Tiwari,Rajya Sabha,Rajasthan,Sitting Rajya Sabha,V-514336,Health,2026-09-01,2026-09-24,2787035.5,2567980.95,54,"B-649276,B-586373,B-442838,B-785626,B-206708",2028.0,False,
W-339080,Shri Ghanshyam Tiwari,Rajya Sabha,Rajasthan,Sitting Rajya Sabha,V-609737,Road,2022-02-27,2022-03-10,28062914.79,25403887.01,61,"B-437849,B-364034,B-893063",2028.0,False,
W-566143,Shri Golla Baburao,Rajya Sabha,Andhra Pradesh,Sitting Rajya Sabha,V-745304,Education,2021-11-22,2021-11-28,73808411.78,69484552.4,50,"B-355970,B-954109,B-800535,B-226982,B-867440",2030.0,False,
W-791625,Shri Golla Baburao,Rajya Sabha,Andhra Pradesh,Sitting Rajya Sabha,V-337630,Health,2023-06-13,2023-07-09,3283754.94,2694580.25,71,"B-295971,B-518968",2030.0,False,
W-928535,Shri Golla Baburao,Rajya Sabha,Andhra Pradesh,Sitting Rajya Sabha,V-945102,Sanitation,2025-04-28,2022-12-26,51557651.13,42331559.81,59,"B-883841,B-255986,B-765070",2030.0,True,delayed_completion
W-835305,Shri Golla Baburao,Rajya Sabha,Andhra Pradesh,Sitting Rajya Sabha,V-581560,Road,2026-04-24,2026-04-24,17615182.15,12792958.46,47,"B-998535,B-820677,B-22222,B-855301",2030.0,False,
W-103128,Shri Govindbhai Laljibhai Dholakia,Rajya Sabha,Gujarat,Sitting Rajya Sabha,V-20009,Road,2026-02-25,2026-03-25,26552793.75,21583378.92,63,"B-999049,B-690982,B-100964",2030.0,False,
W-781655,Shri Govindbhai Laljibhai Dholakia,Rajya Sabha,Gujarat,Sitting Rajya Sabha,V-392912,Water,2026-02-03,2026-03-06,41598027.9,36322276.6,55,"B-297557,B-293570,B-339903,B-446931",2030.0,False,
W-155985,Shri Govindbhai Laljibhai Dholakia,Rajya Sabha,Gujarat,Sitting Rajya Sabha,V-270177,Health,2023-05-12,2023-05-29,17247207.28,11885597.33,54,"B-991491,B-831731",2030.0,False,
W-332547,Shri Govindbhai Laljibhai Dholakia,Rajya Sabha,Gujarat,Sitting Rajya Sabha,V-581877,Health,2025-05-10,2025-05-24,55873528.67,46617809.94,80,"B-30360,B-124225",2030.0,False,
W-245925,Shri Govindbhai Laljibhai Dholakia,Rajya Sabha,Gujarat,Sitting Rajya Sabha,V-611097,Road,2022-01-26,2022-02-02,4993442.4,4528708.62,52,"B-348598,B-77783,B-609283",2030.0,False,
W-588781,Shri Gulam Ali,Rajya Sabha,Jammu And Kashmir,Nominated Rajya Sabha,V-719689,Other,2023-01-29,2023-02-27,21118071.92,18452686.25,63,"B-352028,B-271865,B-787744",2028.0,True,delayed_completion
W-844406,Shri Gulam Ali,Rajya Sabha,Jammu And Kashmir,Nominated Rajya Sabha,V-302759,Road,2024-07-19,2024-08-06,57463818.88,49251602.58,77,"B-747246,B-799440",2028.0,False,
W-975510,Shri Gulam Ali,Rajya Sabha,Jammu And Kashmir,Nominated Rajya Sabha,V-270332,Health,2025-03-15,2025-04-18,14362598.63,10302019.19,78,"B-935418,B-618993",2028.0,False,
W-895937,Shri Gulam Ali,Rajya Sabha,Jammu And Kashmir,Nominated Rajya Sabha,V-732457,Water,2023-07-15,2023-08-17,3191694.22,2526583.9,55,"B-364106,B-962328,B-816729",2028.0,False,
W-579228,Shri Gulam Ali,Rajya Sabha,Jammu And Kashmir,Nominated Rajya Sabha,V-480525,Water,2024-07-02,2024-07-11,38890721.85,25610494.55,42,"B-264766,B-223372,B-608256",2028.0,False,
W-309158,Shri Gulam Ali,Rajya Sabha,Jammu And Kashmir,Nominated Rajya Sabha,V-881288,Sanitation,2024-12-16,2024-12-29,45004266.53,36980395.19,73,"B-310212,B-68184,B-466215",2028.0,False,
W-685982,Shri Gulam Ali,Rajya Sabha,Jammu And Kashmir,Nominated Rajya Sabha,V-519556,Road,2022-04-08,2022-05-08,15052465.29,14310963.61,93,"B-890544,B-83712,B-847675",2028.0,False,
W-369543,Shri Gurwinder Singh Oberoi,Rajya Sabha,Jammu And Kashmir,Sitting Rajya Sabha,V-61149,Other,2022-08-19,2022-09-22,5715638.21,5540638.63,58,"B-739259,B-565397,B-144896,B-667707,B-104847",2031.0,False,
W-650049,Shri Gurwinder Singh Oberoi,Rajya Sabha,Jammu And Kashmir,Sitting Rajya Sabha,V-425782,Road,2025-08-11,2025-08-19,25773334.13,25077384.52,78,"B-114711,B-859099,B-86476,B-17284",2031.0,False,
W-887576,Shri Gurwinder Singh Oberoi,Rajya Sabha,Jammu And Kashmir,Sitting Rajya Sabha,V-272331,Road,2024-09-02,2024-09-27,17591136.0,14609690.53,51,"B-33584,B-410257",2031.0,False,
W-996715,Shri Gurwinder Singh Oberoi,Rajya Sabha,Jammu And Kashmir,Sitting Rajya Sabha,V-848999,Other,2021-10-25,2021-11-28,8491884.28,5686732.08,65,"B-215075,B-646666,B-60976",2031.0,False,
W-683129,Shri Gurwinder Singh Oberoi,Rajya Sabha,Jammu And Kashmir,Sitting Rajya Sabha,V-41512,Road,2026-02-02,2026-02-11,15560507.38,11770565.65,57,"B-869787,B-246418,B-682795,B-786591",2031.0,False,
W-797199,Shri Harbhajan Singh,Rajya Sabha,Punjab,Sitting Rajya Sabha,V-548790,Water,2022-04-19,2022-05-02,18439875.1,13379722.98,46,"B-396883,B-414447,B-853374,B-158063",2028.0,False,
W-758463,Shri Harbhajan Singh,Rajya Sabha,Punjab,Sitting Rajya Sabha,V-748200,Road,2023-01-30,2023-01-30,65687647.24,48688749.67,42,"B-575854,B-937909,B-586448,B-696982",2028.0,False,
W-451519,Shri Harbhajan Singh,Rajya Sabha,Punjab,Sitting Rajya Sabha,V-840020,Education,2025-08-10,2025-08-25,74345774.84,51897914.06,87,"B-388602,B-654541",2028.0,False,
W-650202,Shri Harbhajan Singh,Rajya Sabha,Punjab,Sitting Rajya Sabha,V-147371,Education,2023-03-09,2023-03-18,61405876.62,51039924.24,58,"B-142149,B-796697,B-220783,B-682505",2028.0,False,
W-384866,Shri Hardeep Singh Puri,Rajya Sabha,Uttar Pradesh,Sitting Rajya Sabha,V-443284,Road,2025-11-23,2025-12-14,72246658.7,47450396.78,64,"B-977871,B-267089,B-108951,B-216822,B-330213",2026.0,False,
W-644241,Shri Hardeep Singh Puri,Rajya Sabha,Uttar Pradesh,Sitting Rajya Sabha,V-573182,Health,2025-02-23,2025-03-19,50819011.13,40923836.33,51,"B-67555,B-152277",2026.0,False,
W-964447,Shri Hardeep Singh Puri,Rajya Sabha,Uttar Pradesh,Sitting Rajya Sabha,V-88815,Education,2023-12-31,2024-02-02,65828161.16,53577006.72,80,"B-128428,B-524105,B-457157,B-651242,B-186102",2026.0,False,
W-554852,Shri Hardeep Singh Puri,Rajya Sabha,Uttar Pradesh,Sitting Rajya Sabha,V-939997,Education,2022-11-10,2022-12-01,36773212.87,35137403.69,79,"B-259395,B-821788",2026.0,False,
W-883806,Shri Haris Beeran,Rajya Sabha,Kerala,Sitting Rajya Sabha,V-216464,Water,2024-09-15,2024-10-05,40963279.33,38825076.75,76,"B-652846,B-491763",2030.0,False,
W-520507,Shri Haris Beeran,Rajya Sabha,Kerala,Sitting Rajya Sabha,V-125200,Education,2024-09-09,2024-10-08,19888425.18,18190680.29,64,"B-96459,B-681863",2030.0,False,
W-407292,Shri Haris Beeran,Rajya Sabha,Kerala,Sitting Rajya Sabha,V-656553,Water,2021-11-15,2021-12-14,7699413.3,6944639.33,37,"B-724416,B-778927,B-543563",2030.0,False,
W-681320,Shri Haris Beeran,Rajya Sabha,Kerala,Sitting Rajya Sabha,V-6877,Other,2023-05-11,2023-05-19,10380680.96,7734366.53,38,"B-630565,B-312491,B-707379,B-374356",2030.0,False,
W-461264,Shri Haris Beeran,Rajya Sabha,Kerala,Sitting Rajya Sabha,V-DUP-003,Water,2021-10-22,2021-10-30,3650252.58,2764582.21,74,"B-895328,B-876870,B-576606,B-969422,B-539471",2030.0,False,
W-349604,Shri Haris Beeran,Rajya Sabha,Kerala,Sitting Rajya Sabha,V-553914,Other,2023-06-15,2023-07-10,18652100.14,16654542.96,39,"B-379443,B-369235,B-519987,B-513674,B-359540",2030.0,False,
W-731948,Shri Haris Beeran,Rajya Sabha,Kerala,Sitting Rajya Sabha,V-185722,Health,2022-09-07,2022-09-07,20653348.5,15090995.46,67,"B-677216,B-59955,B-849771,B-892265",2030.0,False,
W-908776,Shri Harsh Mahajan,Rajya Sabha,Himachal Pradesh,Sitting Rajya Sabha,V-349115,Education,2023-06-22,2023-07-25,82474414.82,54250705.99,54,"B-721469,B-760120,B-615349",2030.0,False,
W-701757,Shri Harsh Mahajan,Rajya Sabha,Himachal Pradesh,Sitting Rajya Sabha,V-425780,Other,2022-10-06,2022-10-08,15398337.69,12458121.81,91,"B-592610,B-450105",2030.0,False,
W-947044,Shri Harsh Mahajan,Rajya Sabha,Himachal Pradesh,Sitting Rajya Sabha,V-328741,Road,2022-09-25,2022-10-07,48392247.49,36500184.21,70,"B-125719,B-422928,B-785001",2030.0,False,
W-471792,Shri Harsh Vardhan Shringla,Rajya Sabha,West Bengal,Nominated Rajya Sabha,V-841919,Water,2026-01-14,2026-02-02,18576465.05,12410775.2,76,"B-126211,B-502219",2031.0,False,
W-430127,Shri Harsh Vardhan Shringla,Rajya Sabha,West Bengal,Nominated Rajya Sabha,V-470405,Health,2023-08-09,2023-08-30,21797777.12,32382224.09,91,"B-571473,B-923942,B-245090,B-385425,B-674686",2031.0,True,cost_overrun
W-188045,Shri Harsh Vardhan Shringla,Rajya Sabha,West Bengal,Nominated Rajya Sabha,V-746763,Health,2023-01-27,2023-02-10,3274280.34,2502939.22,56,"B-762184,B-994762,B-297351",2031.0,False,
W-471642,Shri Harsh Vardhan Shringla,Rajya Sabha,West Bengal,Nominated Rajya Sabha,V-4796,Water,2024-11-28,2024-12-17,29483977.49,22556709.7,78,"B-374717,B-813464,B-85720",2031.0,False,
W-641813,Shri I.S. Inbadurai,Rajya Sabha,Tamil Nadu,Sitting Rajya Sabha,V-972495,Road,2024-12-29,2025-01-30,12476356.17,8509246.92,75,"B-435961,B-742149,B-581491,B-142106,B-787181",2031.0,False,
W-502485,Shri I.S. Inbadurai,Rajya Sabha,Tamil Nadu,Sitting Rajya Sabha,V-937768,Sanitation,2025-09-09,2025-09-21,17328544.51,16731586.77,50,"B-598375,B-685382,B-855546",2031.0,False,
W-857110,Shri I.S. Inbadurai,Rajya Sabha,Tamil Nadu,Sitting Rajya Sabha,V-715928,Water,2022-04-17,2022-05-14,58997143.31,48965096.93,73,"B-836220,B-511093,B-871422,B-570770",2031.0,False,
W-420229,Shri Ilaiyaraaja,Rajya Sabha,Tamil Nadu,Nominated Rajya Sabha,V-193017,Health,2025-09-30,2025-10-21,137761810.8,110947413.85,76,"B-553506,B-927938,B-793728,B-263320",2028.0,False,
W-756964,Shri Ilaiyaraaja,Rajya Sabha,Tamil Nadu,Nominated Rajya Sabha,V-575164,Sanitation,2023-05-30,2023-06-25,60156495.91,51389948.75,94,"B-756929,B-350012,B-342827,B-417918",2028.0,False,
W-303103,Shri Ilaiyaraaja,Rajya Sabha,Tamil Nadu,Nominated Rajya Sabha,V-793836,Health,2023-05-15,2023-06-05,21542830.61,16860398.44,95,"B-923505,B-301184",2028.0,True,duplicate_beneficiary
W-335933,Shri Imran Pratapgarhi,Rajya Sabha,Maharashtra,Sitting Rajya Sabha,V-907787,Road,2025-02-14,2025-03-10,28740243.44,19721329.46,93,"B-125633,B-833926,B-819641,B-662545,B-799666",2028.0,False,
W-458216,Shri Imran Pratapgarhi,Rajya Sabha,Maharashtra,Sitting Rajya Sabha,V-784106,Health,2022-11-23,2022-12-14,21449262.25,18516983.22,55,"B-844178,B-619776,B-167725",2028.0,False,
W-362586,Shri Imran Pratapgarhi,Rajya Sabha,Maharashtra,Sitting Rajya Sabha,V-629364,Health,2023-04-04,2023-04-04,40857220.75,37152169.57,49,"B-938775,B-815929,B-980560,B-410680",2028.0,False,
W-548260,Shri Imran Pratapgarhi,Rajya Sabha,Maharashtra,Sitting Rajya Sabha,V-629881,Road,2022-08-24,2022-09-24,27017936.68,19451538.21,84,"B-503639,B-46813,B-263966",2028.0,False,
W-547073,Shri Imran Pratapgarhi,Rajya Sabha,Maharashtra,Sitting Rajya Sabha,V-857057,Health,2021-12-12,2022-01-03,16191499.25,13782646.88,56,"B-581404,B-414609,B-17954,B-892776",2028.0,False,
W-579370,Shri Imran Pratapgarhi,Rajya Sabha,Maharashtra,Sitting Rajya Sabha,V-108754,Water,2026-08-31,2026-10-08,15423301.91,10066872.84,72,"B-507106,B-953758,B-722870",2028.0,True,sanction_delay
W-293153,Shri Imran Pratapgarhi,Rajya Sabha,Maharashtra,Sitting Rajya Sabha,V-39900,Education,2025-04-20,2025-05-19,45340535.72,36399027.22,85,"B-697707,B-581859,B-684723",2028.0,False,
W-323764,Shri Jagat Prakash Nadda,Rajya Sabha,Gujarat,Sitting Rajya Sabha,V-953209,Water,2026-08-30,2026-09-05,5118440.51,3734132.26,93,"B-253875,B-689629",2030.0,False,
W-701076,Shri Jagat Prakash Nadda,Rajya Sabha,Gujarat,Sitting Rajya Sabha,V-182951,Road,2024-08-11,2024-09-06,53628089.64,47501220.66,76,"B-925039,B-707487",2030.0,False,
W-844323,Shri Jagat Prakash Nadda,Rajya Sabha,Gujarat,Sitting Rajya Sabha,V-14025,Health,2023-07-16,2023-08-03,18058161.13,16292054.71,87,"B-492900,B-911926,B-287739,B-403328,B-96740",2030.0,False,
W-774517,Shri Jagat Prakash Nadda,Rajya Sabha,Gujarat,Sitting Rajya Sabha,V-954559,Road,2023-08-13,2023-08-19,18526811.15,13903053.17,73,"B-416231,B-892964,B-506414",2030.0,False,
W-340829,Shri Jagat Prakash Nadda,Rajya Sabha,Gujarat,Sitting Rajya Sabha,V-670299,Water,2025-01-01,2025-01-22,50933497.57,35399708.85,67,"B-388201,B-162110",2030.0,False,
W-476869,Shri Jaggesh,Rajya Sabha,Karnataka,Sitting Rajya Sabha,V-569927,Sanitation,2022-12-31,2023-01-26,13901335.21,13107900.79,88,"B-349226,B-297306,B-180817,B-631239",2028.0,False,
W-123754,Shri Jaggesh,Rajya Sabha,Karnataka,Sitting Rajya Sabha,V-893478,Road,2025-12-26,2026-01-02,24843150.49,16916050.77,74,"B-413141,B-185942,B-226484,B-878312",2028.0,False,
W-975910,Shri Jaggesh,Rajya Sabha,Karnataka,Sitting Rajya Sabha,V-387871,Sanitation,2023-11-01,2023-11-04,113561550.49,96922852.94,88,"B-602640,B-553544",2028.0,False,
W-406450,Shri Jaggesh,Rajya Sabha,Karnataka,Sitting Rajya Sabha,V-738184,Health,2024-10-05,2024-10-20,42777601.13,31327096.48,57,"B-308068,B-971392",2028.0,False,
W-491921,Shri Jairam Ramesh,Rajya Sabha,Karnataka,Sitting Rajya Sabha,V-442914,Education,2024-08-01,2024-08-22,22911638.1,17990182.05,40,"B-851866,B-149836",2028.0,False,
W-603007,Shri Jairam Ramesh,Rajya Sabha,Karnataka,Sitting Rajya Sabha,V-320576,Road,2026-02-19,2026-03-25,41607214.72,32589207.24,35,"B-784172,B-338092,B-477398",2028.0,False,
W-883140,Shri Jairam Ramesh,Rajya Sabha,Karnataka,Sitting Rajya Sabha,V-4978,Education,2024-12-31,2025-01-05,37932442.34,37145828.33,86,"B-914252,B-435722,B-166090,B-453514,B-346205",2028.0,False,
W-147636,Shri Jairam Ramesh,Rajya Sabha,Karnataka,Sitting Rajya Sabha,V-428034,Sanitation,2026-05-13,2026-05-15,79543740.21,66554150.32,41,"B-524621,B-29442",2028.0,False,
W-256748,Shri Jairam Ramesh,Rajya Sabha,Karnataka,Sitting Rajya Sabha,V-256029,Health,2021-12-02,2021-12-27,37466101.95,30338083.57,39,"B-676547,B-454031",2028.0,False,
W-695957,Shri James Pangsang Kongkal Sangma,Rajya Sabha,Meghalaya,Sitting Rajya Sabha,V-491957,Health,2023-10-07,2023-10-08,7942443.0,9988953.31,76,"B-973400,B-116767",2032.0,True,cost_overrun
W-148901,Shri James Pangsang Kongkal Sangma,Rajya Sabha,Meghalaya,Sitting Rajya Sabha,V-625494,Sanitation,2023-09-01,2023-09-22,15714316.49,10396968.92,60,"B-170459,B-335999",2032.0,False,
W-276776,Shri James Pangsang Kongkal Sangma,Rajya Sabha,Meghalaya,Sitting Rajya Sabha,V-686375,Health,2022-09-21,2023-04-21,8412786.85,7148629.77,77,"B-232532,B-593133,B-779179",2032.0,True,sanction_delay
W-905647,Shri James Pangsang Kongkal Sangma,Rajya Sabha,Meghalaya,Sitting Rajya Sabha,V-325804,Education,2022-06-01,2022-06-10,7381195.11,7035062.16,75,"B-27392,B-821107,B-567368,B-490471",2032.0,False,
W-601161,Shri James Pangsang Kongkal Sangma,Rajya Sabha,Meghalaya,Sitting Rajya Sabha,V-320792,Water,2023-02-26,2023-03-24,6459362.96,4634088.6,92,"B-37850,B-495857",2032.0,False,
W-277280,Shri James Pangsang Kongkal Sangma,Rajya Sabha,Meghalaya,Sitting Rajya Sabha,V-238374,Road,2022-03-26,2022-04-20,2844895.59,2614238.6,46,"B-276517,B-359162,B-232794,B-36638",2032.0,False,
W-890306,Shri Javed Ali Khan,Rajya Sabha,Uttar Pradesh,Sitting Rajya Sabha,V-202971,Road,2022-11-17,2023-01-12,63319787.88,56801903.53,63,"B-677987,B-535787,B-303419,B-53191,B-971297",2028.0,False,
W-318366,Shri Javed Ali Khan,Rajya Sabha,Uttar Pradesh,Sitting Rajya Sabha,V-667224,Water,2021-12-22,2022-01-08,24948022.78,23524895.58,77,"B-845644,B-129689",2028.0,False,
W-482745,Shri Javed Ali Khan,Rajya Sabha,Uttar Pradesh,Sitting Rajya Sabha,V-560483,Health,2023-05-20,2023-05-26,8919776.17,7305949.66,91,"B-324783,B-207587,B-123280",2028.0,False,
W-974386,Shri Javed Ali Khan,Rajya Sabha,Uttar Pradesh,Sitting Rajya Sabha,V-21408,Road,2022-05-11,2022-05-26,14554213.28,13293891.26,38,"B-572331,B-136733",2028.0,False,
W-569681,Shri Javed Ali Khan,Rajya Sabha,Uttar Pradesh,Sitting Rajya Sabha,V-389041,Sanitation,2025-07-29,2025-08-23,9266541.29,6293053.29,52,"B-212708,B-496678,B-757239,B-281718,B-790099",2028.0,False,
W-621554,Shri Javed Ali Khan,Rajya Sabha,Uttar Pradesh,Sitting Rajya Sabha,V-932978,Road,2024-01-06,2024-01-13,58460719.2,52177936.57,85,"B-185714,B-807762,B-871169,B-530911",2028.0,False,
W-104916,Shri Javed Ali Khan,Rajya Sabha,Uttar Pradesh,Sitting Rajya Sabha,V-428026,Education,2024-03-03,2024-03-16,15614576.72,23235939.18,70,"B-974683,B-941392",2028.0,True,cost_overrun
W-228676,Shri Jayant Chaudhary,Rajya Sabha,Uttar Pradesh,Sitting Rajya Sabha,V-338966,Education,2025-09-12,2025-09-30,51584859.33,47992585.67,54,"B-147783,B-688494",2028.0,False,
W-709729,Shri Jayant Chaudhary,Rajya Sabha,Uttar Pradesh,Sitting Rajya Sabha,V-405176,Health,2026-07-20,2026-08-15,7635232.06,6244862.23,73,"B-511686,B-990539",2028.0,False,
W-844215,Shri Jayant Chaudhary,Rajya Sabha,Uttar Pradesh,Sitting Rajya Sabha,V-799728,Other,2023-04-04,2023-04-16,47787999.14,71037735.89,79,"B-161892,B-638884",2028.0,True,cost_overrun
W-384358,Shri Jayant Chaudhary,Rajya Sabha,Uttar Pradesh,Sitting Rajya Sabha,V-18649,Other,2023-06-19,2023-07-11,13342634.03,10650345.01,71,"B-422056,B-559485,B-23618",2028.0,False,
W-898436,Shri Jayant Chaudhary,Rajya Sabha,Uttar Pradesh,Sitting Rajya Sabha,V-977325,Water,2024-05-30,2024-06-18,16779569.77,15344468.94,49,"B-448333,B-328659,B-35405,B-486429",2028.0,False,
W-546101,Shri Jayant Chaudhary,Rajya Sabha,Uttar Pradesh,Sitting Rajya Sabha,V-66199,Water,2022-01-10,2022-04-08,53870497.16,35361780.08,65,"B-119851,B-301080",2028.0,False,
W-982003,Shri Jayant Chaudhary,Rajya Sabha,Uttar Pradesh,Sitting Rajya Sabha,V-584540,Other,2023-02-01,2023-03-14,22003542.64,17853193.25,78,"B-215100,B-201284,B-58916,B-942333",2028.0,True,sanction_delay
W-725697,Shri Jogen Mohan,Rajya Sabha,Assam,Sitting Rajya Sabha,V-717209,Water,2023-02-11,2023-03-17,11423917.47,9351416.41,51,"B-924323,B-830984,B-672373,B-409598",2032.0,False,
W-501682,Shri Jogen Mohan,Rajya Sabha,Assam,Sitting Rajya Sabha,V-981275,Education,2022-01-07,2022-01-30,11032264.44,8954057.0,37,"B-108241,B-849475,B-127291,B-524174",2032.0,False,
W-252488,Shri Jogen Mohan,Rajya Sabha,Assam,Sitting Rajya Sabha,V-933470,Other,2022-03-03,2022-03-10,3947419.09,3037854.03,76,"B-158741,B-728192,B-729508,B-318363",2032.0,False,
W-483714,Shri Jogen Mohan,Rajya Sabha,Assam,Sitting Rajya Sabha,V-852680,Water,2026-04-12,2026-04-13,8159386.58,7189531.94,73,"B-373895,B-198084,B-853044",2032.0,False,
W-621449,Shri Jogen Mohan,Rajya Sabha,Assam,Sitting Rajya Sabha,V-435751,Road,2022-02-06,2022-02-15,1899828.72,1669666.74,54,"B-220004,B-452683",2032.0,False,
W-593192,Shri Jogen Mohan,Rajya Sabha,Assam,Sitting Rajya Sabha,V-470777,Water,2025-06-17,2025-07-20,2646289.64,2585224.07,35,"B-739464,B-438023,B-650373",2032.0,False,
W-713196,Shri Jogen Mohan,Rajya Sabha,Assam,Sitting Rajya Sabha,V-56622,Education,2023-01-01,2023-01-15,7743754.58,5235415.88,36,"B-33606,B-711631,B-24655,B-917437,B-853975",2032.0,False,
W-595907,Shri Jogen Mohan,Rajya Sabha,Assam,Sitting Rajya Sabha,V-980079,Education,2026-03-14,2026-04-02,1902139.48,1822070.43,87,"B-275517,B-524355,B-942585,B-829374,B-986710",2032.0,True,sanction_delay
W-987396,Shri Jose K. Mani,Rajya Sabha,Kerala,Sitting Rajya Sabha,V-163710,Road,2024-06-15,2024-07-04,11586601.89,9267098.86,89,"B-474585,B-241308",2030.0,False,
W-529663,Shri Jose K. Mani,Rajya Sabha,Kerala,Sitting Rajya Sabha,V-593761,Health,2024-09-27,2024-10-15,33766629.74,30171160.24,91,"B-176413,B-605791,B-362271,B-714070",2030.0,False,
W-366247,Shri Jose K. Mani,Rajya Sabha,Kerala,Sitting Rajya Sabha,V-813855,Health,2026-07-25,2026-08-05,76534268.37,61419101.68,59,"B-684130,B-193511,B-554188,B-757058,B-916762",2030.0,False,
W-523129,Shri K.R.N. Rajeshkumar,Rajya Sabha,Tamil Nadu,Sitting Rajya Sabha,V-532891,Education,2025-08-15,2025-09-16,26565151.06,20976737.66,70,"B-777913,B-711984",2028.0,False,
W-513089,Shri K.R.N. Rajeshkumar,Rajya Sabha,Tamil Nadu,Sitting Rajya Sabha,V-611236,Education,2022-09-22,2022-10-03,28262025.8,22037594.33,73,"B-418969,B-579967,B-636143,B-523603",2028.0,False,
W-387323,Shri K.R.N. Rajeshkumar,Rajya Sabha,Tamil Nadu,Sitting Rajya Sabha,V-544777,Other,2022-01-12,2022-01-21,119790542.91,99618222.25,88,"B-411955,B-148695,B-637394,B-848478,B-665117",2028.0,False,
W-922532,Shri K.R.N. Rajeshkumar,Rajya Sabha,Tamil Nadu,Sitting Rajya Sabha,V-853485,Sanitation,2022-04-01,2022-04-15,8893348.73,7692906.14,84,"B-519381,B-957066",2028.0,False,
W-943966,Shri K.R.N. Rajeshkumar,Rajya Sabha,Tamil Nadu,Sitting Rajya Sabha,V-216822,Other,2022-08-22,2022-09-19,53810337.15,39765371.44,49,"B-728790,B-714113,B-623773,B-766142",2028.0,False,
W-663882,Shri Kamal Haasan,Rajya Sabha,Tamil Nadu,Sitting Rajya Sabha,V-278138,Water,2024-11-15,2024-11-29,3813630.69,2709707.67,58,"B-918130,B-288748,B-613959",2031.0,False,
W-492463,Shri Kamal Haasan,Rajya Sabha,Tamil Nadu,Sitting Rajya Sabha,V-DUP-010,Other,2021-09-25,2021-10-01,52275698.31,49048414.06,42,"B-848072,B-100636,B-358367",2031.0,True,duplicate_vendor
W-431311,Shri Kamal Haasan,Rajya Sabha,Tamil Nadu,Sitting Rajya Sabha,V-678105,Road,2025-05-04,2025-05-22,28089895.85,19555135.43,53,"B-948170,B-668275,B-633395,B-157390,B-11330",2031.0,False,
W-547461,Shri Kamal Haasan,Rajya Sabha,Tamil Nadu,Sitting Rajya Sabha,V-895007,Sanitation,2022-12-10,2023-01-01,4622819.14,4437823.44,66,"B-4838,B-466563,B-343531",2031.0,False,
W-743764,Shri Kanad Purkayastha,Rajya Sabha,Assam,Sitting Rajya Sabha,V-851432,Sanitation,2023-06-29,2021-12-05,29102459.28,27335692.6,48,"B-570730,B-142515,B-790128",2031.0,True,delayed_completion
W-325222,Shri Kanad Purkayastha,Rajya Sabha,Assam,Sitting Rajya Sabha,V-685349,Health,2022-02-06,2022-02-21,26272902.04,24306403.51,93,"B-86417,B-955201,B-873565,B-224605",2031.0,False,
W-973952,Shri Kanad Purkayastha,Rajya Sabha,Assam,Sitting Rajya Sabha,V-616154,Road,2022-03-06,2022-03-27,25110505.89,18277991.22,88,"B-832136,B-888358,B-186755",2031.0,False,
W-839896,Shri Kanad Purkayastha,Rajya Sabha,Assam,Sitting Rajya Sabha,V-748702,Sanitation,2026-06-01,2026-06-13,11494605.37,9995204.38,89,"B-302746,B-522295",2031.0,False,
W-950271,Shri Kanad Purkayastha,Rajya Sabha,Assam,Sitting Rajya Sabha,V-36732,Health,2023-09-29,2023-10-13,5529527.42,5142911.6,43,"B-481118,B-547069,B-90414,B-929550",2031.0,False,
W-703876,Shri Kapil Sibal,Rajya Sabha,Uttar Pradesh,Sitting Rajya Sabha,V-65720,Other,2022-03-24,2022-04-12,3915145.07,3135204.92,36,"B-296446,B-439260,B-365672",2028.0,False,
W-145715,Shri Kapil Sibal,Rajya Sabha,Uttar Pradesh,Sitting Rajya Sabha,V-183602,Education,2026-06-03,2026-06-22,52486588.45,35410474.62,78,"B-558553,B-404137",2028.0,False,
W-161962,Shri Kapil Sibal,Rajya Sabha,Uttar Pradesh,Sitting Rajya Sabha,V-740293,Education,2024-01-15,2024-02-01,16569408.24,16956177.62,90,"B-259658,B-263741,B-338375,B-181367,B-604523",2028.0,True,cost_overrun
W-164367,Shri Kapil Sibal,Rajya Sabha,Uttar Pradesh,Sitting Rajya Sabha,V-198296,Sanitation,2022-04-05,2022-04-29,66931512.4,63827826.89,57,"B-927675,B-461229,B-4921,B-824041",2028.0,False,
W-485870,Shri Kapil Sibal,Rajya Sabha,Uttar Pradesh,Sitting Rajya Sabha,V-834938,Road,2024-12-10,2024-12-26,55180983.16,45491221.75,40,"B-504759,B-239160,B-997081,B-64723,B-104484",2028.0,False,
W-560124,Shri Karamvir Singh Singh Boudh,Rajya Sabha,Haryana,Sitting Rajya Sabha,V-228034,Sanitation,2023-07-08,2023-08-05,11202881.1,7314634.6,38,"B-924515,B-913931,B-34685,B-702177",2032.0,False,
W-278788,Shri Karamvir Singh Singh Boudh,Rajya Sabha,Haryana,Sitting Rajya Sabha,V-847841,Sanitation,2024-06-01,2024-07-02,3583886.22,3037628.39,73,"B-867686,B-213164,B-72558",2032.0,False,
W-905184,Shri Karamvir Singh Singh Boudh,Rajya Sabha,Haryana,Sitting Rajya Sabha,V-431537,Road,2025-05-24,2025-05-30,15075476.02,13206609.73,65,"B-691452,B-484350,B-890044,B-65064,B-814522",2032.0,False,
W-330386,Shri Karamvir Singh Singh Boudh,Rajya Sabha,Haryana,Sitting Rajya Sabha,V-790225,Road,2024-08-27,2024-09-27,16227636.96,15398185.19,74,"B-869205,B-450381,B-688166",2032.0,False,
W-112738,Shri Karamvir Singh Singh Boudh,Rajya Sabha,Haryana,Sitting Rajya Sabha,V-496773,Health,2024-07-16,2021-12-11,2665119.7,1821612.86,41,"B-234247,B-986034",2032.0,True,delayed_completion
W-664138,Shri Kartikeya Sharma,Rajya Sabha,Haryana,Sitting Rajya Sabha,V-254321,Road,2024-06-12,2024-06-22,30577678.63,23711438.93,35,"B-287535,B-740115",2028.0,False,
W-995157,Shri Kartikeya Sharma,Rajya Sabha,Haryana,Sitting Rajya Sabha,V-919047,Education,2021-11-21,2021-12-07,135661803.75,119561180.29,84,"B-440882,B-801837,B-906925,B-188311",2028.0,False,
W-890554,Shri Kartikeya Sharma,Rajya Sabha,Haryana,Sitting Rajya Sabha,V-281752,Other,2024-06-08,2024-06-08,28780517.61,20045596.67,57,"B-397056,B-424728,B-117960",2028.0,False,
W-835481,Shri Kesridevsinh Jhala,Rajya Sabha,Gujarat,Sitting Rajya Sabha,V-262895,Education,2023-08-22,2023-09-24,19745080.78,14037531.55,73,"B-248324,B-591989,B-986534,B-648988,B-73280",2029.0,False,
W-155589,Shri Kesridevsinh Jhala,Rajya Sabha,Gujarat,Sitting Rajya Sabha,V-50791,Other,2022-07-03,2022-07-03,7021493.82,6020519.04,80,"B-442243,B-918882,B-275845,B-189715",2029.0,False,
W-140382,Shri Kesridevsinh Jhala,Rajya Sabha,Gujarat,Sitting Rajya Sabha,V-963710,Education,2024-05-07,2024-06-02,54536913.46,52113706.4,57,"B-154665,B-59724,B-902286,B-931674,B-418919",2029.0,False,
W-395649,Shri Kesridevsinh Jhala,Rajya Sabha,Gujarat,Sitting Rajya Sabha,V-740534,Road,2024-05-30,2024-06-24,22491385.95,16503051.75,38,"B-444145,B-273792,B-809382,B-741648,B-868126",2029.0,False,
W-473341,Shri Kesridevsinh Jhala,Rajya Sabha,Gujarat,Sitting Rajya Sabha,V-929550,Road,2026-04-13,2026-04-29,66847625.99,52659787.83,85,"B-376914,B-752427,B-999582,B-351157",2029.0,False,
W-856601,Shri Khiangte Laltluangkima,Rajya Sabha,Mizoram,Sitting Rajya Sabha,V-481305,Education,2026-01-08,2026-01-15,598430.44,570052.28,58,"B-935220,B-651078",2032.0,False,
W-336891,Shri Khiangte Laltluangkima,Rajya Sabha,Mizoram,Sitting Rajya Sabha,V-918504,Health,2022-05-04,2022-05-30,13035033.2,10248214.33,81,"B-68845,B-648570,B-730208",2032.0,False,
W-119346,Shri Khiangte Laltluangkima,Rajya Sabha,Mizoram,Sitting Rajya Sabha,V-970420,Education,2023-07-06,2023-07-09,8836630.95,8562920.56,40,"B-389886,B-674268,B-675515",2032.0,False,
W-358243,Shri Khiangte Laltluangkima,Rajya Sabha,Mizoram,Sitting Rajya Sabha,V-843749,Water,2026-05-01,2026-05-28,1907405.41,1311954.24,65,"B-228612,B-136919,B-296904",2032.0,False,
W-347040,Shri Khiru Mahto,Rajya Sabha,Bihar,Sitting Rajya Sabha,V-75393,Other,2022-10-15,2022-10-18,40089444.5,31841006.48,72,"B-237165,B-11710,B-756803,B-762801,B-674666",2028.0,False,
W-117619,Shri Khiru Mahto,Rajya Sabha,Bihar,Sitting Rajya Sabha,V-466881,Road,2026-03-05,2026-03-13,44690903.3,38937202.06,93,"B-81335,B-272713,B-499061,B-415877,B-238321",2028.0,False,
W-433886,Shri Khiru Mahto,Rajya Sabha,Bihar,Sitting Rajya Sabha,V-565611,Sanitation,2021-11-25,2021-12-22,28731539.8,24448352.5,45,"B-131869,B-578865,B-512112,B-260432",2028.0,False,
W-383833,Shri Khiru Mahto,Rajya Sabha,Bihar,Sitting Rajya Sabha,V-184018,Water,2022-01-11,2022-02-12,20588592.49,16064496.58,59,"B-956210,B-890599,B-762103,B-891779,B-21402",2028.0,False,
W-401120,Shri Khiru Mahto,Rajya Sabha,Bihar,Sitting Rajya Sabha,V-141994,Other,2022-01-30,2022-02-14,79716764.62,71717973.13,86,"B-760018,B-558520,B-52801,B-349314,B-734068",2028.0,False,
W-942228,Shri Khiru Mahto,Rajya Sabha,Bihar,Sitting Rajya Sabha,V-122946,Water,2023-08-18,2023-09-06,20773996.64,15627453.98,63,"B-29900,B-396775",2028.0,False,
W-575265,Shri L. K. Sudhish,Rajya Sabha,Tamil Nadu,Sitting Rajya Sabha,V-15897,Sanitation,2026-08-30,2027-04-06,4723507.28,4599585.93,72,"B-294961,B-685323,B-568359",2032.0,True,sanction_delay
W-393831,Shri L. K. Sudhish,Rajya Sabha,Tamil Nadu,Sitting Rajya Sabha,V-15583,Health,2024-06-17,2024-07-19,10023582.78,9030372.76,91,"B-14544,B-417767,B-155426,B-513710",2032.0,False,
W-620795,Shri L. K. Sudhish,Rajya Sabha,Tamil Nadu,Sitting Rajya Sabha,V-392801,Health,2023-04-30,2023-05-25,12113604.39,7981895.09,54,"B-398479,B-427200,B-42841,B-849142,B-299384",2032.0,False,
W-983674,Shri L. K. Sudhish,Rajya Sabha,Tamil Nadu,Sitting Rajya Sabha,V-561767,Water,2023-07-13,2023-08-05,22248999.66,20798986.06,76,"B-974408,B-95675,B-718921,B-15681,B-418026",2032.0,False,
W-338999,Shri Lahar Singh Siroya,Rajya Sabha,Karnataka,Sitting Rajya Sabha,V-974384,Other,2025-10-16,2025-11-05,78073209.27,72869042.67,57,"B-699294,B-498381,B-900056",2028.0,False,
W-769002,Shri Lahar Singh Siroya,Rajya Sabha,Karnataka,Sitting Rajya Sabha,V-645836,Health,2022-03-17,2022-03-21,57838219.2,52848005.85,72,"B-423493,B-393378,B-68696,B-628197,B-205187",2028.0,False,
W-377770,Shri Lahar Singh Siroya,Rajya Sabha,Karnataka,Sitting Rajya Sabha,V-868190,Sanitation,2022-03-21,2022-04-02,69335269.2,64867676.97,73,"B-298115,B-329000,B-727188,B-925282,B-519578",2028.0,False,
W-280593,Shri Lingamaneni Ramesh,Rajya Sabha,Andhra Pradesh,Sitting Rajya Sabha,V-511707,Other,2025-08-22,2025-09-20,5884338.49,5552580.01,68,"B-157296,B-910136,B-215540,B-911884",2032.0,False,
W-578454,Shri Lingamaneni Ramesh,Rajya Sabha,Andhra Pradesh,Sitting Rajya Sabha,V-838495,Sanitation,2025-10-18,2025-11-02,10058642.7,8787121.86,47,"B-90589,B-461440,B-279010",2032.0,False,
W-615590,Shri Lingamaneni Ramesh,Rajya Sabha,Andhra Pradesh,Sitting Rajya Sabha,V-561453,Other,2022-08-04,2022-08-04,16711210.38,14115557.61,91,"B-129851,B-395543",2032.0,False,
W-626743,Shri Lingamaneni Ramesh,Rajya Sabha,Andhra Pradesh,Sitting Rajya Sabha,V-701858,Water,2025-11-30,2025-12-25,3278673.45,2851528.77,69,"B-667512,B-520110,B-808902,B-990808",2032.0,False,
W-136275,Shri Lingamaneni Ramesh,Rajya Sabha,Andhra Pradesh,Sitting Rajya Sabha,V-305643,Water,2023-01-26,2023-02-19,9695183.26,7035577.93,94,"B-861704,B-696062,B-617331,B-144280,B-180456",2032.0,False,
W-131884,Shri Lingamaneni Ramesh,Rajya Sabha,Andhra Pradesh,Sitting Rajya Sabha,V-860137,Other,2023-06-21,2023-07-06,3126951.72,2033090.46,60,"B-363422,B-938510,B-154334",2032.0,False,
W-238093,Shri M. Nagaraja,Rajya Sabha,Karnataka,Sitting Rajya Sabha,V-981224,Health,2026-05-11,2024-04-27,7437338.01,7114314.9,65,"B-991045,B-314813,B-867824",2032.0,True,delayed_completion
W-952853,Shri M. Nagaraja,Rajya Sabha,Karnataka,Sitting Rajya Sabha,V-38006,Water,2023-08-26,2023-09-29,6185051.43,4059776.72,67,"B-831316,B-789505",2032.0,False,
W-789709,Shri M. Nagaraja,Rajya Sabha,Karnataka,Sitting Rajya Sabha,V-736357,Road,2024-08-11,2024-08-17,3849042.21,2602953.25,85,"B-374001,B-212358,B-703170",2032.0,False,
W-979170,Shri M. Nagaraja,Rajya Sabha,Karnataka,Sitting Rajya Sabha,V-820910,Health,2025-02-13,2025-03-15,8243885.52,7591386.74,46,"B-998862,B-317854,B-232601,B-292478",2032.0,False,
W-469488,Shri M. Nagaraja,Rajya Sabha,Karnataka,Sitting Rajya Sabha,V-341656,Other,2024-11-24,2024-11-24,13313242.53,12456974.56,86,"B-766976,B-302368,B-649395",2032.0,False,
W-341244,Shri M. Nagaraja,Rajya Sabha,Karnataka,Sitting Rajya Sabha,V-105170,Water,2023-01-07,2023-02-01,9726440.29,8655395.48,50,"B-461875,B-458281",2032.0,False,
W-785520,Shri Madan Rathore,Rajya Sabha,Rajasthan,Sitting Rajya Sabha,V-538180,Health,2024-11-25,2022-07-27,7878733.15,5541166.88,59,"B-683963,B-177916,B-452810",2030.0,True,delayed_completion
W-627626,Shri Madan Rathore,Rajya Sabha,Rajasthan,Sitting Rajya Sabha,V-759894,Water,2025-02-16,2025-02-27,38412417.18,30290439.96,88,"B-99161,B-279018,B-412275,B-327894,B-692599",2030.0,False,
W-653314,Shri Madan Rathore,Rajya Sabha,Rajasthan,Sitting Rajya Sabha,V-884111,Education,2025-08-27,2025-09-27,4239898.32,3637864.42,81,"B-46317,B-241487,B-953129",2030.0,False,
W-461032,Shri Madan Rathore,Rajya Sabha,Rajasthan,Sitting Rajya Sabha,V-38468,Education,2026-01-11,2026-02-11,2882654.44,2262211.04,59,"B-584453,B-557640,B-382509,B-13401",2030.0,False,
W-867897,Shri Madan Rathore,Rajya Sabha,Rajasthan,Sitting Rajya Sabha,V-156439,Road,2022-03-20,2022-04-14,10410538.51,8613523.33,49,"B-835877,B-669585",2030.0,False,
W-612556,Shri Madan Rathore,Rajya Sabha,Rajasthan,Sitting Rajya Sabha,V-489061,Sanitation,2023-06-16,2023-06-18,32129870.03,24949050.48,60,"B-660929,B-59165,B-570237,B-649586,B-720529",2030.0,False,
W-445708,Shri Madan Rathore,Rajya Sabha,Rajasthan,Sitting Rajya Sabha,V-40473,Health,2024-05-29,2024-06-16,21729687.67,16854580.24,44,"B-798763,B-849793,B-205070,B-48601",2030.0,False,
W-722727,Shri Madan Rathore,Rajya Sabha,Rajasthan,Sitting Rajya Sabha,V-408764,Water,2026-04-22,2026-05-26,28581200.7,19637574.95,74,"B-177847,B-866988,B-269376,B-999172",2030.0,False,
W-442183,Shri Mahendra Bhatt,Rajya Sabha,Uttarakhand,Sitting Rajya Sabha,V-188526,Water,2022-04-24,2022-05-06,34896807.03,30773776.71,78,"B-328750,B-276948,B-912838,B-786006",2030.0,False,
W-567713,Shri Mahendra Bhatt,Rajya Sabha,Uttarakhand,Sitting Rajya Sabha,V-891686,Sanitation,2022-07-05,2022-07-16,36188387.78,29595669.89,35,"B-269908,B-44168",2030.0,False,
W-921560,Shri Mahendra Bhatt,Rajya Sabha,Uttarakhand,Sitting Rajya Sabha,V-20751,Sanitation,2024-05-27,2024-06-13,20996478.2,17181985.42,68,"B-38329,B-814729,B-508657",2030.0,False,
W-472106,Shri Mahendra Bhatt,Rajya Sabha,Uttarakhand,Sitting Rajya Sabha,V-785465,Water,2025-09-17,2025-09-26,33050735.36,32166944.59,39,"B-436565,B-598718,B-767212,B-242745",2030.0,False,
W-747568,Shri Mahendra Bhatt,Rajya Sabha,Uttarakhand,Sitting Rajya Sabha,V-197218,Education,2025-02-14,2025-03-05,21132591.63,13790538.64,47,"B-450447,B-575054",2030.0,False,
W-580006,Shri Mahesh Kewat,Rajya Sabha,Madhya Pradesh,Sitting Rajya Sabha,V-472517,Education,2025-07-04,2025-07-18,26809038.17,21816652.48,73,"B-355496,B-323296",2032.0,False,
W-408963,Shri Mahesh Kewat,Rajya Sabha,Madhya Pradesh,Sitting Rajya Sabha,V-45708,Other,2026-08-18,2026-08-29,14831679.41,13509892.21,40,"B-514520,B-433122,B-674787",2032.0,False,
W-788923,Shri Mahesh Kewat,Rajya Sabha,Madhya Pradesh,Sitting Rajya Sabha,V-863837,Water,2025-02-20,2025-05-09,7114282.42,6614487.81,74,"B-965595,B-925497",2032.0,True,sanction_delay
W-537392,Shri Mallikarjun Kharge,Rajya Sabha,Karnataka,Sitting Rajya Sabha,V-594319,Sanitation,2023-12-13,2023-12-13,1837886.51,1781821.47,95,"B-993194,B-562991,B-784065,B-234171",2032.0,False,
W-805692,Shri Mallikarjun Kharge,Rajya Sabha,Karnataka,Sitting Rajya Sabha,V-435817,Education,2026-01-25,2026-02-22,4980188.3,4540789.13,46,"B-662525,B-634315,B-485412,B-397926",2032.0,False,
W-945154,Shri Mallikarjun Kharge,Rajya Sabha,Karnataka,Sitting Rajya Sabha,V-767067,Education,2021-10-15,2021-11-10,6760064.48,6467497.01,83,"B-734886,B-391416,B-69365,B-735354,B-98266,B-DUP-016",2032.0,True,duplicate_beneficiary
W-324671,Shri Mallikarjun Kharge,Rajya Sabha,Karnataka,Sitting Rajya Sabha,V-753949,Road,2024-09-02,2024-09-15,2261127.54,1492835.53,36,"B-472786,B-359917",2032.0,False,
W-545681,Shri Mallikarjun Kharge,Rajya Sabha,Karnataka,Sitting Rajya Sabha,V-211818,Sanitation,2025-12-21,2026-01-05,11767146.63,10891003.07,37,"B-955882,B-610652,B-794224,B-672460,B-205438",2032.0,False,
W-386383,Shri Mallikarjun Kharge,Rajya Sabha,Karnataka,Sitting Rajya Sabha,V-154214,Water,2025-02-15,2025-03-01,7355401.72,5513107.76,92,"B-31170,B-411612,B-430974,B-723466",2032.0,False,
W-280700,Shri Mallikarjun Kharge,Rajya Sabha,Karnataka,Sitting Rajya Sabha,V-531899,Road,2026-08-04,2026-09-02,8964923.31,7710225.99,62,"B-4754,B-923598",2032.0,False,
W-780633,Shri Mallikarjun Kharge,Rajya Sabha,Karnataka,Sitting Rajya Sabha,V-80068,Health,2024-08-22,2024-09-03,4891898.83,4076373.08,37,B-DUP-011,2032.0,True,duplicate_beneficiary
W-344323,Shri Manan Kumar Mishra,Rajya Sabha,Bihar,Sitting Rajya Sabha,V-40467,Sanitation,2025-11-26,2025-12-29,53591887.78,36648919.04,86,"B-176848,B-681001,B-548287",2028.0,False,
W-233044,Shri Manan Kumar Mishra,Rajya Sabha,Bihar,Sitting Rajya Sabha,V-145399,Sanitation,2023-03-23,2023-04-12,37342410.5,28083125.01,53,"B-793536,B-48125,B-244138,B-612154,B-404042",2028.0,False,
W-409902,Shri Manan Kumar Mishra,Rajya Sabha,Bihar,Sitting Rajya Sabha,V-298018,Road,2022-01-01,2022-06-25,76509921.45,58701873.11,52,B-DUP-010,2028.0,True,duplicate_beneficiary
W-768081,Shri Manan Kumar Mishra,Rajya Sabha,Bihar,Sitting Rajya Sabha,V-16260,Other,2023-10-13,2023-11-15,66643417.59,44672631.17,91,"B-62752,B-435761",2028.0,False,
W-174462,Shri Manas Ranjan Mangaraj,Rajya Sabha,Odisha,Sitting Rajya Sabha,V-934714,Water,2026-04-21,2026-05-14,56046963.83,39464043.05,62,"B-708558,B-483118,B-939258",2028.0,False,
W-524252,Shri Manas Ranjan Mangaraj,Rajya Sabha,Odisha,Sitting Rajya Sabha,V-232594,Health,2024-06-04,2024-06-12,59161922.41,51571982.71,86,"B-187042,B-903642,B-807723,B-370662,B-162354",2028.0,False,
W-950449,Shri Manas Ranjan Mangaraj,Rajya Sabha,Odisha,Sitting Rajya Sabha,V-2817,Sanitation,2024-08-30,2024-09-03,79874751.08,75587507.75,40,"B-37213,B-873351,B-414134",2028.0,False,
W-539091,Shri Manmohan Samal,Rajya Sabha,Odisha,Sitting Rajya Sabha,V-522369,Sanitation,2021-12-27,2022-01-12,14047350.56,12347997.76,74,"B-149098,B-103189,B-421237",2032.0,False,
W-168150,Shri Manmohan Samal,Rajya Sabha,Odisha,Sitting Rajya Sabha,V-335433,Health,2026-02-17,2026-03-11,10730364.91,8212871.41,74,"B-362621,B-708931,B-883804,B-957008,B-891628",2032.0,False,
W-887697,Shri Manmohan Samal,Rajya Sabha,Odisha,Sitting Rajya Sabha,V-666370,Road,2025-12-24,2026-01-10,8192132.3,5447781.78,61,"B-334113,B-715648",2032.0,False,
W-610411,Shri Manmohan Samal,Rajya Sabha,Odisha,Sitting Rajya Sabha,V-933031,Education,2024-11-27,2024-12-25,15785152.23,11191327.35,63,"B-84659,B-127027,B-183518,B-87580,B-448751",2032.0,False,
W-767597,Shri Mansoor Ali Khan,Rajya Sabha,Karnataka,Sitting Rajya Sabha,V-787343,Health,2022-01-09,2022-02-02,4774542.83,4302186.04,79,"B-611396,B-556643,B-527924,B-894942",2032.0,False,
W-728952,Shri Mansoor Ali Khan,Rajya Sabha,Karnataka,Sitting Rajya Sabha,V-254662,Education,2024-05-02,2024-05-18,10713981.31,8551285.35,71,"B-57336,B-106646,B-481708,B-48833",2032.0,False,
W-986299,Shri Mansoor Ali Khan,Rajya Sabha,Karnataka,Sitting Rajya Sabha,V-266402,Sanitation,2025-07-03,2025-07-16,8322279.12,6610350.75,56,"B-968644,B-535353",2032.0,False,
W-911900,Shri Mansoor Ali Khan,Rajya Sabha,Karnataka,Sitting Rajya Sabha,V-367964,Water,2025-06-07,2025-06-30,4231595.19,2857956.63,51,"B-353264,B-668918,B-982405,B-633557,B-808789",2032.0,False,
W-375398,Shri Mansoor Ali Khan,Rajya Sabha,Karnataka,Sitting Rajya Sabha,V-511136,Road,2024-04-16,2024-06-10,4749049.46,3687080.65,80,"B-757440,B-32848",2032.0,False,
W-414830,Shri Mansoor Ali Khan,Rajya Sabha,Karnataka,Sitting Rajya Sabha,V-136300,Education,2022-06-26,2022-07-06,979810.08,741137.72,50,"B-575525,B-768472,B-521252,B-892053",2032.0,False,
W-622816,Shri Mansoor Ali Khan,Rajya Sabha,Karnataka,Sitting Rajya Sabha,V-441689,Sanitation,2026-08-13,2026-10-18,14983742.0,11044106.56,52,"B-340240,B-839108",2032.0,False,
W-413739,Shri Masthan Rao Yadav Beedha,Rajya Sabha,Andhra Pradesh,Sitting Rajya Sabha,V-550104,Water,2022-12-10,2022-12-18,26845880.34,20460683.97,90,"B-593602,B-116957,B-243457",2028.0,False,
W-851728,Shri Masthan Rao Yadav Beedha,Rajya Sabha,Andhra Pradesh,Sitting Rajya Sabha,V-562265,Other,2026-05-19,2026-06-16,44261947.98,32683671.27,92,"B-275509,B-753896,B-597803,B-600121",2028.0,False,
W-179836,Shri Masthan Rao Yadav Beedha,Rajya Sabha,Andhra Pradesh,Sitting Rajya Sabha,V-800717,Education,2022-11-03,2022-11-03,15516108.43,11087055.87,84,"B-159621,B-387582,B-735948,B-313728,B-445457",2028.0,False,
W-485206,Shri Masthan Rao Yadav Beedha,Rajya Sabha,Andhra Pradesh,Sitting Rajya Sabha,V-421876,Sanitation,2023-04-20,2023-05-12,79471484.6,57048591.22,42,B-DUP-003,2028.0,True,duplicate_beneficiary
W-747479,Shri Masthan Rao Yadav Beedha,Rajya Sabha,Andhra Pradesh,Sitting Rajya Sabha,V-825387,Health,2023-07-13,2023-07-25,4344143.53,3883714.07,80,"B-736667,B-152929",2028.0,False,
W-609652,Shri Mayankkumar Nayak,Rajya Sabha,Gujarat,Sitting Rajya Sabha,V-486953,Other,2025-03-14,2025-03-14,22011559.01,20732976.94,76,"B-404567,B-111537,B-703649,B-611841",2030.0,False,
W-497766,Shri Mayankkumar Nayak,Rajya Sabha,Gujarat,Sitting Rajya Sabha,V-442604,Education,2024-04-10,2024-05-08,5104595.09,4050793.07,58,"B-618374,B-575490,B-252078",2030.0,False,
W-377108,Shri Mayankkumar Nayak,Rajya Sabha,Gujarat,Sitting Rajya Sabha,V-887540,Health,2023-09-30,2023-10-22,41791136.28,32763427.09,50,"B-721278,B-353947,B-965406,B-530902",2030.0,False,
W-586048,Shri Mayankkumar Nayak,Rajya Sabha,Gujarat,Sitting Rajya Sabha,V-761961,Health,2025-01-05,2025-01-14,8884823.56,6750448.91,39,"B-848371,B-659273",2030.0,False,
W-608043,Shri Mayankkumar Nayak,Rajya Sabha,Gujarat,Sitting Rajya Sabha,V-992901,Other,2022-02-07,2022-03-06,56107597.78,42929088.58,50,"B-577605,B-362593,B-175755,B-654164,B-844604",2030.0,False,
W-695503,Shri Mayankkumar Nayak,Rajya Sabha,Gujarat,Sitting Rajya Sabha,V-279324,Education,2026-02-09,2026-02-18,12365288.28,9975911.28,46,"B-251277,B-992187,B-328995",2030.0,False,
W-629526,Shri Meda Raghunadha Reddy,Rajya Sabha,Andhra Pradesh,Sitting Rajya Sabha,V-402388,Sanitation,2022-09-27,2022-10-11,53290155.28,39373909.33,79,"B-947712,B-840220,B-541630,B-224112,B-400729",2030.0,False,
W-525899,Shri Meda Raghunadha Reddy,Rajya Sabha,Andhra Pradesh,Sitting Rajya Sabha,V-779808,Health,2024-07-19,2024-07-29,80701561.84,55582997.97,79,"B-27717,B-650559",2030.0,False,
W-161877,Shri Meda Raghunadha Reddy,Rajya Sabha,Andhra Pradesh,Sitting Rajya Sabha,V-166187,Water,2026-07-12,2026-08-14,12273282.88,11120403.6,82,"B-885529,B-404125",2030.0,True,sanction_delay
W-910346,Shri Milind Murli Deora,Rajya Sabha,Maharashtra,Sitting Rajya Sabha,V-821786,Water,2023-11-23,2023-12-06,24809871.48,25709804.87,73,"B-31734,B-343938,B-118540,B-97248",2030.0,True,cost_overrun
W-222356,Shri Milind Murli Deora,Rajya Sabha,Maharashtra,Sitting Rajya Sabha,V-248885,Water,2024-07-12,2024-07-13,52099369.25,39841805.11,44,"B-815433,B-154621,B-632565,B-564862",2030.0,False,
W-396792,Shri Milind Murli Deora,Rajya Sabha,Maharashtra,Sitting Rajya Sabha,V-170775,Water,2021-12-25,2022-01-01,9087079.54,8798730.59,73,"B-619222,B-661136,B-707305",2030.0,False,
W-411386,Shri Milind Murli Deora,Rajya Sabha,Maharashtra,Sitting Rajya Sabha,V-14710,Sanitation,2023-01-01,2023-01-01,12550526.41,10396690.84,64,"B-295191,B-132341,B-309673,B-429074",2030.0,False,
W-326577,Shri Milind Murli Deora,Rajya Sabha,Maharashtra,Sitting Rajya Sabha,V-32201,Sanitation,2025-11-30,2025-12-15,18263734.83,17465543.45,63,"B-39940,B-764795,B-473793,B-682814,B-518387",2030.0,False,
W-914128,Shri Milind Murli Deora,Rajya Sabha,Maharashtra,Sitting Rajya Sabha,V-47700,Health,2023-01-26,2023-01-30,29454418.49,19922464.86,47,"B-113113,B-125779,B-372244",2030.0,False,
W-332683,Shri Mithlesh Kumar,Rajya Sabha,Uttar Pradesh,Sitting Rajya Sabha,V-603309,Health,2023-09-30,2023-11-12,19868392.35,14439204.35,73,"B-386585,B-660681",2028.0,False,
W-925530,Shri Mithlesh Kumar,Rajya Sabha,Uttar Pradesh,Sitting Rajya Sabha,V-206583,Water,2023-12-25,2024-01-03,26816737.89,20537990.91,91,"B-906255,B-934935,B-680538,B-300745,B-302758",2028.0,False,
W-597188,Shri Mithlesh Kumar,Rajya Sabha,Uttar Pradesh,Sitting Rajya Sabha,V-509532,Other,2025-04-15,2025-04-23,148398507.08,118849735.38,64,"B-992206,B-57195,B-892777",2028.0,False,
W-884485,Shri Mohammed Nadimul Haque,Rajya Sabha,West Bengal,Sitting Rajya Sabha,V-469915,Education,2023-08-31,2023-09-24,5787649.05,5276943.14,44,"B-993191,B-985738",2030.0,False,
W-860418,Shri Mohammed Nadimul Haque,Rajya Sabha,West Bengal,Sitting Rajya Sabha,V-416081,Road,2024-02-25,2024-03-28,6881244.24,4540758.08,54,"B-827771,B-811794,B-433248,B-817658",2030.0,False,
W-138331,Shri Mohammed Nadimul Haque,Rajya Sabha,West Bengal,Sitting Rajya Sabha,V-50982,Education,2022-02-03,2022-02-16,10309924.45,8972262.69,48,"B-183000,B-661171",2030.0,False,
W-319277,Shri Mohammed Nadimul Haque,Rajya Sabha,West Bengal,Sitting Rajya Sabha,V-885972,Sanitation,2021-10-31,2021-12-02,41838167.47,40137226.4,59,"B-906277,B-797043,B-936615,B-685246",2030.0,False,
W-552726,Shri Mohammed Nadimul Haque,Rajya Sabha,West Bengal,Sitting Rajya Sabha,V-758467,Education,2023-06-17,2023-07-04,7986739.18,6864496.12,36,"B-431144,B-789507,B-766589,B-633952",2030.0,False,
W-167365,Shri Mohammed Nadimul Haque,Rajya Sabha,West Bengal,Sitting Rajya Sabha,V-286400,Education,2022-01-02,2022-01-21,47783862.64,40350274.26,87,"B-234852,B-192987,B-696320,B-913350,B-401554",2030.0,False,
W-598149,Shri Mohammed Nadimul Haque,Rajya Sabha,West Bengal,Sitting Rajya Sabha,V-220021,Other,2022-01-31,2022-02-21,13905288.86,9937071.74,86,"B-741397,B-179108,B-30011,B-832143,B-642609",2030.0,False,
W-278403,Shri Mohammed Nadimul Haque,Rajya Sabha,West Bengal,Sitting Rajya Sabha,V-770965,Road,2024-02-23,2024-03-23,11772124.11,8293500.98,65,"B-977139,B-387894,B-116122,B-323591,B-876256",2030.0,False,
W-376748,Shri Mukul Wasnik,Rajya Sabha,Rajasthan,Sitting Rajya Sabha,V-469648,Water,2023-03-18,2023-04-01,38928191.25,29721940.39,61,"B-121163,B-693584",2028.0,False,
W-475308,Shri Mukul Wasnik,Rajya Sabha,Rajasthan,Sitting Rajya Sabha,V-820769,Road,2025-09-19,2025-10-07,128526120.86,110469833.57,91,"B-390719,B-164409,B-289369,B-546193",2028.0,False,
W-650281,Shri Mukul Wasnik,Rajya Sabha,Rajasthan,Sitting Rajya Sabha,V-77451,Other,2023-08-20,2023-09-17,27629325.21,26440191.08,90,"B-571538,B-785523,B-41448,B-513527,B-266406",2028.0,False,
W-846177,Shri Nagendra Ray,Rajya Sabha,West Bengal,Sitting Rajya Sabha,V-715048,Education,2026-02-01,2026-02-27,13815308.34,12853897.49,51,"B-362706,B-352783,B-927113,B-514030",2029.0,False,
W-695425,Shri Nagendra Ray,Rajya Sabha,West Bengal,Sitting Rajya Sabha,V-194934,Water,2023-06-28,2023-07-20,20291305.62,14790773.21,80,"B-536854,B-756010,B-542636,B-194159,B-882515",2029.0,False,
W-106314,Shri Nagendra Ray,Rajya Sabha,West Bengal,Sitting Rajya Sabha,V-774505,Road,2022-06-10,2022-06-29,25607238.37,22725645.95,48,"B-344216,B-656952",2029.0,False,
W-315120,Shri Nagendra Ray,Rajya Sabha,West Bengal,Sitting Rajya Sabha,V-826100,Health,2024-01-12,2024-02-03,8987081.24,6935810.76,67,"B-880159,B-16083,B-993731",2029.0,False,
W-682108,Shri Nagendra Ray,Rajya Sabha,West Bengal,Sitting Rajya Sabha,V-974550,Education,2026-04-07,2026-05-11,12937058.2,11808792.64,63,"B-50345,B-758361,B-105646",2029.0,False,
W-308151,Shri Nagendra Ray,Rajya Sabha,West Bengal,Sitting Rajya Sabha,V-836753,Road,2022-01-09,2022-02-08,69821572.11,50429803.49,86,"B-922343,B-401387,B-288070,B-724407",2029.0,False,
W-642775,Shri Nagendra Ray,Rajya Sabha,West Bengal,Sitting Rajya Sabha,V-421299,Road,2023-02-23,2023-02-28,19182936.12,14299966.25,66,"B-580722,B-576322,B-601853,B-422502,B-292712",2029.0,False,
W-224915,Shri Narain Dass Gupta,Rajya Sabha,Delhi,Sitting Rajya Sabha,V-958554,Road,2023-06-05,2023-06-10,32633741.71,28887368.26,83,"B-606690,B-59023",2030.0,False,
W-710032,Shri Narain Dass Gupta,Rajya Sabha,Delhi,Sitting Rajya Sabha,V-865502,Road,2024-07-28,2024-09-17,64782856.17,56318096.86,80,"B-839080,B-963439,B-667671,B-471149,B-608749",2030.0,True,sanction_delay
W-423175,Shri Narain Dass Gupta,Rajya Sabha,Delhi,Sitting Rajya Sabha,V-534621,Sanitation,2022-07-29,2022-08-07,35394360.4,27693316.84,54,"B-715184,B-700792,B-269872,B-109797",2030.0,False,
W-747470,Shri Narain Dass Gupta,Rajya Sabha,Delhi,Sitting Rajya Sabha,V-556089,Other,2023-12-14,2023-12-28,27221926.37,22262272.21,69,"B-434101,B-769609",2030.0,False,
W-690266,Shri Narayanasa K. Bhandage,Rajya Sabha,Karnataka,Sitting Rajya Sabha,V-912305,Water,2025-03-02,2024-05-27,3680380.14,3565465.96,73,"B-481618,B-441086,B-118095,B-986756,B-853534",2030.0,True,delayed_completion
W-369805,Shri Narayanasa K. Bhandage,Rajya Sabha,Karnataka,Sitting Rajya Sabha,V-945421,Road,2022-10-19,2022-10-21,18921621.07,17721170.44,39,"B-859532,B-541585,B-915127",2030.0,False,
W-283378,Shri Narayanasa K. Bhandage,Rajya Sabha,Karnataka,Sitting Rajya Sabha,V-470282,Sanitation,2023-02-11,2023-02-13,3408545.45,2559876.38,84,"B-73327,B-256718,B-627862,B-844066,B-517854",2030.0,False,
W-997720,Shri Narayanasa K. Bhandage,Rajya Sabha,Karnataka,Sitting Rajya Sabha,V-418104,Sanitation,2022-07-14,2022-08-06,22778076.94,16598946.56,91,"B-150503,B-264450,B-82541,B-733027",2030.0,False,
W-459676,Shri Narayanasa K. Bhandage,Rajya Sabha,Karnataka,Sitting Rajya Sabha,V-256441,Water,2022-03-01,2022-03-25,37432331.54,33507336.34,94,"B-609314,B-593205,B-580931,B-650950",2030.0,False,
W-385652,Shri Narayanasa K. Bhandage,Rajya Sabha,Karnataka,Sitting Rajya Sabha,V-550343,Road,2022-08-18,2022-09-15,16327755.55,14068802.93,83,"B-493699,B-246554",2030.0,False,
W-722048,Shri Narayanasa K. Bhandage,Rajya Sabha,Karnataka,Sitting Rajya Sabha,V-780984,Sanitation,2025-11-26,2025-12-24,14646169.66,11084857.94,47,"B-927818,B-309664,B-353678,B-881661",2030.0,False,
W-759656,Shri Narayanasa K. Bhandage,Rajya Sabha,Karnataka,Sitting Rajya Sabha,V-395626,Road,2023-04-03,2023-04-26,29517869.65,22458704.54,65,"B-16648,B-270201",2030.0,False,
W-121867,Shri Naresh Bansal,Rajya Sabha,Uttarakhand,Sitting Rajya Sabha,V-921235,Sanitation,2026-01-14,2026-01-25,39958529.85,32400935.62,84,"B-506756,B-999207,B-28332,B-970365,B-35796",2026.0,False,
W-901794,Shri Naresh Bansal,Rajya Sabha,Uttarakhand,Sitting Rajya Sabha,V-892850,Sanitation,2022-03-26,2022-04-05,22148442.82,17437543.65,72,"B-774552,B-955119,B-640917,B-864150,B-275555",2026.0,False,
W-385585,Shri Naresh Bansal,Rajya Sabha,Uttarakhand,Sitting Rajya Sabha,V-753616,Sanitation,2026-07-28,2026-07-28,10436128.37,8542332.93,70,"B-345135,B-182054,B-837418",2026.0,False,
W-277083,Shri Naresh Bansal,Rajya Sabha,Uttarakhand,Sitting Rajya Sabha,V-802573,Health,2025-12-22,2026-01-24,13425762.07,12759658.45,40,"B-973229,B-231589,B-972739",2026.0,False,
W-928174,Shri Naresh Bansal,Rajya Sabha,Uttarakhand,Sitting Rajya Sabha,V-328743,Education,2023-04-27,2023-05-05,63858256.31,57772104.58,48,"B-688757,B-681970",2026.0,False,
W-725291,Shri Naresh Bansal,Rajya Sabha,Uttarakhand,Sitting Rajya Sabha,V-150012,Water,2021-10-07,2021-11-10,49062461.65,38698631.81,95,"B-365784,B-943913,B-718449,B-DUP-016",2026.0,True,duplicate_beneficiary
W-988788,Shri Naresh Bansal,Rajya Sabha,Uttarakhand,Sitting Rajya Sabha,V-176326,Water,2024-03-04,2024-03-09,22043387.72,14632298.9,38,"B-605359,B-895550,B-144661,B-310773",2026.0,False,
W-383055,Shri Naveen Jain,Rajya Sabha,Uttar Pradesh,Sitting Rajya Sabha,V-899946,Water,2024-04-24,2024-04-26,94524932.42,67122939.43,44,"B-992168,B-198706,B-827146",2030.0,False,
W-773965,Shri Naveen Jain,Rajya Sabha,Uttar Pradesh,Sitting Rajya Sabha,V-646082,Sanitation,2024-04-09,2024-04-14,43132668.87,33233241.81,59,"B-878557,B-784848,B-324011,B-377453,B-331940",2030.0,False,
W-289077,Shri Naveen Jain,Rajya Sabha,Uttar Pradesh,Sitting Rajya Sabha,V-533745,Education,2025-08-05,2025-08-14,8607398.71,6073137.58,83,"B-962223,B-282447,B-232435,B-449942",2030.0,False,
W-826872,Shri Neeraj Dangi,Rajya Sabha,Rajasthan,Sitting Rajya Sabha,V-537476,Education,2023-01-24,2023-02-17,6273118.07,5221912.31,89,B-DUP-003,2032.0,True,duplicate_beneficiary
W-129920,Shri Neeraj Dangi,Rajya Sabha,Rajasthan,Sitting Rajya Sabha,V-925970,Water,2023-07-20,2023-02-28,20031652.72,16897268.42,30,"B-277357,B-791836,B-555241,B-227190,B-743871",2032.0,True,delayed_completion
W-399103,Shri Neeraj Dangi,Rajya Sabha,Rajasthan,Sitting Rajya Sabha,V-263266,Health,2022-07-17,2022-07-27,2694607.79,1917783.42,84,"B-133270,B-312291,B-375028,B-384307",2032.0,False,
W-895997,Shri Neeraj Dangi,Rajya Sabha,Rajasthan,Sitting Rajya Sabha,V-996607,Sanitation,2025-03-29,2025-04-05,19755621.42,16670058.37,35,"B-969234,B-874072,B-399230,B-324162",2032.0,False,
W-915566,Shri Neeraj Shekhar,Rajya Sabha,Uttar Pradesh,Sitting Rajya Sabha,V-209616,Sanitation,2024-09-29,2024-10-26,102369083.9,93432487.3,65,"B-345537,B-474000,B-934386,B-566249,B-839038",2026.0,False,
W-697229,Shri Neeraj Shekhar,Rajya Sabha,Uttar Pradesh,Sitting Rajya Sabha,V-878113,Road,2026-04-28,2025-03-24,11581512.94,11324585.02,45,"B-712680,B-460890",2026.0,True,delayed_completion
W-611712,Shri Neeraj Shekhar,Rajya Sabha,Uttar Pradesh,Sitting Rajya Sabha,V-931073,Sanitation,2024-09-01,2024-11-08,8824937.18,7786906.29,70,"B-819199,B-279758,B-830143",2026.0,False,
W-805752,Shri Neeraj Shekhar,Rajya Sabha,Uttar Pradesh,Sitting Rajya Sabha,V-553405,Road,2024-08-04,2024-08-28,63019724.15,49108846.8,81,"B-402905,B-188822,B-715490",2026.0,False,
W-276630,Shri Neeraj Shekhar,Rajya Sabha,Uttar Pradesh,Sitting Rajya Sabha,V-933641,Sanitation,2026-04-03,2026-05-04,49505985.63,34499451.13,37,"B-476803,B-617458",2026.0,False,
W-476614,Shri Nitin Laxmanrao Jadhav Patil,Rajya Sabha,Maharashtra,Sitting Rajya Sabha,V-719003,Sanitation,2022-02-19,2022-02-27,83727523.77,64283910.52,39,"B-630393,B-486136",2028.0,False,
W-135805,Shri Nitin Laxmanrao Jadhav Patil,Rajya Sabha,Maharashtra,Sitting Rajya Sabha,V-880606,Health,2025-07-01,2025-07-05,25911125.05,17689359.57,70,"B-875737,B-700242,B-944228",2028.0,False,
W-762399,Shri Nitin Laxmanrao Jadhav Patil,Rajya Sabha,Maharashtra,Sitting Rajya Sabha,V-688923,Health,2025-04-20,2025-04-22,12248851.18,9423364.32,75,"B-343492,B-113096",2028.0,False,
W-815608,Shri Nitin Nabin,Rajya Sabha,Bihar,Sitting Rajya Sabha,V-762380,Health,2025-12-10,2026-01-07,6119661.3,5271634.71,95,"B-781459,B-847189,B-671308,B-698697,B-219581",2032.0,False,
W-188670,Shri Nitin Nabin,Rajya Sabha,Bihar,Sitting Rajya Sabha,V-169865,Other,2024-07-04,2024-07-27,9767655.55,6404478.22,40,"B-148854,B-423258,B-189315,B-596973",2032.0,False,
W-757998,Shri Nitin Nabin,Rajya Sabha,Bihar,Sitting Rajya Sabha,V-546545,Sanitation,2023-09-12,2023-10-13,8981989.92,6526852.72,90,"B-526472,B-335674",2032.0,False,
W-489184,Shri Nitin Nabin,Rajya Sabha,Bihar,Sitting Rajya Sabha,V-795803,Road,2025-11-05,2025-11-30,6004662.06,4898770.4,43,"B-955139,B-558299",2032.0,False,
W-804826,Shri Nitin Nabin,Rajya Sabha,Bihar,Sitting Rajya Sabha,V-423240,Other,2021-10-26,2021-11-04,12813521.04,9710432.9,48,"B-301987,B-452783,B-93960,B-50421,B-DUP-012",2032.0,True,duplicate_beneficiary
W-552453,Shri Nitin Nabin,Rajya Sabha,Bihar,Sitting Rajya Sabha,V-372478,Sanitation,2026-02-27,2026-03-15,5067510.13,4108599.42,71,"B-548453,B-51739,B-109426,B-487165,B-929151",2032.0,False,
W-574332,Shri P. Chidambaram,Rajya Sabha,Tamil Nadu,Sitting Rajya Sabha,V-81875,Water,2025-06-12,2025-06-29,25070960.52,16633193.74,62,"B-430456,B-160298,B-815655,B-761636,B-952543",2028.0,False,
W-487026,Shri P. Chidambaram,Rajya Sabha,Tamil Nadu,Sitting Rajya Sabha,V-100973,Health,2025-07-30,2025-08-17,22043785.22,20814590.42,71,"B-993371,B-398578,B-909945",2028.0,False,
W-724766,Shri P. Chidambaram,Rajya Sabha,Tamil Nadu,Sitting Rajya Sabha,V-554594,Health,2021-12-18,2022-01-05,37987611.9,26949125.19,44,"B-471051,B-204753,B-990209",2028.0,False,
W-675465,Shri P. Chidambaram,Rajya Sabha,Tamil Nadu,Sitting Rajya Sabha,V-648967,Road,2022-09-30,2022-12-10,40111905.81,36574775.98,62,"B-160385,B-410461,B-543212",2028.0,False,
W-442625,Shri P. Chidambaram,Rajya Sabha,Tamil Nadu,Sitting Rajya Sabha,V-996832,Sanitation,2026-06-22,2026-07-18,20070486.49,13679229.37,86,"B-982049,B-451645,B-774674",2028.0,False,
W-108023,Shri P. Chidambaram,Rajya Sabha,Tamil Nadu,Sitting Rajya Sabha,V-301649,Sanitation,2026-07-08,2026-07-30,63645439.79,46091465.1,77,"B-842716,B-462761,B-144458",2028.0,False,
W-312411,Shri P. Chidambaram,Rajya Sabha,Tamil Nadu,Sitting Rajya Sabha,V-49372,Education,2022-03-08,2022-03-13,26200491.56,24788835.91,75,"B-774492,B-821181",2028.0,False,
W-580370,Shri P. P. Suneer,Rajya Sabha,Kerala,Sitting Rajya Sabha,V-738747,Water,2023-02-21,2023-03-04,33534537.58,22473421.41,77,"B-725406,B-716715,B-505786,B-296340,B-298716",2030.0,False,
W-332608,Shri P. P. Suneer,Rajya Sabha,Kerala,Sitting Rajya Sabha,V-876853,Health,2023-07-01,2023-07-02,13488873.47,14074182.79,51,"B-733697,B-492845,B-532129,B-736570,B-9592",2030.0,False,
W-161152,Shri P. P. Suneer,Rajya Sabha,Kerala,Sitting Rajya Sabha,V-340190,Other,2023-07-01,2023-07-16,74864088.95,71189969.4,46,"B-690658,B-578235,B-294217",2030.0,False,
W-984623,Shri P. Wilson,Rajya Sabha,Tamil Nadu,Sitting Rajya Sabha,V-494838,Education,2025-11-11,2025-11-15,4426550.13,2902791.6,67,"B-505897,B-822928,B-480891",2031.0,False,
W-584450,Shri P. Wilson,Rajya Sabha,Tamil Nadu,Sitting Rajya Sabha,V-719397,Sanitation,2023-08-05,2023-08-05,6440692.98,5093650.25,53,"B-785468,B-747674",2031.0,False,
W-410432,Shri P. Wilson,Rajya Sabha,Tamil Nadu,Sitting Rajya Sabha,V-622810,Health,2025-06-05,2025-06-19,13318187.84,12540696.99,47,"B-521890,B-681376,B-33607,B-935421,B-265744",2031.0,False,
W-714649,Shri P. Wilson,Rajya Sabha,Tamil Nadu,Sitting Rajya Sabha,V-690468,Sanitation,2023-02-15,2023-02-15,4891173.02,5118931.42,71,"B-688223,B-213371,B-885834,B-12868,B-596465",2031.0,False,
W-615883,Shri P. Wilson,Rajya Sabha,Tamil Nadu,Sitting Rajya Sabha,V-983862,Education,2024-08-22,2024-08-30,39553336.06,32821252.23,49,"B-448683,B-443798,B-615203,B-680265",2031.0,False,
W-801486,Shri P. Wilson,Rajya Sabha,Tamil Nadu,Sitting Rajya Sabha,V-191556,Health,2024-03-13,2024-03-20,20172103.96,14079649.37,60,"B-353436,B-524562,B-326290,B-210052,B-911147",2031.0,False,
W-898014,Shri Pabitra Margherita,Rajya Sabha,Assam,Sitting Rajya Sabha,V-950042,Road,2022-09-21,2022-10-25,36003723.98,33568792.23,39,"B-590098,B-826133,B-536359",2028.0,False,
W-871367,Shri Pabitra Margherita,Rajya Sabha,Assam,Sitting Rajya Sabha,V-679702,Health,2021-12-11,2022-01-12,66898001.09,57348952.3,52,"B-400428,B-310908,B-859564,B-346990,B-720311",2028.0,False,
W-446519,Shri Pabitra Margherita,Rajya Sabha,Assam,Sitting Rajya Sabha,V-388477,Water,2024-02-09,2024-02-18,16874935.95,16520208.38,87,"B-389591,B-681604",2028.0,False,
W-202055,Shri Pabitra Margherita,Rajya Sabha,Assam,Sitting Rajya Sabha,V-198282,Sanitation,2024-11-23,2024-12-05,99684476.3,95563215.66,92,"B-818743,B-622168,B-338615",2028.0,False,
W-209998,Shri Paka Venkata Satyanarayana,Rajya Sabha,Andhra Pradesh,Sitting Rajya Sabha,V-469806,Water,2023-12-17,2023-12-25,15000003.12,14728718.04,35,"B-344345,B-61078,B-614544,B-804798,B-774490",2028.0,False,
W-920703,Shri Paka Venkata Satyanarayana,Rajya Sabha,Andhra Pradesh,Sitting Rajya Sabha,V-118612,Health,2023-12-09,2023-12-25,45206572.15,40677015.7,81,"B-96357,B-524379,B-966552",2028.0,False,
W-826952,Shri Paka Venkata Satyanarayana,Rajya Sabha,Andhra Pradesh,Sitting Rajya Sabha,V-386801,Other,2022-01-16,2022-01-17,37303424.73,31282653.66,40,"B-413297,B-604174,B-290887,B-659127",2028.0,False,
W-946111,Shri Parth Ajit Pawar,Rajya Sabha,Maharashtra,Sitting Rajya Sabha,V-471588,Health,2025-02-18,2025-03-18,513100.04,422591.92,39,"B-551447,B-125346",2032.0,False,
W-685488,Shri Parth Ajit Pawar,Rajya Sabha,Maharashtra,Sitting Rajya Sabha,V-639618,Health,2025-11-18,2025-12-13,1309358.39,880863.06,35,"B-352654,B-974965,B-596713,B-132069",2032.0,False,
W-492499,Shri Parth Ajit Pawar,Rajya Sabha,Maharashtra,Sitting Rajya Sabha,V-780014,Education,2026-03-30,2026-03-31,5073614.91,4182577.36,35,"B-57788,B-551830,B-52940,B-577242",2032.0,False,
W-796051,Shri Parth Ajit Pawar,Rajya Sabha,Maharashtra,Sitting Rajya Sabha,V-290424,Other,2021-10-22,2021-11-05,13410650.19,10561933.66,39,"B-264508,B-802612,B-DUP-013",2032.0,True,duplicate_beneficiary
W-663082,Shri Parth Ajit Pawar,Rajya Sabha,Maharashtra,Sitting Rajya Sabha,V-196369,Road,2025-12-16,2025-12-26,13767137.64,10967044.03,64,"B-581480,B-740210,B-65547,B-769461,B-860855",2032.0,False,
W-698327,Shri Parth Ajit Pawar,Rajya Sabha,Maharashtra,Sitting Rajya Sabha,V-213654,Road,2023-07-03,2023-08-03,8746855.59,8437929.19,43,"B-613431,B-264028",2032.0,False,
W-858415,Shri Parth Ajit Pawar,Rajya Sabha,Maharashtra,Sitting Rajya Sabha,V-552178,Road,2023-07-20,2023-07-30,1713770.14,1375748.28,45,"B-822161,B-591170,B-677700,B-815550",2032.0,False,
W-283130,Shri Parth Ajit Pawar,Rajya Sabha,Maharashtra,Sitting Rajya Sabha,V-708375,Health,2025-04-05,2025-04-29,4220513.1,3838072.89,44,"B-521000,B-265660,B-83299",2032.0,False,
W-393672,Shri Pawan Khera,Rajya Sabha,Karnataka,Sitting Rajya Sabha,V-DUP-010,Health,2021-10-09,2021-10-25,2107164.68,1647997.11,41,"B-20095,B-578172,B-337163",2032.0,True,duplicate_vendor
W-280493,Shri Pawan Khera,Rajya Sabha,Karnataka,Sitting Rajya Sabha,V-305092,Road,2023-05-11,2023-06-04,11055169.5,9156646.53,79,"B-470349,B-983751,B-185097",2032.0,False,
W-427294,Shri Pawan Khera,Rajya Sabha,Karnataka,Sitting Rajya Sabha,V-841912,Road,2025-01-06,2025-01-17,4993749.89,3335070.86,68,"B-719527,B-123781",2032.0,False,
W-991725,Shri Pawan Khera,Rajya Sabha,Karnataka,Sitting Rajya Sabha,V-698793,Road,2025-07-07,2024-01-14,15742680.48,12829366.36,34,"B-82406,B-251688",2032.0,True,delayed_completion
W-194534,Shri Pawan Khera,Rajya Sabha,Karnataka,Sitting Rajya Sabha,V-448097,Education,2024-05-17,2024-05-18,5973412.58,4646289.19,72,"B-486096,B-907432,B-814362,B-959829,B-875922",2032.0,False,
W-899209,Shri Pawan Khera,Rajya Sabha,Karnataka,Sitting Rajya Sabha,V-808421,Health,2023-09-28,2023-10-24,8882822.86,7869640.08,56,"B-616894,B-777439,B-11954,B-918090",2032.0,False,
W-593741,Shri Pradip Kumar Varma,Rajya Sabha,Jharkhand,Sitting Rajya Sabha,V-891950,Sanitation,2025-05-27,2025-06-04,36541594.49,27249626.2,94,"B-289554,B-676469,B-802231,B-38049,B-329877",2030.0,False,
W-973735,Shri Pradip Kumar Varma,Rajya Sabha,Jharkhand,Sitting Rajya Sabha,V-998899,Road,2023-11-02,2023-11-15,31908239.26,29400353.92,79,"B-126928,B-950729",2030.0,False,
W-271732,Shri Pradip Kumar Varma,Rajya Sabha,Jharkhand,Sitting Rajya Sabha,V-252871,Other,2025-11-23,2025-11-30,41316748.09,29175038.68,44,"B-211579,B-360191,B-969677,B-976313",2030.0,False,
W-343126,Shri Pradip Kumar Varma,Rajya Sabha,Jharkhand,Sitting Rajya Sabha,V-873008,Road,2023-02-03,2023-02-05,20192959.18,15416864.83,74,B-DUP-001,2030.0,True,duplicate_beneficiary
W-371468,Shri Pradip Kumar Varma,Rajya Sabha,Jharkhand,Sitting Rajya Sabha,V-60222,Road,2023-01-29,2023-02-25,33585286.49,30260180.79,53,"B-309258,B-507548",2030.0,False,
W-503447,Shri Pradip Kumar Varma,Rajya Sabha,Jharkhand,Sitting Rajya Sabha,V-575234,Water,2022-12-24,2023-01-05,14126900.82,12355303.13,79,"B-591876,B-163667",2030.0,False,
W-596680,Shri Praful Patel,Rajya Sabha,Maharashtra,Sitting Rajya Sabha,V-224032,Education,2023-09-01,2023-10-04,17764964.12,16628357.73,42,"B-78436,B-62171",2030.0,False,
W-557748,Shri Praful Patel,Rajya Sabha,Maharashtra,Sitting Rajya Sabha,V-73076,Water,2022-10-26,2022-11-14,16389021.88,12737836.54,95,"B-596670,B-6958,B-317538,B-35338,B-193945",2030.0,False,
W-237407,Shri Praful Patel,Rajya Sabha,Maharashtra,Sitting Rajya Sabha,V-970746,Road,2025-01-01,2025-01-12,28043097.11,23535626.36,54,"B-326088,B-231147",2030.0,False,
W-517754,Shri Praful Patel,Rajya Sabha,Maharashtra,Sitting Rajya Sabha,V-700399,Education,2025-03-04,2025-04-05,18922688.78,16559776.25,85,"B-797244,B-261802,B-469012,B-693324",2030.0,False,
W-296340,Shri Praful Patel,Rajya Sabha,Maharashtra,Sitting Rajya Sabha,V-936406,Water,2024-01-22,2024-01-27,13015918.09,11842995.92,67,"B-484970,B-542858",2030.0,False,
W-275171,Shri Praful Patel,Rajya Sabha,Maharashtra,Sitting Rajya Sabha,V-564638,Other,2022-05-27,2022-06-01,30453928.11,29085735.37,59,"B-702138,B-177143,B-227703,B-417301",2030.0,False,
W-824489,Shri Praful Patel,Rajya Sabha,Maharashtra,Sitting Rajya Sabha,V-205982,Road,2022-03-14,2022-04-12,5901561.59,5358942.31,76,"B-669869,B-329450",2030.0,False,
W-458009,Shri Praful Patel,Rajya Sabha,Maharashtra,Sitting Rajya Sabha,V-225538,Education,2025-03-07,2025-03-12,15773820.3,13829249.02,35,"B-409770,B-985829,B-890052",2030.0,False,
W-802378,Shri Prakash Chik Baraik,Rajya Sabha,West Bengal,Sitting Rajya Sabha,V-970169,Education,2023-03-15,2023-03-17,14393799.0,9874366.16,47,"B-508429,B-474137,B-77953,B-302211",2029.0,False,
W-800559,Shri Prakash Chik Baraik,Rajya Sabha,West Bengal,Sitting Rajya Sabha,V-838533,Road,2023-04-07,2023-04-13,11111289.57,7769947.24,68,"B-275427,B-787563,B-558467,B-74057,B-950460",2029.0,False,
W-769791,Shri Prakash Chik Baraik,Rajya Sabha,West Bengal,Sitting Rajya Sabha,V-30688,Sanitation,2023-06-11,2023-06-15,9152471.91,8080347.58,56,"B-547694,B-442305,B-242652",2029.0,False,
W-713808,Shri Prakash Chik Baraik,Rajya Sabha,West Bengal,Sitting Rajya Sabha,V-592813,Education,2026-05-22,2026-06-11,10610147.66,6978371.43,40,"B-199697,B-401486",2029.0,False,
W-394791,Shri Prakash Chik Baraik,Rajya Sabha,West Bengal,Sitting Rajya Sabha,V-483879,Water,2022-07-09,2022-08-06,4146869.4,3346090.6,36,"B-431097,B-620973",2029.0,False,
W-508669,Shri Pramod Boro,Rajya Sabha,Assam,Sitting Rajya Sabha,V-775576,Education,2024-10-23,2024-10-26,4739467.23,4285711.15,69,"B-170612,B-841691,B-118769,B-66671",2032.0,False,
W-721840,Shri Pramod Boro,Rajya Sabha,Assam,Sitting Rajya Sabha,V-165275,Other,2022-10-07,2022-11-05,3371180.46,2212338.0,70,"B-984009,B-772391,B-947729,B-75755,B-322994",2032.0,False,
W-363369,Shri Pramod Boro,Rajya Sabha,Assam,Sitting Rajya Sabha,V-250674,Sanitation,2023-02-04,2023-03-07,3494873.52,3045742.66,40,"B-609413,B-613401,B-877512",2032.0,False,
W-208224,Shri Pramod Boro,Rajya Sabha,Assam,Sitting Rajya Sabha,V-975834,Health,2022-02-28,2022-03-15,13003802.51,9264624.65,74,"B-392929,B-175633,B-744503,B-533585,B-895716",2032.0,False,
W-162234,Shri Pramod Boro,Rajya Sabha,Assam,Sitting Rajya Sabha,V-778698,Education,2023-07-16,2023-08-20,6193738.89,4639709.12,71,"B-859223,B-435741",2032.0,False,
W-182580,Shri Pramod Boro,Rajya Sabha,Assam,Sitting Rajya Sabha,V-71611,Water,2023-06-18,2023-07-21,5760309.62,5375207.01,48,"B-17943,B-827153",2032.0,False,
W-105102,Shri Pramod Boro,Rajya Sabha,Assam,Sitting Rajya Sabha,V-2420,Education,2024-08-10,2024-08-22,12191627.77,9996078.06,75,"B-689531,B-435663,B-781904,B-222733",2032.0,False,
W-432389,Shri Pramod Tiwari,Rajya Sabha,Rajasthan,Sitting Rajya Sabha,V-216935,Education,2025-10-26,2025-11-05,17123263.57,15197110.46,42,"B-867268,B-755563,B-519094",2028.0,False,
W-963934,Shri Pramod Tiwari,Rajya Sabha,Rajasthan,Sitting Rajya Sabha,V-184194,Education,2025-12-31,2026-01-10,5381695.94,4991834.48,61,"B-377654,B-589811,B-387046,B-400727",2028.0,False,
W-342579,Shri Pramod Tiwari,Rajya Sabha,Rajasthan,Sitting Rajya Sabha,V-966383,Road,2025-06-17,2025-06-26,39933320.63,30287004.95,86,"B-45141,B-258838,B-833099,B-530398",2028.0,False,
W-108432,Shri Pramod Tiwari,Rajya Sabha,Rajasthan,Sitting Rajya Sabha,V-84544,Other,2026-06-30,2026-07-14,17400207.59,12231846.71,84,"B-210241,B-483850,B-758956,B-671481",2028.0,False,
W-833150,Shri Pramod Tiwari,Rajya Sabha,Rajasthan,Sitting Rajya Sabha,V-702540,Road,2023-02-26,2023-03-22,32544923.17,21155368.51,86,"B-833278,B-682886,B-473178,B-906437",2028.0,False,
W-739026,Shri Pramod Tiwari,Rajya Sabha,Rajasthan,Sitting Rajya Sabha,V-231864,Health,2024-10-11,2024-10-31,21994592.1,16706677.29,77,"B-879462,B-307836,B-780686",2028.0,False,
W-257018,Shri Pramod Tiwari,Rajya Sabha,Rajasthan,Sitting Rajya Sabha,V-987821,Other,2023-06-19,2023-06-30,38937656.99,31031687.46,36,"B-724207,B-915897,B-432302,B-359954,B-132920",2028.0,False,
W-535788,Shri Pramod Tiwari,Rajya Sabha,Rajasthan,Sitting Rajya Sabha,V-491853,Road,2025-06-27,2025-07-13,21767977.33,21286993.7,49,"B-21711,B-129083,B-809828",2028.0,False,
W-704181,Shri Praveen Chakravarthy,Rajya Sabha,Tamil Nadu,Sitting Rajya Sabha,V-87268,Sanitation,2025-10-24,2025-11-21,12229761.82,9457134.65,39,"B-889998,B-508475,B-200336,B-313533,B-494705",2028.0,False,
W-286993,Shri Praveen Chakravarthy,Rajya Sabha,Tamil Nadu,Sitting Rajya Sabha,V-179390,Health,2021-10-26,2021-11-10,8424782.71,7508813.87,47,"B-865245,B-805869,B-702837,B-DUP-016",2028.0,True,duplicate_beneficiary
W-938755,Shri Praveen Chakravarthy,Rajya Sabha,Tamil Nadu,Sitting Rajya Sabha,V-734037,Water,2023-01-20,2023-01-20,3828501.57,2928536.48,86,"B-992479,B-34579,B-453560",2028.0,False,
W-766525,Shri Praveen Chakravarthy,Rajya Sabha,Tamil Nadu,Sitting Rajya Sabha,V-345269,Health,2024-02-06,2024-02-22,4137417.13,3094073.96,68,"B-636501,B-980608,B-424881,B-993946,B-904367",2028.0,False,
W-185582,Shri Praveen Chakravarthy,Rajya Sabha,Tamil Nadu,Sitting Rajya Sabha,V-DUP-005,Education,2021-09-02,2021-10-06,8130137.41,6755767.07,86,"B-550543,B-263234,B-78280,B-705645,B-301916",2028.0,True,duplicate_vendor
W-525429,Shri Praveen Chakravarthy,Rajya Sabha,Tamil Nadu,Sitting Rajya Sabha,V-898433,Road,2022-03-24,2022-04-10,12359093.48,8777543.43,78,"B-257177,B-463343",2028.0,False,
W-367132,Shri R. Dharmar,Rajya Sabha,Tamil Nadu,Sitting Rajya Sabha,V-407481,Education,2025-02-03,2025-02-26,117219851.79,96740597.06,61,"B-198291,B-550028,B-830357,B-773195,B-28444",2028.0,False,
W-560730,Shri R. Dharmar,Rajya Sabha,Tamil Nadu,Sitting Rajya Sabha,V-966276,Water,2026-02-04,2026-02-11,67653051.12,46661185.8,36,"B-92053,B-264600,B-746263",2028.0,False,
W-440266,Shri R. Dharmar,Rajya Sabha,Tamil Nadu,Sitting Rajya Sabha,V-24968,Road,2022-10-01,2022-10-23,38690354.76,31353471.43,65,"B-389756,B-161483",2028.0,False,
W-167794,Shri R. Dharmar,Rajya Sabha,Tamil Nadu,Sitting Rajya Sabha,V-283667,Education,2022-08-05,2022-08-07,5869762.48,5128052.82,95,"B-43080,B-228393,B-471348",2028.0,False,
W-626213,Shri R. Dharmar,Rajya Sabha,Tamil Nadu,Sitting Rajya Sabha,V-105189,Water,2025-03-02,2025-03-25,30075161.16,22475826.92,86,"B-520038,B-59557,B-759522",2028.0,False,
W-113877,Shri R. Girirajan,Rajya Sabha,Tamil Nadu,Sitting Rajya Sabha,V-151820,Water,2024-05-09,2024-06-11,60808420.37,55426766.15,50,"B-465888,B-279513,B-911910",2028.0,False,
W-449920,Shri R. Girirajan,Rajya Sabha,Tamil Nadu,Sitting Rajya Sabha,V-880556,Other,2022-11-12,2022-11-26,27150105.58,18110899.93,86,"B-964470,B-753611,B-649718,B-261819,B-789683",2028.0,False,
W-298202,Shri R. Girirajan,Rajya Sabha,Tamil Nadu,Sitting Rajya Sabha,V-904925,Sanitation,2025-04-08,2025-07-09,29006544.63,27881523.71,62,"B-212804,B-174967,B-578390",2028.0,True,sanction_delay
W-790045,Shri R. Girirajan,Rajya Sabha,Tamil Nadu,Sitting Rajya Sabha,V-759494,Water,2024-06-22,2024-06-24,23233314.41,20384952.93,82,"B-706354,B-163072,B-48162",2028.0,False,
W-121065,Shri R. Girirajan,Rajya Sabha,Tamil Nadu,Sitting Rajya Sabha,V-146793,Other,2022-09-16,2022-09-24,34410139.32,32046506.75,77,"B-111264,B-444621,B-766497,B-466217,B-750970",2028.0,False,
W-689592,Shri R. Girirajan,Rajya Sabha,Tamil Nadu,Sitting Rajya Sabha,V-571507,Education,2022-11-29,2022-12-02,60522157.0,46596382.18,44,"B-640283,B-756073",2028.0,False,
W-259809,Shri Raghav Chadha,Rajya Sabha,Punjab,Sitting Rajya Sabha,V-51416,Road,2023-04-28,2023-05-27,24935070.88,20169769.35,45,"B-392047,B-90130,B-812746,B-48977,B-136097",2028.0,False,
W-218668,Shri Raghav Chadha,Rajya Sabha,Punjab,Sitting Rajya Sabha,V-848641,Health,2024-03-04,2024-03-21,81087632.35,73651126.8,47,"B-399998,B-305819,B-340202,B-614685",2028.0,False,
W-439933,Shri Raghav Chadha,Rajya Sabha,Punjab,Sitting Rajya Sabha,V-103654,Other,2026-01-24,2026-02-02,44607336.02,33549241.98,91,"B-750539,B-975592,B-661278,B-104389,B-372427",2028.0,False,
W-868088,Shri Raghav Chadha,Rajya Sabha,Punjab,Sitting Rajya Sabha,V-900008,Water,2023-02-16,2023-02-24,4431347.45,3900362.06,91,"B-942412,B-160881",2028.0,False,
W-780764,Shri Raghav Chadha,Rajya Sabha,Punjab,Sitting Rajya Sabha,V-997230,Sanitation,2024-06-14,2024-07-10,35575920.44,25745783.12,74,"B-917991,B-91250,B-196945,B-456171",2028.0,False,
W-976149,Shri Raghav Chadha,Rajya Sabha,Punjab,Sitting Rajya Sabha,V-124014,Sanitation,2023-06-26,2023-07-15,35656206.76,25571194.67,58,"B-534442,B-617749,B-757256",2028.0,False,
W-760896,Shri Raghav Chadha,Rajya Sabha,Punjab,Sitting Rajya Sabha,V-498340,Education,2022-11-27,2022-12-27,9749547.31,8526707.27,57,"B-518859,B-688125,B-16538,B-829882,B-896261",2028.0,False,
W-702055,Shri Rajeev Kumar,Rajya Sabha,West Bengal,Sitting Rajya Sabha,V-204374,Sanitation,2023-09-19,2023-10-15,3740797.15,3402825.17,58,"B-355188,B-865422",2032.0,False,
W-971243,Shri Rajeev Kumar,Rajya Sabha,West Bengal,Sitting Rajya Sabha,V-269599,Road,2024-12-18,2024-12-29,2375410.66,1784336.85,84,"B-400840,B-714529,B-753329,B-762524",2032.0,False,
W-850775,Shri Rajeev Kumar,Rajya Sabha,West Bengal,Sitting Rajya Sabha,V-DUP-012,Other,2021-09-13,2021-10-08,5139493.15,3749482.76,81,"B-307692,B-853522",2032.0,True,duplicate_vendor
W-210746,Shri Rajeev Kumar,Rajya Sabha,West Bengal,Sitting Rajya Sabha,V-81641,Other,2024-04-20,2024-05-18,7748683.38,6373794.61,75,"B-92270,B-784771",2032.0,False,
W-689280,Shri Rajeev Kumar,Rajya Sabha,West Bengal,Sitting Rajya Sabha,V-DUP-010,Other,2021-09-24,2021-10-07,4678708.47,4117128.83,91,"B-910812,B-173169,B-309262,B-165998",2032.0,True,duplicate_vendor
W-620527,Shri Rajeev Kumar,Rajya Sabha,West Bengal,Sitting Rajya Sabha,V-980168,Other,2024-09-15,2024-09-25,893416.71,649220.08,55,"B-906578,B-334639,B-500008,B-607129,B-36475",2032.0,False,
W-720656,Shri Rajeev Kumar,Rajya Sabha,West Bengal,Sitting Rajya Sabha,V-962806,Road,2023-08-10,2023-09-10,16313797.36,13848276.9,56,"B-280023,B-363169,B-923361",2032.0,False,
W-283279,Shri Rajeev Kumar,Rajya Sabha,West Bengal,Sitting Rajya Sabha,V-112475,Water,2024-09-30,2024-10-16,7864693.11,5237628.42,70,"B-931645,B-585795,B-325586",2032.0,False,
W-973114,Shri Rajeev Shukla,Rajya Sabha,Chhattisgarh,Sitting Rajya Sabha,V-631234,Other,2026-07-26,2026-08-09,25200838.53,21562868.49,89,"B-705424,B-673618,B-726208,B-169570",2028.0,False,
W-844021,Shri Rajeev Shukla,Rajya Sabha,Chhattisgarh,Sitting Rajya Sabha,V-889328,Health,2024-12-08,2025-01-06,170112405.29,150171435.0,70,"B-668157,B-823683,B-321075,B-803659,B-26740",2028.0,False,
W-366353,Shri Rajeev Shukla,Rajya Sabha,Chhattisgarh,Sitting Rajya Sabha,V-7740,Water,2021-12-30,2022-01-19,26845781.35,18486796.92,70,"B-447557,B-468602",2028.0,False,
W-931791,Shri Rajeev Shukla,Rajya Sabha,Chhattisgarh,Sitting Rajya Sabha,V-928237,Road,2023-06-21,2023-07-09,20044350.91,17761871.52,35,"B-383743,B-312433",2028.0,False,
W-620051,Shri Rajeev Shukla,Rajya Sabha,Chhattisgarh,Sitting Rajya Sabha,V-126938,Education,2024-12-05,2024-12-20,27615146.17,35678323.78,83,"B-566199,B-346630,B-875709,B-605719",2028.0,True,cost_overrun
W-442327,Shri Rajesh Parmanand Shukla,Rajya Sabha,Gujarat,Sitting Rajya Sabha,V-357217,Education,2022-07-07,2022-07-07,10880485.43,8645810.81,93,"B-344378,B-881990,B-901212",2032.0,False,
W-688871,Shri Rajesh Parmanand Shukla,Rajya Sabha,Gujarat,Sitting Rajya Sabha,V-296544,Health,2025-06-16,2025-07-15,3243059.41,2158519.25,36,"B-451276,B-584572,B-885861,B-336014",2032.0,False,
W-794760,Shri Rajesh Parmanand Shukla,Rajya Sabha,Gujarat,Sitting Rajya Sabha,V-118437,Road,2023-05-26,2023-06-06,9293746.61,6737849.02,80,"B-665987,B-311333,B-404914,B-298369",2032.0,False,
W-151762,Shri Rajesh Parmanand Shukla,Rajya Sabha,Gujarat,Sitting Rajya Sabha,V-394032,Water,2023-09-08,2023-09-28,5137198.48,3377996.66,35,"B-921627,B-386335,B-195654,B-649774",2032.0,False,
W-691784,Shri Rajesh Parmanand Shukla,Rajya Sabha,Gujarat,Sitting Rajya Sabha,V-853239,Education,2026-03-07,2026-03-14,7313114.39,6150983.95,68,"B-465465,B-270593,B-708093,B-509847",2032.0,False,
W-110768,Shri Rajesh Parmanand Shukla,Rajya Sabha,Gujarat,Sitting Rajya Sabha,V-742700,Education,2022-08-05,2022-08-17,12887395.68,11579800.84,63,"B-405808,B-640342",2032.0,False,
W-123099,Shri Rajib Bhattacharjee,Rajya Sabha,Tripura,Sitting Rajya Sabha,V-48645,Education,2024-05-11,2024-05-31,9287227.09,6177155.15,66,"B-330438,B-650796",2028.0,False,
W-628602,Shri Rajib Bhattacharjee,Rajya Sabha,Tripura,Sitting Rajya Sabha,V-999933,Other,2023-07-04,2023-07-13,23262373.4,17140033.65,42,"B-283661,B-634507,B-262763,B-833850",2028.0,False,
W-395445,Shri Rajib Bhattacharjee,Rajya Sabha,Tripura,Sitting Rajya Sabha,V-545916,Water,2026-07-09,2026-08-20,48261383.97,45420307.69,48,"B-253897,B-537800,B-911779,B-977521",2028.0,False,
W-173631,Shri Rajib Bhattacharjee,Rajya Sabha,Tripura,Sitting Rajya Sabha,V-380495,Health,2024-03-26,2024-04-26,41076515.54,38395457.38,89,"B-32231,B-140983,B-265007,B-763358,B-940962",2028.0,False,
W-500240,Shri Rajinder Gupta,Rajya Sabha,Punjab,Sitting Rajya Sabha,V-927549,Other,2023-04-01,2023-04-23,10183443.11,7450319.67,53,"B-349067,B-145525,B-678944,B-303702,B-380338",2028.0,False,
W-928166,Shri Rajinder Gupta,Rajya Sabha,Punjab,Sitting Rajya Sabha,V-217588,Education,2025-10-13,2025-10-29,7550909.55,5823738.22,70,"B-388270,B-282628",2028.0,False,
W-465716,Shri Rajinder Gupta,Rajya Sabha,Punjab,Sitting Rajya Sabha,V-628156,Other,2023-10-16,2023-10-30,9105011.92,8661089.2,35,"B-294457,B-124748",2028.0,False,
W-383823,Shri Rajinder Gupta,Rajya Sabha,Punjab,Sitting Rajya Sabha,V-872063,Road,2022-01-20,2022-03-24,7439530.24,7281781.73,68,"B-879239,B-807422",2028.0,False,
W-689881,Shri Rajinder Gupta,Rajya Sabha,Punjab,Sitting Rajya Sabha,V-393816,Sanitation,2026-04-12,2026-05-11,4163717.12,3704087.1,74,"B-963834,B-428620,B-446316",2028.0,False,
W-218193,Shri Rajinder Gupta,Rajya Sabha,Punjab,Sitting Rajya Sabha,V-997608,Education,2026-04-09,2026-04-17,7578813.09,5313554.75,82,"B-963072,B-609467,B-9526",2028.0,False,
W-897352,Shri Rajinder Gupta,Rajya Sabha,Punjab,Sitting Rajya Sabha,V-244539,Sanitation,2024-05-24,2024-06-18,2733574.96,2550525.65,55,"B-492310,B-927964,B-588935,B-476977",2028.0,False,
W-714161,Shri Rajneesh Kumar Agrawal,Rajya Sabha,Madhya Pradesh,Sitting Rajya Sabha,V-930967,Water,2026-06-16,2026-07-20,5125300.32,3346975.93,56,B-DUP-000,2032.0,True,duplicate_beneficiary
W-176953,Shri Rajneesh Kumar Agrawal,Rajya Sabha,Madhya Pradesh,Sitting Rajya Sabha,V-580197,Sanitation,2026-06-21,2026-06-22,3103009.64,3261077.73,48,"B-640173,B-228998,B-260776,B-701800",2032.0,False,
W-459240,Shri Rajneesh Kumar Agrawal,Rajya Sabha,Madhya Pradesh,Sitting Rajya Sabha,V-778223,Sanitation,2021-10-17,2021-11-15,4054132.57,3923031.7,42,"B-845917,B-887533,B-397763,B-807987",2032.0,False,
W-449848,Shri Rajneesh Kumar Agrawal,Rajya Sabha,Madhya Pradesh,Sitting Rajya Sabha,V-435613,Sanitation,2023-12-27,2024-01-04,7034229.78,4787316.12,95,"B-459778,B-555699,B-771388,B-841694,B-484022",2032.0,False,
W-211444,Shri Rajneesh Kumar Agrawal,Rajya Sabha,Madhya Pradesh,Sitting Rajya Sabha,V-228164,Road,2024-01-21,2024-07-31,7286487.13,6884717.62,82,"B-19490,B-854622,B-61368,B-664689,B-126152",2032.0,True,sanction_delay
W-924773,Shri Rajneesh Kumar Agrawal,Rajya Sabha,Madhya Pradesh,Sitting Rajya Sabha,V-8647,Sanitation,2021-11-27,2021-12-18,13214525.59,11223342.65,65,"B-366254,B-802798,B-408755,B-506104,B-142695",2032.0,False,
W-627942,Shri Rajneesh Kumar Agrawal,Rajya Sabha,Madhya Pradesh,Sitting Rajya Sabha,V-525004,Education,2022-07-15,2022-08-10,8937314.97,7824467.18,62,"B-845868,B-452618,B-205023",2032.0,False,
W-973494,Shri Ram Nath Thakur,Rajya Sabha,Bihar,Sitting Rajya Sabha,V-984719,Education,2026-01-08,2026-01-18,7276809.57,5044564.78,53,"B-794266,B-93711,B-601384",2032.0,False,
W-282086,Shri Ram Nath Thakur,Rajya Sabha,Bihar,Sitting Rajya Sabha,V-794960,Education,2022-04-25,2022-05-01,10537899.24,8282147.02,62,"B-584247,B-281770",2032.0,False,
W-307002,Shri Ram Nath Thakur,Rajya Sabha,Bihar,Sitting Rajya Sabha,V-171846,Sanitation,2026-01-28,2026-02-17,6053310.81,4112445.19,60,"B-829537,B-453631",2032.0,False,
W-710102,Shri Ram Nath Thakur,Rajya Sabha,Bihar,Sitting Rajya Sabha,V-696032,Other,2025-12-21,2025-12-31,12111711.82,10491700.91,60,"B-823869,B-734337",2032.0,False,
W-640673,Shri Ram Nath Thakur,Rajya Sabha,Bihar,Sitting Rajya Sabha,V-369477,Other,2023-09-16,2023-09-25,8142836.7,6740669.76,81,"B-291359,B-288848",2032.0,False,
W-945013,Shri Ram Nath Thakur,Rajya Sabha,Bihar,Sitting Rajya Sabha,V-61404,Health,2022-09-14,2022-09-22,7471992.03,6887672.22,86,"B-198262,B-982993,B-769304,B-667266,B-194496",2032.0,False,
W-979122,Shri Ram Nath Thakur,Rajya Sabha,Bihar,Sitting Rajya Sabha,V-49597,Water,2022-10-03,2022-10-04,13750710.35,12866349.46,73,"B-539226,B-309304,B-354418,B-181453",2032.0,False,
W-100135,Shri Ramdas Bandu Athawale,Rajya Sabha,Maharashtra,Sitting Rajya Sabha,V-3664,Sanitation,2025-01-06,2025-01-28,6134848.05,4758008.23,76,"B-637083,B-680371,B-471293,B-181973,B-150047",2032.0,False,
W-680204,Shri Ramdas Bandu Athawale,Rajya Sabha,Maharashtra,Sitting Rajya Sabha,V-457948,Water,2021-11-26,2021-12-07,7813387.2,7418961.26,67,"B-306409,B-631714,B-202309,B-618760",2032.0,False,
W-194564,Shri Ramdas Bandu Athawale,Rajya Sabha,Maharashtra,Sitting Rajya Sabha,V-874742,Water,2024-03-26,2024-03-27,8935263.29,8344736.97,55,"B-946897,B-370997,B-663991,B-241165,B-523916",2032.0,False,
W-951414,Shri Ramdas Bandu Athawale,Rajya Sabha,Maharashtra,Sitting Rajya Sabha,V-800619,Health,2025-12-26,2026-01-17,3347129.46,2854478.05,44,"B-667709,B-969388",2032.0,False,
W-711874,Shri Ramdas Bandu Athawale,Rajya Sabha,Maharashtra,Sitting Rajya Sabha,V-818685,Education,2026-01-29,2026-02-05,10097210.68,6660391.79,90,"B-919352,B-641765",2032.0,False,
W-892771,Shri Ramdas Bandu Athawale,Rajya Sabha,Maharashtra,Sitting Rajya Sabha,V-134053,Other,2025-07-28,2025-08-08,7931241.11,6570551.17,64,"B-330533,B-677670",2032.0,False,
W-840323,Shri Ramdas Bandu Athawale,Rajya Sabha,Maharashtra,Sitting Rajya Sabha,V-910927,Education,2023-06-10,2023-07-17,4495920.21,3313024.0,67,"B-53279,B-171015,B-936217",2032.0,False,
W-552790,Shri Ramji,Rajya Sabha,Uttar Pradesh,Sitting Rajya Sabha,V-72574,Other,2023-12-25,2024-01-12,15625774.68,13809478.88,91,"B-259054,B-919084",2026.0,False,
W-259071,Shri Ramji,Rajya Sabha,Uttar Pradesh,Sitting Rajya Sabha,V-965160,Water,2023-06-06,2023-06-06,85751970.9,78811714.37,40,"B-71656,B-439232",2026.0,False,
W-948007,Shri Ramji,Rajya Sabha,Uttar Pradesh,Sitting Rajya Sabha,V-468342,Education,2025-04-05,2025-04-14,24235585.95,16577877.01,39,"B-201232,B-384187,B-220774,B-621653",2026.0,False,
W-565752,Shri Ramji,Rajya Sabha,Uttar Pradesh,Sitting Rajya Sabha,V-702649,Other,2025-08-29,2025-09-12,48032652.69,46542443.9,49,"B-156927,B-265388",2026.0,False,
W-603392,Shri Ramji Lal Suman,Rajya Sabha,Uttar Pradesh,Sitting Rajya Sabha,V-125424,Sanitation,2025-07-24,2025-08-25,31781937.48,27808108.19,54,"B-538629,B-455215,B-403028,B-717943",2030.0,True,sanction_delay
W-586770,Shri Ramji Lal Suman,Rajya Sabha,Uttar Pradesh,Sitting Rajya Sabha,V-800671,Health,2022-01-13,2022-01-17,14608550.26,13862714.11,83,"B-190025,B-674279,B-205509",2030.0,False,
W-167980,Shri Ramji Lal Suman,Rajya Sabha,Uttar Pradesh,Sitting Rajya Sabha,V-602205,Water,2025-02-23,2025-03-23,22810275.46,17081311.7,84,"B-45522,B-512675,B-507239",2030.0,False,
W-650476,Shri Ramji Lal Suman,Rajya Sabha,Uttar Pradesh,Sitting Rajya Sabha,V-921721,Sanitation,2024-08-28,2024-09-30,34354462.26,27961020.4,54,"B-899811,B-543522",2030.0,False,
W-163580,Shri Ramji Lal Suman,Rajya Sabha,Uttar Pradesh,Sitting Rajya Sabha,V-702706,Road,2024-07-02,2024-07-31,11558317.91,8379617.6,68,"B-939422,B-675836,B-717498,B-584119,B-97582",2030.0,False,
W-712739,Shri Ramji Lal Suman,Rajya Sabha,Uttar Pradesh,Sitting Rajya Sabha,V-967227,Health,2026-06-18,2026-07-20,27992211.76,18867108.59,75,"B-408607,B-954509,B-507064,B-59649",2030.0,False,
W-183939,Shri Ramji Lal Suman,Rajya Sabha,Uttar Pradesh,Sitting Rajya Sabha,V-932300,Sanitation,2025-10-01,2025-11-04,3159244.87,3024040.16,38,"B-851427,B-709090,B-414305,B-950582",2030.0,False,
W-129044,Shri Ramrao Sakharam Wadkute,Rajya Sabha,Maharashtra,Sitting Rajya Sabha,V-929127,Sanitation,2022-04-07,2022-04-26,21162599.68,13945071.71,93,"B-454429,B-959820,B-505313",2032.0,False,
W-332559,Shri Ramrao Sakharam Wadkute,Rajya Sabha,Maharashtra,Sitting Rajya Sabha,V-137574,Education,2026-08-21,2026-09-18,5505226.24,4982407.66,84,"B-990248,B-52020",2032.0,False,
W-351023,Shri Ramrao Sakharam Wadkute,Rajya Sabha,Maharashtra,Sitting Rajya Sabha,V-288963,Water,2026-03-22,2026-04-12,1965688.32,1681361.81,78,"B-499165,B-884719",2032.0,False,
W-576814,Shri Ramrao Sakharam Wadkute,Rajya Sabha,Maharashtra,Sitting Rajya Sabha,V-675695,Sanitation,2023-04-13,2023-04-28,1354078.4,1242424.27,51,"B-136957,B-251015",2032.0,False,
W-631919,Shri Ramrao Sakharam Wadkute,Rajya Sabha,Maharashtra,Sitting Rajya Sabha,V-949024,Health,2026-04-08,2026-04-10,4521998.5,4341386.53,79,"B-970397,B-856862,B-194747,B-64231,B-966565",2032.0,False,
W-229668,Shri Ramrao Sakharam Wadkute,Rajya Sabha,Maharashtra,Sitting Rajya Sabha,V-756879,Other,2022-05-13,2022-05-25,5890715.98,4392024.1,82,"B-480436,B-685537",2032.0,False,
W-138053,Shri Ramrao Sakharam Wadkute,Rajya Sabha,Maharashtra,Sitting Rajya Sabha,V-412843,Road,2024-01-30,2024-02-15,8354692.88,5525704.54,75,"B-26831,B-67258,B-603154",2032.0,False,
W-318876,Shri Randeep Singh Surjewala,Rajya Sabha,Rajasthan,Sitting Rajya Sabha,V-411127,Education,2022-06-13,2022-06-13,43317869.91,40905359.74,55,"B-49920,B-235666,B-751717,B-92854,B-336474",2028.0,False,
W-178787,Shri Randeep Singh Surjewala,Rajya Sabha,Rajasthan,Sitting Rajya Sabha,V-995885,Health,2022-09-16,2022-09-17,27533195.91,18414350.35,78,"B-469709,B-723876,B-915641,B-733224,B-583116",2028.0,False,
W-891584,Shri Randeep Singh Surjewala,Rajya Sabha,Rajasthan,Sitting Rajya Sabha,V-934881,Health,2023-11-26,2023-11-26,8399382.57,6759568.1,43,"B-336000,B-989333",2028.0,False,
W-756174,Shri Randeep Singh Surjewala,Rajya Sabha,Rajasthan,Sitting Rajya Sabha,V-290311,Water,2026-03-16,2026-04-05,6496187.48,6362706.01,63,"B-418878,B-813965",2028.0,False,
W-180297,Shri Randeep Singh Surjewala,Rajya Sabha,Rajasthan,Sitting Rajya Sabha,V-770045,Road,2022-03-31,2022-05-03,53427766.3,49987441.27,82,"B-242635,B-480055,B-483494,B-994534,B-727675",2028.0,False,
W-628510,Shri Randeep Singh Surjewala,Rajya Sabha,Rajasthan,Sitting Rajya Sabha,V-725504,Other,2025-02-24,2025-03-22,11704815.03,10918346.3,50,"B-698894,B-359610,B-783241,B-818833",2028.0,False,
W-461835,Shri Randeep Singh Surjewala,Rajya Sabha,Rajasthan,Sitting Rajya Sabha,V-452153,Other,2024-07-08,2024-08-07,44204420.12,30359553.5,47,"B-851042,B-177705,B-543767,B-753577",2028.0,False,
W-240163,Shri Ratanjit Pratap Narain Singh,Rajya Sabha,Uttar Pradesh,Sitting Rajya Sabha,V-978829,Health,2026-07-14,2026-08-14,38375267.17,30630847.36,54,"B-559545,B-962017,B-748044",2030.0,False,
W-379443,Shri Ratanjit Pratap Narain Singh,Rajya Sabha,Uttar Pradesh,Sitting Rajya Sabha,V-516378,Road,2025-07-02,2025-07-17,10429396.52,7812967.15,95,"B-990553,B-546238,B-349325,B-274182",2030.0,False,
W-842336,Shri Ratanjit Pratap Narain Singh,Rajya Sabha,Uttar Pradesh,Sitting Rajya Sabha,V-494263,Water,2024-04-06,2024-05-08,46041056.05,42902465.77,68,"B-19518,B-172564,B-687927",2030.0,False,
W-929807,Shri Ratanjit Pratap Narain Singh,Rajya Sabha,Uttar Pradesh,Sitting Rajya Sabha,V-453829,Education,2024-10-27,2024-11-17,21251729.6,17782149.19,74,"B-534971,B-563825",2030.0,False,
W-762006,Shri Ratanjit Pratap Narain Singh,Rajya Sabha,Uttar Pradesh,Sitting Rajya Sabha,V-435133,Education,2024-10-18,2024-11-15,30167550.65,29403749.71,60,"B-453250,B-101752,B-974537",2030.0,False,
W-384323,Shri Ravi Chandra Vaddiraju,Rajya Sabha,Telangana,Sitting Rajya Sabha,V-743466,Other,2026-05-24,2026-06-17,33111548.63,28465998.48,75,"B-498951,B-824635,B-410040,B-591069",2030.0,False,
W-962470,Shri Ravi Chandra Vaddiraju,Rajya Sabha,Telangana,Sitting Rajya Sabha,V-971670,Health,2022-02-10,2022-03-10,5714974.89,3905654.56,64,"B-932472,B-313343",2030.0,False,
W-426924,Shri Ravi Chandra Vaddiraju,Rajya Sabha,Telangana,Sitting Rajya Sabha,V-739793,Road,2022-02-19,2022-02-20,13361989.41,11801867.25,71,"B-739703,B-56190,B-547680,B-257796,B-677455",2030.0,False,
W-102415,Shri Ravi Chandra Vaddiraju,Rajya Sabha,Telangana,Sitting Rajya Sabha,V-885782,Water,2025-07-13,2025-07-24,19852073.17,18021594.4,91,"B-708092,B-213070,B-257235,B-426210",2030.0,False,
W-404813,Shri Ravi Chandra Vaddiraju,Rajya Sabha,Telangana,Sitting Rajya Sabha,V-748831,Health,2025-06-03,2025-07-07,11363492.28,9151721.65,50,"B-649185,B-113034",2030.0,False,
W-272970,Shri Ravi Chandra Vaddiraju,Rajya Sabha,Telangana,Sitting Rajya Sabha,V-429302,Education,2023-09-06,2023-10-02,25067732.37,23067583.65,72,"B-782114,B-733652,B-927356,B-335868",2030.0,False,
W-964118,Shri Ravi Chandra Vaddiraju,Rajya Sabha,Telangana,Sitting Rajya Sabha,V-787105,Water,2021-11-17,2021-09-03,18647253.49,14404821.56,66,"B-534971,B-309012,B-157550,B-154802",2030.0,False,
W-956141,Shri Ravi Chandra Vaddiraju,Rajya Sabha,Telangana,Sitting Rajya Sabha,V-340457,Water,2022-03-29,2022-04-07,24849807.18,19813378.68,38,"B-222167,B-455240",2030.0,False,
W-273507,Shri Rwngwra Narzary,Rajya Sabha,Assam,Sitting Rajya Sabha,V-968803,Road,2024-05-23,2024-05-23,71336784.06,52991552.58,60,"B-494960,B-686394,B-501055,B-89648",2028.0,False,
W-731718,Shri Rwngwra Narzary,Rajya Sabha,Assam,Sitting Rajya Sabha,V-207661,Health,2022-07-13,2022-07-19,103719093.94,133807347.58,71,"B-488357,B-18724,B-73043,B-831923",2028.0,True,cost_overrun
W-995911,Shri Rwngwra Narzary,Rajya Sabha,Assam,Sitting Rajya Sabha,V-848824,Sanitation,2023-04-28,2023-05-27,44405259.32,31097115.49,78,"B-357547,B-40876,B-982854",2028.0,False,
W-219668,Shri Ryaga Krishnaiah,Rajya Sabha,Andhra Pradesh,Sitting Rajya Sabha,V-795928,Health,2021-12-21,2021-12-22,16127594.46,11165836.92,93,"B-701114,B-856863,B-335067",2028.0,False,
W-490698,Shri Ryaga Krishnaiah,Rajya Sabha,Andhra Pradesh,Sitting Rajya Sabha,V-124079,Education,2024-12-29,2025-01-29,34345149.15,24809776.46,87,"B-728257,B-399664,B-331447,B-858537",2028.0,False,
W-548517,Shri Ryaga Krishnaiah,Rajya Sabha,Andhra Pradesh,Sitting Rajya Sabha,V-754645,Health,2024-08-05,2024-08-10,42374643.89,36113276.47,62,"B-113206,B-330324,B-755508,B-594935",2028.0,False,
W-958707,Shri Ryaga Krishnaiah,Rajya Sabha,Andhra Pradesh,Sitting Rajya Sabha,V-923351,Water,2024-05-26,2024-06-16,53297135.91,39678185.51,65,"B-149674,B-12047",2028.0,False,
W-356225,Shri Ryaga Krishnaiah,Rajya Sabha,Andhra Pradesh,Sitting Rajya Sabha,V-778111,Other,2022-06-13,2022-07-25,23416992.46,19621484.35,45,"B-603984,B-82306",2028.0,False,
W-553632,Shri S Niranjan Reddy,Rajya Sabha,Andhra Pradesh,Sitting Rajya Sabha,V-306312,Education,2023-08-15,2023-09-11,54951333.04,47265211.91,77,"B-352017,B-877478,B-676007,B-858353",2028.0,False,
W-749329,Shri S Niranjan Reddy,Rajya Sabha,Andhra Pradesh,Sitting Rajya Sabha,V-382183,Road,2021-10-31,2021-11-28,8752190.78,7459411.03,58,"B-517492,B-608522,B-810829,B-376217,B-172392",2028.0,False,
W-512351,Shri S Niranjan Reddy,Rajya Sabha,Andhra Pradesh,Sitting Rajya Sabha,V-17823,Sanitation,2026-01-18,2026-01-26,16149844.65,12258477.53,84,"B-255388,B-854863,B-528667,B-105505",2028.0,False,
W-594279,Shri S Niranjan Reddy,Rajya Sabha,Andhra Pradesh,Sitting Rajya Sabha,V-696298,Other,2023-04-25,2023-04-30,14434740.83,9415863.11,56,"B-722042,B-351577",2028.0,False,
W-840528,Shri S Niranjan Reddy,Rajya Sabha,Andhra Pradesh,Sitting Rajya Sabha,V-245271,Health,2026-07-07,2026-07-16,21863984.92,15109015.6,49,"B-327688,B-767316,B-996026,B-309614",2028.0,False,
W-960581,Shri S Niranjan Reddy,Rajya Sabha,Andhra Pradesh,Sitting Rajya Sabha,V-697729,Water,2025-12-14,2026-01-05,26129045.24,24864933.31,85,"B-977624,B-440731",2028.0,False,
W-589344,Shri S Niranjan Reddy,Rajya Sabha,Andhra Pradesh,Sitting Rajya Sabha,V-990780,Other,2024-08-17,2024-08-28,24034535.88,19238599.84,53,"B-29723,B-803287,B-496017,B-996779",2028.0,False,
W-524098,Shri S Niranjan Reddy,Rajya Sabha,Andhra Pradesh,Sitting Rajya Sabha,V-159218,Sanitation,2024-12-04,2024-12-19,57182600.85,44436441.95,54,"B-351497,B-199530,B-868562",2028.0,True,duplicate_vendor
W-737338,Shri S. Jaishankar,Rajya Sabha,Gujarat,Sitting Rajya Sabha,V-314450,Education,2024-09-23,2024-10-26,105056139.24,90134718.46,46,"B-858760,B-246143,B-275001,B-410204",2029.0,False,
W-506035,Shri S. Jaishankar,Rajya Sabha,Gujarat,Sitting Rajya Sabha,V-116906,Other,2024-08-06,2024-08-28,48846386.96,47135136.66,89,"B-867976,B-455871,B-554654",2029.0,False,
W-414789,Shri S. Jaishankar,Rajya Sabha,Gujarat,Sitting Rajya Sabha,V-194987,Water,2022-06-28,2022-07-07,6538505.38,5062928.3,85,"B-426098,B-973486,B-205113,B-591644,B-890568",2029.0,False,
W-178647,Shri S. Jaishankar,Rajya Sabha,Gujarat,Sitting Rajya Sabha,V-845923,Health,2026-04-30,2026-05-04,10201468.42,7327226.63,68,"B-617529,B-509736",2029.0,False,
W-709582,Shri S. Kalyanasundaram,Rajya Sabha,Tamil Nadu,Sitting Rajya Sabha,V-475496,Health,2021-12-14,2021-12-14,51179353.23,48513749.74,47,"B-562934,B-49485,B-991937,B-895579,B-480228",2028.0,False,
W-505840,Shri S. Kalyanasundaram,Rajya Sabha,Tamil Nadu,Sitting Rajya Sabha,V-DUP-007,Education,2021-09-23,2021-09-29,98205528.82,67753945.9,74,"B-264487,B-327039,B-388565",2028.0,True,duplicate_vendor
W-269288,Shri S. Kalyanasundaram,Rajya Sabha,Tamil Nadu,Sitting Rajya Sabha,V-864280,Water,2024-03-22,2024-03-23,89180091.51,74163706.79,77,"B-875583,B-455496,B-222412,B-501857",2028.0,False,
W-396513,Shri S. Selvaganabathy,Rajya Sabha,Puducherry,Sitting Rajya Sabha,V-18854,Education,2023-08-31,2023-09-05,42398406.16,31791963.57,61,"B-893780,B-683368,B-310038",2027.0,True,duplicate_vendor
W-902583,Shri S. Selvaganabathy,Rajya Sabha,Puducherry,Sitting Rajya Sabha,V-736236,Education,2023-02-06,2023-02-09,67677273.3,47850516.34,59,"B-322841,B-916460,B-930189,B-909421,B-140470",2027.0,False,
W-491303,Shri S. Selvaganabathy,Rajya Sabha,Puducherry,Sitting Rajya Sabha,V-813641,Education,2024-05-16,2024-06-09,21057802.76,15745153.84,81,"B-273954,B-68246,B-733839",2027.0,False,
W-427494,Shri S. Selvaganabathy,Rajya Sabha,Puducherry,Sitting Rajya Sabha,V-889856,Education,2023-06-15,2023-06-17,52144129.15,39897504.71,87,"B-302045,B-70924,B-110325",2027.0,False,
W-906288,Shri S. Selvaganabathy,Rajya Sabha,Puducherry,Sitting Rajya Sabha,V-807029,Sanitation,2023-09-17,2023-10-18,30154305.52,26994984.22,70,"B-757462,B-946480,B-682012",2027.0,False,
W-812153,Shri S. Selvaganabathy,Rajya Sabha,Puducherry,Sitting Rajya Sabha,V-564744,Road,2023-08-29,2023-09-02,51732053.31,44827549.16,35,"B-369666,B-547650,B-884426,B-747229,B-450300",2027.0,False,
W-151101,Shri S. Selvaganabathy,Rajya Sabha,Puducherry,Sitting Rajya Sabha,V-932078,Other,2023-07-21,2023-07-23,26253477.01,24416798.55,47,"B-827556,B-934885",2027.0,False,
W-854292,Shri S.R. Sivalingam,Rajya Sabha,Tamil Nadu,Sitting Rajya Sabha,V-936043,Sanitation,2022-11-20,2022-12-21,32158841.68,22543902.73,77,"B-395119,B-163917,B-804990,B-474905",2031.0,False,
W-110874,Shri S.R. Sivalingam,Rajya Sabha,Tamil Nadu,Sitting Rajya Sabha,V-904767,Sanitation,2024-01-15,2024-02-05,44364789.35,35855926.85,42,"B-101093,B-375594,B-814209,B-151866",2031.0,False,
W-341224,Shri S.R. Sivalingam,Rajya Sabha,Tamil Nadu,Sitting Rajya Sabha,V-341403,Education,2023-11-14,2023-12-08,2680093.42,2299967.8,94,"B-979102,B-468487,B-228609,B-651276",2031.0,False,
W-517601,Shri S.R. Sivalingam,Rajya Sabha,Tamil Nadu,Sitting Rajya Sabha,V-464277,Road,2025-08-11,2025-08-13,9598319.54,13915122.24,72,"B-801350,B-38568,B-671523,B-730254",2031.0,True,cost_overrun
W-107151,Shri Sadanand Mhalu Shet Tanavade,Rajya Sabha,Goa,Sitting Rajya Sabha,V-957484,Water,2025-08-08,2025-08-28,47570355.11,46283437.32,54,"B-940112,B-304141",2029.0,False,
W-704127,Shri Sadanand Mhalu Shet Tanavade,Rajya Sabha,Goa,Sitting Rajya Sabha,V-834010,Water,2025-01-26,2025-02-08,12787464.38,11973000.75,79,"B-422136,B-456144,B-678018,B-876300",2029.0,False,
W-847313,Shri Sadanand Mhalu Shet Tanavade,Rajya Sabha,Goa,Sitting Rajya Sabha,V-352570,Water,2024-07-15,2024-08-16,23129444.02,19855873.07,82,"B-891143,B-285867,B-218758",2029.0,False,
W-379632,Shri Sadanand Mhalu Shet Tanavade,Rajya Sabha,Goa,Sitting Rajya Sabha,V-618636,Education,2025-08-21,2025-09-18,87155236.48,78488261.71,87,"B-532584,B-220971,B-749692,B-45543,B-287442",2029.0,False,
W-447488,Shri Sajjad Ahmad Kichloo,Rajya Sabha,Jammu And Kashmir,Sitting Rajya Sabha,V-273554,Education,2022-09-29,2022-10-23,29725002.78,25548832.87,86,"B-40462,B-691902,B-834474",2031.0,False,
W-692902,Shri Sajjad Ahmad Kichloo,Rajya Sabha,Jammu And Kashmir,Sitting Rajya Sabha,V-815995,Sanitation,2022-07-03,2022-07-22,24763292.51,21292059.71,78,"B-29024,B-195781",2031.0,False,
W-989085,Shri Sajjad Ahmad Kichloo,Rajya Sabha,Jammu And Kashmir,Sitting Rajya Sabha,V-65024,Other,2025-02-24,2025-03-02,9138118.97,8500573.92,58,"B-413832,B-16166,B-826639,B-271135",2031.0,False,
W-517802,Shri Sajjad Ahmad Kichloo,Rajya Sabha,Jammu And Kashmir,Sitting Rajya Sabha,V-686888,Water,2025-10-23,2025-11-02,9506085.74,8429267.36,47,"B-419121,B-376979,B-14527,B-651746",2031.0,False,
W-806363,Shri Samik Bhattacharya,Rajya Sabha,West Bengal,Sitting Rajya Sabha,V-968790,Water,2022-11-30,2022-12-27,18306588.21,13349898.2,35,"B-500366,B-387160",2030.0,False,
W-318087,Shri Samik Bhattacharya,Rajya Sabha,West Bengal,Sitting Rajya Sabha,V-954036,Water,2025-07-19,2025-08-13,11665778.68,11249482.56,53,"B-668643,B-730079,B-186284,B-618956",2030.0,False,
W-407334,Shri Samik Bhattacharya,Rajya Sabha,West Bengal,Sitting Rajya Sabha,V-161491,Water,2024-10-02,2024-10-06,26920321.87,23213855.82,81,"B-77209,B-722376",2030.0,False,
W-589613,Shri Samik Bhattacharya,Rajya Sabha,West Bengal,Sitting Rajya Sabha,V-712451,Sanitation,2026-03-02,2026-03-12,40974573.59,27060724.6,47,"B-608523,B-267981,B-664801",2030.0,False,
W-298969,Shri Samik Bhattacharya,Rajya Sabha,West Bengal,Sitting Rajya Sabha,V-244101,Water,2024-11-05,2024-11-16,3101671.97,2115905.48,88,"B-525368,B-748761,B-210353",2030.0,False,
W-102780,Shri Samik Bhattacharya,Rajya Sabha,West Bengal,Sitting Rajya Sabha,V-891753,Sanitation,2024-07-12,2024-08-03,20445879.23,15240295.27,45,"B-315338,B-885124",2030.0,False,
W-603726,Shri Samik Bhattacharya,Rajya Sabha,West Bengal,Sitting Rajya Sabha,V-411646,Water,2025-08-10,2025-08-29,24850186.44,22329507.76,93,"B-94854,B-578374,B-319032,B-812950,B-547702",2030.0,False,
W-228285,Shri Samirul Islam,Rajya Sabha,West Bengal,Sitting Rajya Sabha,V-847776,Education,2022-05-15,2022-06-10,64477007.93,63000611.8,68,"B-584026,B-111021,B-35845",2029.0,False,
W-361273,Shri Samirul Islam,Rajya Sabha,West Bengal,Sitting Rajya Sabha,V-851750,Health,2026-07-19,2026-08-22,28505999.31,27561396.22,47,"B-471048,B-922213,B-894284",2029.0,False,
W-742778,Shri Samirul Islam,Rajya Sabha,West Bengal,Sitting Rajya Sabha,V-853425,Education,2025-08-10,2025-08-15,29748273.68,23571026.3,37,"B-105627,B-547686,B-613618,B-997726",2029.0,False,
W-421823,Shri Samirul Islam,Rajya Sabha,West Bengal,Sitting Rajya Sabha,V-330205,Water,2024-10-15,2024-10-26,41171464.86,29749900.45,84,"B-93557,B-534195",2029.0,False,
W-746766,Shri Samirul Islam,Rajya Sabha,West Bengal,Sitting Rajya Sabha,V-50791,Sanitation,2022-02-09,2022-02-11,6739754.22,6447396.59,37,"B-199853,B-244141,B-345977,B-139981",2029.0,False,
W-918680,Shri Sana Sathish Babu,Rajya Sabha,Andhra Pradesh,Sitting Rajya Sabha,V-993314,Water,2026-08-25,2023-11-20,26448645.52,22584215.91,44,"B-146339,B-831702,B-202744,B-537798",2032.0,True,delayed_completion
W-308385,Shri Sana Sathish Babu,Rajya Sabha,Andhra Pradesh,Sitting Rajya Sabha,V-835632,Other,2023-07-03,2023-08-19,3437764.83,3332828.58,78,"B-99162,B-192733,B-433715,B-800432,B-464078",2032.0,True,delayed_completion
W-100209,Shri Sana Sathish Babu,Rajya Sabha,Andhra Pradesh,Sitting Rajya Sabha,V-915392,Water,2025-01-03,2025-01-21,18932247.76,12879498.46,43,"B-472551,B-13800",2032.0,False,
W-723031,Shri Sandosh Kumar P,Rajya Sabha,Kerala,Sitting Rajya Sabha,V-197313,Sanitation,2022-11-20,2022-12-29,79141075.31,69011330.97,69,"B-14322,B-866229,B-328217,B-618172",2028.0,False,
W-651773,Shri Sandosh Kumar P,Rajya Sabha,Kerala,Sitting Rajya Sabha,V-646086,Road,2025-08-30,2025-08-31,62245880.22,63514528.19,55,"B-365851,B-962274,B-297652,B-610742,B-296688",2028.0,False,
W-407652,Shri Sandosh Kumar P,Rajya Sabha,Kerala,Sitting Rajya Sabha,V-978333,Sanitation,2022-07-07,2022-07-17,36826237.08,29826516.18,70,"B-911625,B-519851",2028.0,False,
W-707818,Shri Sandosh Kumar P,Rajya Sabha,Kerala,Sitting Rajya Sabha,V-564422,Other,2025-07-23,2025-08-07,17624955.41,16996971.55,79,"B-627229,B-286263,B-394049,B-120559",2028.0,False,
W-708809,Shri Sandosh Kumar P,Rajya Sabha,Kerala,Sitting Rajya Sabha,V-510775,Road,2026-08-11,2026-08-23,23622989.3,15597471.81,47,"B-331096,B-60175,B-325005,B-552621",2028.0,False,
W-653799,Shri Sanjay Bhatia,Rajya Sabha,Haryana,Sitting Rajya Sabha,V-559569,Other,2025-11-18,2025-12-12,3402082.05,2588754.39,94,"B-260785,B-220237",2032.0,False,
W-143386,Shri Sanjay Bhatia,Rajya Sabha,Haryana,Sitting Rajya Sabha,V-826600,Other,2025-07-20,2025-08-07,14222154.16,12465080.41,66,"B-518469,B-653912,B-3886,B-3084",2032.0,False,
W-194603,Shri Sanjay Bhatia,Rajya Sabha,Haryana,Sitting Rajya Sabha,V-499997,Health,2023-09-21,2023-10-13,4580358.58,3639355.22,61,"B-971687,B-985183,B-502941,B-238088,B-626960",2032.0,False,
W-928306,Shri Sanjay Bhatia,Rajya Sabha,Haryana,Sitting Rajya Sabha,V-523426,Sanitation,2024-09-04,2024-09-26,8881624.18,7457190.97,69,"B-687606,B-111448,B-748431",2032.0,False,
W-116719,Shri Sanjay Bhatia,Rajya Sabha,Haryana,Sitting Rajya Sabha,V-80185,Water,2023-12-01,2023-12-19,3456911.79,2305183.58,93,"B-697395,B-642367,B-145463,B-49507",2032.0,False,
W-295198,Shri Sanjay Bhatia,Rajya Sabha,Haryana,Sitting Rajya Sabha,V-151890,Road,2025-04-27,2025-05-04,7703883.03,7194264.67,64,"B-987461,B-298607,B-116000,B-953728,B-98719",2032.0,False,
W-269965,Shri Sanjay Bhatia,Rajya Sabha,Haryana,Sitting Rajya Sabha,V-306887,Road,2026-03-12,2026-03-30,3833791.91,3563713.74,49,"B-343515,B-768358,B-856555,B-509832",2032.0,False,
W-324859,Shri Sanjay Bhatia,Rajya Sabha,Haryana,Sitting Rajya Sabha,V-367433,Road,2022-11-24,2022-11-28,2674194.3,2391946.49,47,"B-151770,B-250918,B-971214,B-652875,B-33217",2032.0,False,
W-606958,Shri Sanjay Kumar Jha,Rajya Sabha,Bihar,Sitting Rajya Sabha,V-615645,Road,2022-11-14,2022-11-26,3265152.29,2382263.43,87,"B-899968,B-845557,B-396308",2030.0,False,
W-896578,Shri Sanjay Kumar Jha,Rajya Sabha,Bihar,Sitting Rajya Sabha,V-400230,Road,2025-04-28,2025-05-07,19890322.93,15088995.59,87,"B-980563,B-733357,B-901530",2030.0,False,
W-777717,Shri Sanjay Kumar Jha,Rajya Sabha,Bihar,Sitting Rajya Sabha,V-43597,Education,2021-12-28,2022-01-01,20169840.1,17723085.16,44,"B-794429,B-593139,B-428465,B-131787",2030.0,False,
W-160209,Shri Sanjay Kumar Jha,Rajya Sabha,Bihar,Sitting Rajya Sabha,V-263092,Water,2024-05-12,2024-06-10,32933019.95,26877261.48,45,"B-44731,B-84068,B-576974",2030.0,False,
W-439181,Shri Sanjay Kumar Jha,Rajya Sabha,Bihar,Sitting Rajya Sabha,V-774723,Sanitation,2022-02-16,2022-04-15,40048800.46,35574262.94,51,"B-940001,B-174085,B-833217,B-679240",2030.0,True,sanction_delay
W-347439,Shri Sanjay Kumar Jha,Rajya Sabha,Bihar,Sitting Rajya Sabha,V-12579,Education,2025-12-21,2026-01-01,16193395.62,12446922.16,59,"B-653772,B-733702,B-706619,B-678079,B-443740",2030.0,False,
W-767164,Shri Sanjay Kumar Jha,Rajya Sabha,Bihar,Sitting Rajya Sabha,V-363792,Road,2022-01-22,2022-01-27,24576906.01,23106052.04,55,"B-798825,B-302936,B-21145",2030.0,False,
W-997764,Shri Sanjay Kumar Jha,Rajya Sabha,Bihar,Sitting Rajya Sabha,V-940454,Road,2024-09-05,2024-09-26,28191562.64,19324579.1,93,"B-962542,B-620608,B-308729,B-848405,B-841946",2030.0,False,
W-196502,Shri Sanjay Raut,Rajya Sabha,Maharashtra,Sitting Rajya Sabha,V-423859,Education,2024-04-24,2021-07-02,60391171.75,57167046.59,65,"B-602232,B-766893,B-150447,B-956819,B-883359",2028.0,False,
W-936515,Shri Sanjay Raut,Rajya Sabha,Maharashtra,Sitting Rajya Sabha,V-626666,Road,2024-09-05,2024-09-28,49632709.39,48382176.08,66,"B-117933,B-456642,B-330974,B-631346,B-227958",2028.0,False,
W-131568,Shri Sanjay Raut,Rajya Sabha,Maharashtra,Sitting Rajya Sabha,V-904082,Road,2024-05-07,2024-05-08,40499632.12,26375693.68,88,"B-87864,B-153799",2028.0,False,
W-873027,Shri Sanjay Raut,Rajya Sabha,Maharashtra,Sitting Rajya Sabha,V-887034,Sanitation,2022-10-01,2022-10-16,29892197.06,25579239.12,62,"B-672195,B-989035,B-188996",2028.0,False,
W-295241,Shri Sanjay Raut,Rajya Sabha,Maharashtra,Sitting Rajya Sabha,V-422759,Health,2026-01-20,2026-02-12,14667927.0,11710416.29,56,"B-226043,B-831584",2028.0,False,
W-919120,Shri Sanjay Seth,Rajya Sabha,Uttar Pradesh,Sitting Rajya Sabha,V-306407,Water,2025-09-20,2025-10-17,9892397.78,8894994.06,55,"B-349455,B-51537,B-736699",2030.0,False,
W-765327,Shri Sanjay Seth,Rajya Sabha,Uttar Pradesh,Sitting Rajya Sabha,V-957315,Sanitation,2023-03-11,2023-03-24,3329820.46,2182127.38,64,"B-181015,B-726726",2030.0,False,
W-808768,Shri Sanjay Seth,Rajya Sabha,Uttar Pradesh,Sitting Rajya Sabha,V-989455,Water,2024-09-01,2024-09-13,17451110.02,16221065.18,38,"B-331169,B-681212,B-423657,B-136377,B-994937",2030.0,False,
W-107830,Shri Sanjay Seth,Rajya Sabha,Uttar Pradesh,Sitting Rajya Sabha,V-274235,Water,2023-06-12,2023-07-15,31465005.56,24129785.31,42,"B-592719,B-282755,B-786533",2030.0,False,
W-309678,Shri Sanjay Seth,Rajya Sabha,Uttar Pradesh,Sitting Rajya Sabha,V-31529,Road,2025-11-26,2025-12-25,22876902.86,17248100.56,94,"B-694098,B-814563,B-785049,B-484843",2030.0,False,
W-198859,Shri Sanjay Seth,Rajya Sabha,Uttar Pradesh,Sitting Rajya Sabha,V-237707,Other,2024-07-04,2024-07-14,35158325.37,29421024.8,76,"B-2894,B-123010,B-172173,B-869384,B-142722",2030.0,False,
W-414037,Shri Sanjay Seth,Rajya Sabha,Uttar Pradesh,Sitting Rajya Sabha,V-454003,Education,2025-06-19,2025-07-11,26091437.95,22868385.06,76,"B-276231,B-588534,B-812995,B-827007,B-370437",2030.0,False,
W-150341,Shri Sanjay Singh,Rajya Sabha,Delhi,Sitting Rajya Sabha,V-877064,Water,2025-12-23,2026-01-05,47720782.93,32017944.84,87,"B-320087,B-656986,B-108726",2030.0,False,
W-599025,Shri Sanjay Singh,Rajya Sabha,Delhi,Sitting Rajya Sabha,V-143047,Education,2025-09-18,2025-09-23,20879220.54,19466625.47,64,"B-654074,B-987619,B-284300",2030.0,False,
W-938689,Shri Sanjay Singh,Rajya Sabha,Delhi,Sitting Rajya Sabha,V-982730,Education,2022-03-08,2022-04-10,114944090.51,100678866.9,90,"B-747590,B-978058,B-590196,B-819733,B-284921",2030.0,False,
W-693068,Shri Sanjay Yadav,Rajya Sabha,Bihar,Sitting Rajya Sabha,V-902276,Other,2023-01-29,2021-07-03,33273294.25,30605115.11,61,"B-728204,B-161780,B-934104,B-61779,B-695371",2030.0,True,delayed_completion
W-158159,Shri Sanjay Yadav,Rajya Sabha,Bihar,Sitting Rajya Sabha,V-207347,Road,2023-11-30,2023-12-29,18129009.12,15580053.37,79,"B-50900,B-416051,B-188078,B-69014,B-226985",2030.0,False,
W-944011,Shri Sanjay Yadav,Rajya Sabha,Bihar,Sitting Rajya Sabha,V-254409,Education,2025-10-02,2025-10-25,38042230.07,36321905.93,37,"B-545910,B-879863",2030.0,False,
W-421104,Shri Sanjay Yadav,Rajya Sabha,Bihar,Sitting Rajya Sabha,V-573974,Education,2024-07-11,2024-07-19,34541710.56,32271867.08,59,"B-4596,B-227846,B-719945,B-69518",2030.0,False,
W-491812,Shri Sanjay Yadav,Rajya Sabha,Bihar,Sitting Rajya Sabha,V-910573,Other,2022-01-17,2022-02-13,2430076.42,2244634.36,79,"B-952438,B-265347,B-605225,B-517424,B-102922",2030.0,False,
W-452519,Shri Sanjay Yadav,Rajya Sabha,Bihar,Sitting Rajya Sabha,V-866003,Road,2026-03-09,2026-03-12,15830478.02,12003479.71,81,"B-510983,B-236150,B-922813",2030.0,False,
W-978961,Shri Sanjay Yadav,Rajya Sabha,Bihar,Sitting Rajya Sabha,V-441111,Other,2022-09-28,2022-10-10,30719977.12,29296603.15,57,"B-692153,B-209172",2030.0,False,
W-609418,Shri Sanjay Yadav,Rajya Sabha,Bihar,Sitting Rajya Sabha,V-555910,Education,2024-01-25,2024-01-25,12302224.44,10030096.84,81,"B-271326,B-390007,B-121393",2030.0,False,
W-287463,Shri Sant Balbir Singh,Rajya Sabha,Punjab,Sitting Rajya Sabha,V-561866,Education,2025-07-16,2025-08-14,27585211.76,24755684.96,81,"B-177914,B-558409,B-302367,B-445079,B-429818",2028.0,True,sanction_delay
W-437071,Shri Sant Balbir Singh,Rajya Sabha,Punjab,Sitting Rajya Sabha,V-617390,Sanitation,2025-08-14,2025-09-14,30806403.95,21209430.34,55,"B-435058,B-525844,B-240594,B-544007,B-437745",2028.0,False,
W-368608,Shri Sant Balbir Singh,Rajya Sabha,Punjab,Sitting Rajya Sabha,V-417860,Other,2026-08-02,2026-08-05,10901072.63,8806660.39,84,"B-530226,B-312070,B-753907,B-641926",2028.0,False,
W-121248,Shri Sant Balbir Singh,Rajya Sabha,Punjab,Sitting Rajya Sabha,V-209343,Road,2025-06-21,2025-07-07,26550642.56,20236107.72,81,"B-480087,B-636420,B-535590,B-691901",2028.0,False,
W-280211,Shri Sant Balbir Singh,Rajya Sabha,Punjab,Sitting Rajya Sabha,V-886445,Sanitation,2024-07-24,2024-08-16,41646859.29,35081422.51,64,"B-641284,B-744088,B-215926,B-301219",2028.0,False,
W-244050,Shri Sant Balbir Singh,Rajya Sabha,Punjab,Sitting Rajya Sabha,V-3751,Water,2025-11-14,2025-12-08,46896315.53,36719919.58,38,"B-699107,B-936613",2028.0,False,
W-796360,Shri Sant Balbir Singh,Rajya Sabha,Punjab,Sitting Rajya Sabha,V-331799,Education,2023-08-20,2023-09-07,10990773.33,9767943.54,64,"B-43615,B-685312,B-257652",2028.0,False,
W-649299,Shri Sat Paul Sharma,Rajya Sabha,Jammu And Kashmir,Sitting Rajya Sabha,V-769159,Road,2023-04-11,2023-05-15,8972800.72,7875866.02,90,"B-562200,B-706878,B-459344,B-410745,B-218608",2031.0,False,
W-753792,Shri Sat Paul Sharma,Rajya Sabha,Jammu And Kashmir,Sitting Rajya Sabha,V-496636,Road,2025-01-19,2025-02-11,4475660.25,4022333.31,90,"B-685360,B-394915",2031.0,False,
W-982476,Shri Sat Paul Sharma,Rajya Sabha,Jammu And Kashmir,Sitting Rajya Sabha,V-909712,Education,2024-02-01,2024-02-29,22270003.17,19779196.4,95,"B-107525,B-855677,B-746597",2031.0,False,
W-735529,Shri Sat Paul Sharma,Rajya Sabha,Jammu And Kashmir,Sitting Rajya Sabha,V-407473,Sanitation,2026-02-05,2026-02-28,37414035.86,24807784.04,92,"B-296859,B-853038,B-349836,B-739332",2031.0,False,
W-833674,Shri Satish Chandra Dubey,Rajya Sabha,Bihar,Sitting Rajya Sabha,V-11903,Other,2026-08-04,2026-08-19,29347573.32,28714801.67,72,"B-929733,B-702918,B-128014,B-763468,B-553770",2028.0,False,
W-126768,Shri Satish Chandra Dubey,Rajya Sabha,Bihar,Sitting Rajya Sabha,V-708248,Road,2026-04-15,2026-05-03,31043659.16,28460526.75,78,"B-747018,B-723738",2028.0,False,
W-764035,Shri Satish Chandra Dubey,Rajya Sabha,Bihar,Sitting Rajya Sabha,V-748753,Health,2022-11-23,2022-11-26,26864670.96,23052970.78,46,"B-607565,B-589550,B-669130,B-484110",2028.0,False,
W-858535,Shri Satish Chandra Dubey,Rajya Sabha,Bihar,Sitting Rajya Sabha,V-834682,Sanitation,2025-07-22,2025-07-23,19169270.74,13731291.87,39,"B-914905,B-202619,B-802536,B-697728",2028.0,False,
W-806433,Shri Satish Chandra Dubey,Rajya Sabha,Bihar,Sitting Rajya Sabha,V-100472,Other,2026-04-28,2026-04-30,94776109.2,74867196.69,86,"B-679944,B-189005,B-136623",2028.0,False,
W-531094,Shri Satish Chandra Dubey,Rajya Sabha,Bihar,Sitting Rajya Sabha,V-245041,Sanitation,2022-10-28,2022-11-29,25273854.57,19060864.88,51,"B-887721,B-632686",2028.0,False,
W-495169,Shri Satish Chandra Dubey,Rajya Sabha,Bihar,Sitting Rajya Sabha,V-646847,Health,2021-12-24,2021-12-24,7612499.37,5253619.33,72,"B-858833,B-454443,B-901402,B-458924,B-982023",2028.0,False,
W-948996,Shri Satnam Singh Sandhu,Rajya Sabha,Chandigarh,Nominated Rajya Sabha,V-613019,Education,2026-07-16,2026-07-19,66894461.35,50913270.1,39,"B-905746,B-728322,B-868293",2030.0,False,
W-999728,Shri Satnam Singh Sandhu,Rajya Sabha,Chandigarh,Nominated Rajya Sabha,V-301030,Sanitation,2026-01-07,2026-01-26,8581084.77,5583702.26,78,"B-158831,B-791646,B-108308",2030.0,False,
W-766773,Shri Satnam Singh Sandhu,Rajya Sabha,Chandigarh,Nominated Rajya Sabha,V-770178,Water,2025-11-27,2025-12-08,15905744.75,11000869.23,82,"B-255210,B-452043",2030.0,False,
W-813664,Shri Satnam Singh Sandhu,Rajya Sabha,Chandigarh,Nominated Rajya Sabha,V-554002,Water,2025-06-19,2025-06-25,27532574.28,18908821.27,46,"B-363765,B-451710",2030.0,False,
W-916403,Shri Satnam Singh Sandhu,Rajya Sabha,Chandigarh,Nominated Rajya Sabha,V-100731,Other,2025-08-20,2025-09-04,27351134.85,22616557.21,80,"B-45922,B-669296,B-513319,B-593336",2030.0,True,sanction_delay
W-883938,Shri Shambhu Sharan Patel,Rajya Sabha,Bihar,Sitting Rajya Sabha,V-649442,Other,2023-07-30,2023-08-31,37852278.73,37094459.37,40,"B-999883,B-458212",2028.0,False,
W-404563,Shri Shambhu Sharan Patel,Rajya Sabha,Bihar,Sitting Rajya Sabha,V-481060,Education,2026-04-07,2026-05-09,55181250.63,48733774.19,74,"B-949570,B-200129,B-55496",2028.0,False,
W-833256,Shri Shambhu Sharan Patel,Rajya Sabha,Bihar,Sitting Rajya Sabha,V-10721,Other,2024-09-28,2024-10-31,40161709.44,35563946.75,73,"B-189659,B-77984,B-111550,B-538372",2028.0,False,
W-501989,Shri Shambhu Sharan Patel,Rajya Sabha,Bihar,Sitting Rajya Sabha,V-271244,Road,2024-06-14,2024-06-21,41820595.11,30556908.03,74,"B-986005,B-948075,B-667131,B-243941,B-966678",2028.0,False,
W-730285,Shri Shambhu Sharan Patel,Rajya Sabha,Bihar,Sitting Rajya Sabha,V-945996,Health,2022-03-14,2022-03-21,26019374.2,17189985.38,79,"B-974408,B-823705,B-572863",2028.0,False,
W-878328,Shri Shambhu Sharan Patel,Rajya Sabha,Bihar,Sitting Rajya Sabha,V-726969,Health,2026-06-29,2026-07-15,10468514.67,8124073.76,67,"B-713240,B-726942,B-931010,B-954928,B-798211",2028.0,False,
W-622506,Shri Shambhu Sharan Patel,Rajya Sabha,Bihar,Sitting Rajya Sabha,V-258321,Sanitation,2022-11-30,2022-12-14,24478878.49,23093065.21,73,"B-828851,B-822932,B-150596,B-622291",2028.0,False,
W-696653,Shri Shivesh Kumar,Rajya Sabha,Bihar,Sitting Rajya Sabha,V-69668,Health,2025-01-31,2025-02-11,20314396.94,21021986.42,85,"B-933786,B-275091,B-729855,B-108645",2032.0,True,cost_overrun
W-246125,Shri Shivesh Kumar,Rajya Sabha,Bihar,Sitting Rajya Sabha,V-293642,Health,2022-09-13,2022-10-03,3316986.26,3040858.97,83,"B-798710,B-739237,B-547413,B-955481,B-73486",2032.0,False,
W-577010,Shri Shivesh Kumar,Rajya Sabha,Bihar,Sitting Rajya Sabha,V-547118,Road,2023-04-02,2023-04-17,25123616.8,19754774.62,48,"B-756152,B-967308,B-639165",2032.0,False,
W-232641,Shri Subhash Barala,Rajya Sabha,Haryana,Sitting Rajya Sabha,V-388284,Other,2025-01-30,2025-03-02,72445332.93,52952280.93,52,"B-990349,B-130105,B-927119,B-225300,B-349051",2030.0,False,
W-881298,Shri Subhash Barala,Rajya Sabha,Haryana,Sitting Rajya Sabha,V-294301,Health,2025-04-24,2024-11-16,28395605.44,24143964.39,56,"B-984925,B-394386,B-823086,B-892261,B-276343",2030.0,True,delayed_completion
W-926205,Shri Subhash Barala,Rajya Sabha,Haryana,Sitting Rajya Sabha,V-84564,Water,2024-01-05,2024-01-13,18142752.66,12205745.43,57,"B-358325,B-220224,B-403888,B-171489,B-931328",2030.0,False,
W-402250,Shri Subhash Barala,Rajya Sabha,Haryana,Sitting Rajya Sabha,V-357644,Other,2024-09-04,2024-09-21,27281308.96,20851916.88,91,"B-104656,B-256653",2030.0,False,
W-911187,Shri Subhasish Khuntia,Rajya Sabha,Odisha,Sitting Rajya Sabha,V-409075,Road,2024-02-24,2024-03-22,61450030.94,58318752.62,54,"B-133853,B-885274,B-288133,B-745538,B-370484",2030.0,False,
W-172598,Shri Subhasish Khuntia,Rajya Sabha,Odisha,Sitting Rajya Sabha,V-878244,Water,2025-11-30,2025-12-16,41034942.84,37864989.85,52,"B-424060,B-672154,B-708375",2030.0,False,
W-407380,Shri Subhasish Khuntia,Rajya Sabha,Odisha,Sitting Rajya Sabha,V-53457,Road,2025-01-15,2025-01-17,43780026.22,42412877.97,38,"B-995350,B-245852,B-533490",2030.0,False,
W-941426,Shri Sujeet Kumar,Rajya Sabha,Odisha,Sitting Rajya Sabha,V-661755,Health,2022-01-13,2022-02-03,17437251.11,15544417.36,87,"B-788291,B-294889",2032.0,False,
W-820223,Shri Sujeet Kumar,Rajya Sabha,Odisha,Sitting Rajya Sabha,V-614278,Education,2024-09-10,2024-10-09,6236953.69,5061306.12,80,"B-824922,B-259954,B-18276,B-528141,B-369178",2032.0,False,
W-773824,Shri Sujeet Kumar,Rajya Sabha,Odisha,Sitting Rajya Sabha,V-407912,Water,2024-07-09,2024-08-11,6765012.17,4465831.8,87,"B-648607,B-966399,B-632990",2032.0,False,
W-431663,Shri Sujeet Kumar,Rajya Sabha,Odisha,Sitting Rajya Sabha,V-198671,Water,2025-03-29,2025-04-16,10979066.76,9091397.51,38,"B-730222,B-281866,B-805310,B-197984,B-868332",2032.0,False,
W-674571,Shri Sujeet Kumar,Rajya Sabha,Odisha,Sitting Rajya Sabha,V-882687,Education,2024-04-23,2024-04-27,7336716.27,6275968.61,41,"B-157164,B-409704,B-72056,B-55029,B-88136",2032.0,False,
W-571924,Shri Surendra Singh Nagar,Rajya Sabha,Uttar Pradesh,Sitting Rajya Sabha,V-849988,Other,2021-10-29,2021-11-30,33545939.56,22989597.69,35,"B-426295,B-148229,B-20386,B-931765",2028.0,False,
W-265513,Shri Surendra Singh Nagar,Rajya Sabha,Uttar Pradesh,Sitting Rajya Sabha,V-279448,Education,2026-02-13,2026-02-17,90174241.33,66015667.23,92,"B-611484,B-366894,B-883316,B-717324,B-563923",2028.0,False,
W-737405,Shri Surendra Singh Nagar,Rajya Sabha,Uttar Pradesh,Sitting Rajya Sabha,V-238682,Sanitation,2025-12-20,2025-12-24,24955241.97,23688492.52,85,"B-816842,B-36848,B-906037",2028.0,False,
W-769276,Shri Surendra Singh Nagar,Rajya Sabha,Uttar Pradesh,Sitting Rajya Sabha,V-578422,Water,2026-06-27,2026-09-18,42576007.07,36216605.41,79,"B-303048,B-900497,B-675751,B-919077,B-759628",2028.0,True,delayed_completion
W-216139,Shri Surendra Singh Nagar,Rajya Sabha,Uttar Pradesh,Sitting Rajya Sabha,V-623631,Health,2025-12-27,2026-01-06,12295422.77,8960598.73,82,"B-888496,B-236098,B-739830,B-45121,B-231700",2028.0,False,
W-206017,Shri Surendra Singh Nagar,Rajya Sabha,Uttar Pradesh,Sitting Rajya Sabha,V-59360,Sanitation,2025-03-15,2025-08-03,15914284.62,14542327.23,49,"B-92905,B-595655",2028.0,True,sanction_delay
W-677952,Shri Tai Tagak,Rajya Sabha,Arunachal Pradesh,Sitting Rajya Sabha,V-113435,Sanitation,2026-03-23,2026-03-30,16741511.03,13158716.5,88,"B-942416,B-857136",2032.0,False,
W-903796,Shri Tai Tagak,Rajya Sabha,Arunachal Pradesh,Sitting Rajya Sabha,V-523505,Road,2023-09-06,2023-09-13,6118303.26,5685751.04,50,B-DUP-013,2032.0,True,duplicate_beneficiary
W-606730,Shri Tai Tagak,Rajya Sabha,Arunachal Pradesh,Sitting Rajya Sabha,V-612203,Water,2024-12-02,2024-12-30,4370830.94,3524581.05,83,"B-744545,B-844370",2032.0,False,
W-323456,Shri Tai Tagak,Rajya Sabha,Arunachal Pradesh,Sitting Rajya Sabha,V-286959,Sanitation,2024-01-27,2024-02-08,4636666.95,3256007.75,40,"B-456982,B-422113,B-399072,B-744103",2032.0,False,
W-573446,Shri Tai Tagak,Rajya Sabha,Arunachal Pradesh,Sitting Rajya Sabha,V-906310,Other,2026-04-07,2026-05-08,1085268.62,978711.45,41,"B-769944,B-854471,B-312404,B-828107,B-162383",2032.0,False,
W-901222,Shri Tai Tagak,Rajya Sabha,Arunachal Pradesh,Sitting Rajya Sabha,V-225632,Health,2025-07-05,2025-08-04,4115221.95,3729622.92,63,"B-123393,B-842778,B-213705,B-954390",2032.0,False,
W-211369,Shri Tai Tagak,Rajya Sabha,Arunachal Pradesh,Sitting Rajya Sabha,V-372379,Health,2025-01-14,2025-02-07,4007446.96,3154923.01,61,"B-33621,B-944953",2032.0,False,
W-441605,Shri Tai Tagak,Rajya Sabha,Arunachal Pradesh,Sitting Rajya Sabha,V-970046,Sanitation,2025-04-10,2025-05-04,7679750.29,6820755.77,51,"B-462724,B-225215",2032.0,False,
W-445236,Shri Tarun Chugh,Rajya Sabha,Madhya Pradesh,Sitting Rajya Sabha,V-103951,Other,2023-06-14,2023-06-15,7466428.77,7255875.98,92,"B-888230,B-161172,B-788419,B-362701",2032.0,False,
W-499851,Shri Tarun Chugh,Rajya Sabha,Madhya Pradesh,Sitting Rajya Sabha,V-522062,Water,2024-10-22,2024-11-11,1793462.54,1506502.96,69,"B-969839,B-916806,B-136451",2032.0,False,
W-519520,Shri Tarun Chugh,Rajya Sabha,Madhya Pradesh,Sitting Rajya Sabha,V-526332,Water,2026-01-19,2026-01-30,4428197.5,3408435.59,70,"B-946904,B-230146",2032.0,False,
W-302266,Shri Tarun Chugh,Rajya Sabha,Madhya Pradesh,Sitting Rajya Sabha,V-152319,Other,2022-03-06,2022-04-04,2522105.51,2334302.46,50,"B-600769,B-346156,B-36966,B-561534,B-848831",2032.0,False,
W-922793,Shri Tarun Chugh,Rajya Sabha,Madhya Pradesh,Sitting Rajya Sabha,V-927076,Other,2024-07-12,2024-07-31,8613858.91,6209244.22,79,"B-639643,B-440842,B-221360,B-985818",2032.0,False,
W-535913,Shri Tarun Chugh,Rajya Sabha,Madhya Pradesh,Sitting Rajya Sabha,V-665785,Water,2022-06-28,2022-07-24,8502818.35,5739602.98,94,"B-663798,B-274690,B-810209",2032.0,False,
W-250320,Shri Tarun Chugh,Rajya Sabha,Madhya Pradesh,Sitting Rajya Sabha,V-DUP-003,Road,2021-09-26,2021-09-26,9893637.05,8967348.01,94,"B-145006,B-710526,B-71416,B-355135",2032.0,False,
W-909560,Shri Tarun Chugh,Rajya Sabha,Madhya Pradesh,Sitting Rajya Sabha,V-379467,Sanitation,2025-07-08,2025-08-01,5534491.37,4490408.55,44,"B-812911,B-569314,B-109977",2032.0,False,
W-408205,Shri Tejveer Singh,Rajya Sabha,Uttar Pradesh,Sitting Rajya Sabha,V-111464,Other,2022-04-17,2022-05-14,6087855.19,5654559.34,46,"B-184539,B-971557",2030.0,False,
W-116860,Shri Tejveer Singh,Rajya Sabha,Uttar Pradesh,Sitting Rajya Sabha,V-997993,Health,2025-10-19,2025-11-01,14364321.04,14048918.86,37,"B-820794,B-50448,B-120961,B-532240",2030.0,False,
W-858020,Shri Tejveer Singh,Rajya Sabha,Uttar Pradesh,Sitting Rajya Sabha,V-764968,Water,2025-12-27,2026-01-06,19872456.38,15468086.23,75,"B-444665,B-622398,B-239032",2030.0,False,
W-701403,Shri Tejveer Singh,Rajya Sabha,Uttar Pradesh,Sitting Rajya Sabha,V-827914,Sanitation,2024-07-16,2024-07-31,12288587.84,9790079.4,57,"B-203477,B-678900,B-921966,B-213264",2030.0,False,
W-785573,Shri Tejveer Singh,Rajya Sabha,Uttar Pradesh,Sitting Rajya Sabha,V-235395,Sanitation,2025-09-27,2025-10-13,9266337.6,7601339.04,53,"B-727229,B-557454",2030.0,False,
W-680837,Shri Tejveer Singh,Rajya Sabha,Uttar Pradesh,Sitting Rajya Sabha,V-859981,Education,2025-01-15,2025-01-16,26188007.31,20229646.71,52,"B-35687,B-856310,B-774316,B-3388,B-810705",2030.0,False,
W-738234,Shri Tejveer Singh,Rajya Sabha,Uttar Pradesh,Sitting Rajya Sabha,V-506791,Sanitation,2025-07-25,2025-08-23,15127943.43,10383074.59,51,"B-411635,B-33174,B-40388",2030.0,True,sanction_delay
W-958244,Shri Tejveer Singh,Rajya Sabha,Uttar Pradesh,Sitting Rajya Sabha,V-276779,Education,2024-04-15,2024-05-06,43069491.21,34834279.32,71,"B-969119,B-8438,B-54971,B-250727",2030.0,False,
W-256031,Shri Terash Gowalla,Rajya Sabha,Assam,Sitting Rajya Sabha,V-604641,Other,2026-04-05,2026-10-16,2348803.14,2294471.65,83,"B-423083,B-165544,B-690639,B-83371",2032.0,True,sanction_delay
W-857984,Shri Terash Gowalla,Rajya Sabha,Assam,Sitting Rajya Sabha,V-796016,Sanitation,2022-01-05,2022-02-01,10965888.53,9266724.1,43,"B-198677,B-737434",2032.0,False,
W-392808,Shri Terash Gowalla,Rajya Sabha,Assam,Sitting Rajya Sabha,V-956325,Health,2026-06-01,2026-06-22,11952142.54,11479431.42,74,"B-945567,B-344212",2032.0,False,
W-674143,Shri Terash Gowalla,Rajya Sabha,Assam,Sitting Rajya Sabha,V-364601,Education,2024-02-28,2024-03-28,6945820.48,5613468.67,39,"B-979742,B-713065,B-813072,B-2260,B-273700",2032.0,False,
W-750533,Shri Terash Gowalla,Rajya Sabha,Assam,Sitting Rajya Sabha,V-520422,Sanitation,2023-07-10,2023-08-06,13811373.01,9100929.93,56,"B-1552,B-651844,B-242610,B-91749,B-884627",2032.0,False,
W-663174,Shri Terash Gowalla,Rajya Sabha,Assam,Sitting Rajya Sabha,V-571752,Water,2022-02-23,2022-03-11,2730972.3,1852645.49,76,"B-596394,B-512571,B-884323,B-786087,B-488058",2032.0,False,
W-842860,Shri Tiruchi Siva,Rajya Sabha,Tamil Nadu,Sitting Rajya Sabha,V-585775,Road,2025-01-12,2025-01-27,5990669.07,8898039.76,93,"B-761254,B-618436,B-369101,B-56084",2032.0,True,cost_overrun
W-560012,Shri Tiruchi Siva,Rajya Sabha,Tamil Nadu,Sitting Rajya Sabha,V-231734,Education,2025-02-09,2025-03-15,7766167.78,6162090.24,81,"B-235143,B-811103,B-702154,B-345297",2032.0,False,
W-379758,Shri Tiruchi Siva,Rajya Sabha,Tamil Nadu,Sitting Rajya Sabha,V-906216,Education,2025-04-11,2025-05-13,14330925.48,11600154.79,69,"B-209454,B-467788,B-559549,B-840422,B-466388",2032.0,False,
W-302773,Shri Tiruchi Siva,Rajya Sabha,Tamil Nadu,Sitting Rajya Sabha,V-112830,Sanitation,2025-11-09,2025-11-28,9857699.28,8480365.68,61,"B-315332,B-96025,B-83950,B-583124,B-239962",2032.0,False,
W-277124,Shri Tiruchi Siva,Rajya Sabha,Tamil Nadu,Sitting Rajya Sabha,V-659299,Other,2023-02-24,2023-02-24,11164232.5,10575990.91,90,"B-942755,B-265993,B-788786",2032.0,False,
W-390453,Shri Ujjwal Deorao Nikam,Rajya Sabha,Maharashtra,Nominated Rajya Sabha,V-965958,Health,2023-10-12,2023-10-30,31136598.62,22612724.82,55,"B-366901,B-343192,B-560513",2031.0,False,
W-325176,Shri Ujjwal Deorao Nikam,Rajya Sabha,Maharashtra,Nominated Rajya Sabha,V-945896,Education,2025-01-11,2025-01-18,13336108.92,12523948.98,92,"B-461703,B-695351",2031.0,False,
W-147970,Shri Ujjwal Deorao Nikam,Rajya Sabha,Maharashtra,Nominated Rajya Sabha,V-DUP-006,Education,2021-09-09,2021-10-06,5267669.54,4487301.04,56,"B-831809,B-843833",2031.0,True,duplicate_vendor
W-601698,Shri Ujjwal Deorao Nikam,Rajya Sabha,Maharashtra,Nominated Rajya Sabha,V-351417,Health,2025-09-22,2025-10-07,23392122.91,19339391.03,76,"B-82344,B-538923,B-256099,B-908651",2031.0,False,
W-340441,Shri Upendra Kushwaha,Rajya Sabha,Bihar,Sitting Rajya Sabha,V-773584,Education,2023-06-07,2023-06-18,19137879.78,18180001.44,75,"B-259961,B-369930,B-714578",2032.0,False,
W-734814,Shri Upendra Kushwaha,Rajya Sabha,Bihar,Sitting Rajya Sabha,V-527881,Sanitation,2025-07-28,2025-08-21,13731352.16,9718616.32,49,"B-555346,B-137390",2032.0,False,
W-621932,Shri Upendra Kushwaha,Rajya Sabha,Bihar,Sitting Rajya Sabha,V-580900,Sanitation,2025-08-03,2022-11-25,15885768.06,13101314.41,68,"B-319813,B-427519,B-278584,B-172649,B-370946",2032.0,True,delayed_completion
W-274631,Shri V. Vijayendra Prasad,Rajya Sabha,Andhra Pradesh,Nominated Rajya Sabha,V-34050,Other,2023-07-29,2023-08-22,84325854.59,65099994.68,47,"B-470699,B-32194,B-875466,B-769104",2028.0,False,
W-402228,Shri V. Vijayendra Prasad,Rajya Sabha,Andhra Pradesh,Nominated Rajya Sabha,V-361539,Other,2022-04-13,2018-02-22,32019102.11,26202209.84,52,"B-609464,B-696554",2028.0,False,
W-789011,Shri V. Vijayendra Prasad,Rajya Sabha,Andhra Pradesh,Nominated Rajya Sabha,V-720592,Education,2025-08-23,2025-09-26,60991176.8,46157999.33,82,"B-532492,B-859084,B-874699,B-835941,B-202514",2028.0,False,
W-895942,Shri V. Vijayendra Prasad,Rajya Sabha,Andhra Pradesh,Nominated Rajya Sabha,V-386304,Road,2025-04-10,2025-05-12,17747503.82,13462817.73,76,"B-417932,B-193809,B-321413,B-376628",2028.0,False,
W-776250,Shri Vijay Chintakayala,Rajya Sabha,Andhra Pradesh,Sitting Rajya Sabha,V-254372,Health,2026-08-25,2026-09-28,13676725.64,8938809.96,71,"B-401774,B-206687,B-264372,B-817568",2032.0,False,
W-867866,Shri Vijay Chintakayala,Rajya Sabha,Andhra Pradesh,Sitting Rajya Sabha,V-824260,Education,2025-08-08,2025-08-31,12015750.74,11435008.86,90,"B-63821,B-288153,B-446508,B-121206",2032.0,False,
W-705198,Shri Vijay Chintakayala,Rajya Sabha,Andhra Pradesh,Sitting Rajya Sabha,V-228345,Education,2026-04-05,2026-04-25,3183197.58,2384592.42,87,"B-79838,B-773637,B-695387,B-769139",2032.0,False,
W-328290,Shri Vijay Chintakayala,Rajya Sabha,Andhra Pradesh,Sitting Rajya Sabha,V-524855,Road,2024-11-22,2024-12-18,19879326.04,16303934.91,92,"B-293891,B-350963,B-351935,B-363317,B-535097",2032.0,False,
W-272580,Shri Vinod Shridhar Tawde,Rajya Sabha,Maharashtra,Sitting Rajya Sabha,V-536550,Road,2024-01-31,2024-02-21,9287939.64,8884865.98,75,"B-271294,B-403742,B-209809,B-679762,B-526911",2032.0,False,
W-226051,Shri Vinod Shridhar Tawde,Rajya Sabha,Maharashtra,Sitting Rajya Sabha,V-236736,Other,2026-02-14,2026-03-16,6990068.61,5950389.24,68,"B-215321,B-858423,B-453977,B-81180",2032.0,False,
W-374964,Shri Vinod Shridhar Tawde,Rajya Sabha,Maharashtra,Sitting Rajya Sabha,V-923901,Health,2023-03-29,2023-04-04,4386455.05,3805221.97,86,"B-516527,B-65247,B-423800,B-848237,B-831486",2032.0,False,
W-625151,Shri Vinod Shridhar Tawde,Rajya Sabha,Maharashtra,Sitting Rajya Sabha,V-386973,Road,2026-07-15,2026-07-25,4224483.12,3667309.02,92,"B-851688,B-499141,B-372773,B-320120",2032.0,False,
W-553782,Shri Vinod Shridhar Tawde,Rajya Sabha,Maharashtra,Sitting Rajya Sabha,V-950203,Other,2024-07-01,2024-08-24,9178168.82,7403628.6,40,"B-130104,B-816830,B-547331,B-207808",2032.0,False,
W-595729,Shri Vinod Shridhar Tawde,Rajya Sabha,Maharashtra,Sitting Rajya Sabha,V-907319,Sanitation,2024-07-27,2024-08-23,10737478.17,7257368.88,82,"B-962102,B-652305,B-58158",2032.0,False,
W-755739,Shri Vinod Shridhar Tawde,Rajya Sabha,Maharashtra,Sitting Rajya Sabha,V-647320,Education,2021-11-07,2021-12-11,3950406.58,3861276.94,81,"B-383303,B-847586",2032.0,False,
W-517509,Shri Vivek K. Tankha,Rajya Sabha,Madhya Pradesh,Sitting Rajya Sabha,V-382638,Road,2023-10-19,2023-11-02,104491078.03,80673357.28,69,"B-963175,B-169029,B-466760,B-399347,B-316313",2028.0,False,
W-884342,Shri Vivek K. Tankha,Rajya Sabha,Madhya Pradesh,Sitting Rajya Sabha,V-466008,Road,2022-04-05,2022-04-21,44603915.45,40739562.44,86,"B-659096,B-74238,B-68000",2028.0,False,
W-804409,Shri Vivek K. Tankha,Rajya Sabha,Madhya Pradesh,Sitting Rajya Sabha,V-596486,Education,2025-02-02,2025-03-03,70366143.84,64864981.86,75,"B-471294,B-857233,B-231114",2028.0,False,
W-907124,Shri Yerram Venkata Subba Reddy,Rajya Sabha,Andhra Pradesh,Sitting Rajya Sabha,V-879314,Health,2025-04-14,2025-04-14,44255131.61,39857671.17,77,"B-324810,B-632942,B-792207,B-843505,B-698724",2030.0,False,
W-685089,Shri Yerram Venkata Subba Reddy,Rajya Sabha,Andhra Pradesh,Sitting Rajya Sabha,V-296772,Health,2024-02-14,2024-03-06,20343504.41,21416109.88,75,"B-552433,B-903282",2030.0,True,cost_overrun
W-474728,Shri Yerram Venkata Subba Reddy,Rajya Sabha,Andhra Pradesh,Sitting Rajya Sabha,V-842798,Health,2024-04-14,2024-05-14,39940285.3,30195286.24,71,"B-256149,B-308988,B-821901,B-279775",2030.0,False,
W-292475,Shri Yerram Venkata Subba Reddy,Rajya Sabha,Andhra Pradesh,Sitting Rajya Sabha,V-565364,Other,2025-12-03,2025-12-12,19179620.88,14025908.85,68,"B-28376,B-707318,B-656144",2030.0,False,
W-320674,Shri Yerram Venkata Subba Reddy,Rajya Sabha,Andhra Pradesh,Sitting Rajya Sabha,V-814890,Road,2022-06-22,2022-07-10,22546457.8,21331624.24,41,"B-474409,B-204002",2030.0,False,
W-555535,Smt. Adhikarimayum Sharda Devi,Rajya Sabha,Manipur,Sitting Rajya Sabha,V-740771,Road,2024-03-03,2024-03-12,5896846.1,5392149.41,67,"B-704103,B-528826,B-727649,B-555257,B-415589",2032.0,False,
W-512805,Smt. Adhikarimayum Sharda Devi,Rajya Sabha,Manipur,Sitting Rajya Sabha,V-92994,Other,2023-08-01,2023-08-27,26069315.88,24600691.35,90,"B-936886,B-327616,B-919715,B-928588",2032.0,False,
W-848599,Smt. Adhikarimayum Sharda Devi,Rajya Sabha,Manipur,Sitting Rajya Sabha,V-907541,Health,2023-09-28,2023-10-25,3862686.64,2949476.01,77,"B-847867,B-264732,B-580878,B-729151,B-985351",2032.0,False,
W-866742,Smt. Adhikarimayum Sharda Devi,Rajya Sabha,Manipur,Sitting Rajya Sabha,V-758835,Road,2025-06-23,2025-07-16,12926151.38,10854010.74,41,"B-983009,B-525124,B-929431,B-887317,B-863089",2032.0,False,
W-419784,Smt. Darshana Singh,Rajya Sabha,Uttar Pradesh,Sitting Rajya Sabha,V-568028,Education,2024-07-04,2024-07-15,17892262.83,13506221.26,65,"B-900968,B-410534",2028.0,False,
W-619504,Smt. Darshana Singh,Rajya Sabha,Uttar Pradesh,Sitting Rajya Sabha,V-922802,Road,2025-07-06,2025-07-27,57478565.77,54989187.36,95,"B-763817,B-920723,B-57790,B-310416",2028.0,False,
W-473501,Smt. Darshana Singh,Rajya Sabha,Uttar Pradesh,Sitting Rajya Sabha,V-81389,Sanitation,2026-05-31,2026-06-02,9305424.78,9084082.63,47,"B-270173,B-51044,B-685097,B-720935,B-480461",2028.0,False,
W-984344,Smt. Darshana Singh,Rajya Sabha,Uttar Pradesh,Sitting Rajya Sabha,V-39112,Health,2023-12-24,2023-12-27,27096433.7,17993414.96,93,"B-956552,B-34894,B-245878,B-628532,B-573399",2028.0,False,
W-437161,Smt. Darshana Singh,Rajya Sabha,Uttar Pradesh,Sitting Rajya Sabha,V-386341,Water,2024-11-10,2024-11-20,40897035.89,38826390.53,76,"B-765415,B-994839",2028.0,False,
W-121602,Smt. Darshana Singh,Rajya Sabha,Uttar Pradesh,Sitting Rajya Sabha,V-264548,Water,2026-07-21,2026-08-18,27234894.23,22988933.9,54,"B-198603,B-67212,B-583677,B-977097",2028.0,False,
W-925584,Smt. Darshana Singh,Rajya Sabha,Uttar Pradesh,Sitting Rajya Sabha,V-467005,Other,2024-02-11,2024-02-28,16104784.79,15376457.45,83,"B-290615,B-435868,B-824201",2028.0,False,
W-647908,Smt. Geeta alias Chandraprabha,Rajya Sabha,Uttar Pradesh,Sitting Rajya Sabha,V-138982,Sanitation,2024-05-05,2024-05-22,24317781.92,30455801.93,91,"B-556869,B-240560,B-92553,B-42771",2026.0,True,cost_overrun
W-432205,Smt. Geeta alias Chandraprabha,Rajya Sabha,Uttar Pradesh,Sitting Rajya Sabha,V-876295,Sanitation,2022-03-06,2022-04-02,2612243.76,2171622.37,64,"B-442488,B-467285,B-459919,B-723302,B-947176",2026.0,False,
W-549773,Smt. Geeta alias Chandraprabha,Rajya Sabha,Uttar Pradesh,Sitting Rajya Sabha,V-156349,Sanitation,2024-09-22,2024-10-25,14245816.14,11363912.59,77,"B-260405,B-902465",2026.0,False,
W-569906,Smt. Geeta alias Chandraprabha,Rajya Sabha,Uttar Pradesh,Sitting Rajya Sabha,V-830421,Health,2026-04-01,2026-04-09,27944849.26,24228555.82,61,"B-803261,B-790842,B-784645",2026.0,False,
W-343306,Smt. Geeta alias Chandraprabha,Rajya Sabha,Uttar Pradesh,Sitting Rajya Sabha,V-343096,Water,2024-09-11,2024-10-04,5175221.76,4502559.95,83,"B-560980,B-733972,B-868603,B-718279",2026.0,False,
W-957114,Smt. Geeta alias Chandraprabha,Rajya Sabha,Uttar Pradesh,Sitting Rajya Sabha,V-296115,Road,2022-02-04,2022-02-09,43310033.87,32237912.4,61,"B-556182,B-404879,B-374882",2026.0,False,
W-802698,Smt. Geeta alias Chandraprabha,Rajya Sabha,Uttar Pradesh,Sitting Rajya Sabha,V-106540,Other,2022-02-28,2022-03-28,77477690.61,67803325.35,68,"B-236917,B-619065,B-301741,B-138339",2026.0,False,
W-378002,Smt. Jaya Amitabh Bachchan,Rajya Sabha,Uttar Pradesh,Sitting Rajya Sabha,V-853627,Sanitation,2024-05-18,2024-05-28,26420615.02,21495431.84,47,"B-39416,B-882869,B-560855,B-380997",2030.0,False,
W-229246,Smt. Jaya Amitabh Bachchan,Rajya Sabha,Uttar Pradesh,Sitting Rajya Sabha,V-551451,Water,2023-08-16,2023-08-17,11127054.24,8703764.64,69,"B-889108,B-489594,B-325960,B-490486",2030.0,False,
W-982503,Smt. Jaya Amitabh Bachchan,Rajya Sabha,Uttar Pradesh,Sitting Rajya Sabha,V-464451,Other,2026-04-05,2026-06-19,6101121.38,5401385.08,76,"B-201471,B-726864,B-535024,B-136092,B-916244",2030.0,True,sanction_delay
W-216241,Smt. Jaya Amitabh Bachchan,Rajya Sabha,Uttar Pradesh,Sitting Rajya Sabha,V-283848,Water,2025-04-29,2025-05-24,38116379.24,37195366.55,63,"B-541066,B-808418,B-93004,B-358260,B-997861",2030.0,False,
W-196792,Smt. Jaya Amitabh Bachchan,Rajya Sabha,Uttar Pradesh,Sitting Rajya Sabha,V-423607,Sanitation,2025-01-23,2025-02-16,9982944.23,8671407.57,36,"B-989505,B-253977,B-256130",2030.0,False,
W-942511,Smt. Jaya Amitabh Bachchan,Rajya Sabha,Uttar Pradesh,Sitting Rajya Sabha,V-852435,Water,2026-02-03,2026-03-04,21390073.75,16183480.4,64,"B-732338,B-68229,B-536326,B-966979,B-26968",2030.0,False,
W-757829,Smt. Jaya Amitabh Bachchan,Rajya Sabha,Uttar Pradesh,Sitting Rajya Sabha,V-536994,Education,2024-10-25,2024-11-03,22826390.03,19322838.87,76,"B-553216,B-902766,B-303122,B-619507",2030.0,False,
W-675491,Smt. Jaya Amitabh Bachchan,Rajya Sabha,Uttar Pradesh,Sitting Rajya Sabha,V-245921,Water,2024-04-30,2024-05-26,10300422.11,9605011.74,37,"B-14532,B-682641",2030.0,False,
W-661126,Smt. Jebi Mather Hisham,Rajya Sabha,Kerala,Sitting Rajya Sabha,V-597071,Education,2025-02-15,2025-02-16,99958119.05,91465923.3,72,"B-198778,B-968244,B-168422,B-708034,B-910110",2028.0,False,
W-319668,Smt. Jebi Mather Hisham,Rajya Sabha,Kerala,Sitting Rajya Sabha,V-397718,Sanitation,2025-12-18,2025-12-26,12476365.39,10940400.3,46,"B-74038,B-467392",2028.0,False,
W-663888,Smt. Jebi Mather Hisham,Rajya Sabha,Kerala,Sitting Rajya Sabha,V-325926,Sanitation,2026-01-08,2026-02-02,48380304.66,38868289.07,90,"B-287400,B-135450,B-756515,B-70194,B-178984",2028.0,False,
W-422226,Smt. Jebi Mather Hisham,Rajya Sabha,Kerala,Sitting Rajya Sabha,V-630113,Sanitation,2023-12-05,2023-12-18,37811310.36,28957980.72,76,"B-739992,B-962657,B-637446,B-540250,B-262006",2028.0,False,
W-795472,Smt. Jebi Mather Hisham,Rajya Sabha,Kerala,Sitting Rajya Sabha,V-738386,Health,2022-05-09,2022-05-10,20835037.86,14829639.17,72,"B-26750,B-447428,B-65119",2028.0,False,
W-414856,Smt. Laxmi Verma,Rajya Sabha,Chhattisgarh,Sitting Rajya Sabha,V-661341,Health,2026-03-14,2026-04-05,7215592.39,5804579.05,92,"B-761694,B-46085,B-705082",2032.0,False,
W-892061,Smt. Laxmi Verma,Rajya Sabha,Chhattisgarh,Sitting Rajya Sabha,V-250367,Health,2022-04-15,2022-05-19,7767144.31,7552356.98,45,"B-740207,B-508768,B-726416,B-817987,B-243223",2032.0,False,
W-794453,Smt. Laxmi Verma,Rajya Sabha,Chhattisgarh,Sitting Rajya Sabha,V-824265,Health,2022-08-16,2022-09-15,5853982.84,5360922.42,50,"B-743432,B-974731,B-784194,B-653141,B-203812",2032.0,False,
W-861887,Smt. Laxmi Verma,Rajya Sabha,Chhattisgarh,Sitting Rajya Sabha,V-925528,Health,2023-06-02,2023-06-15,3480995.85,3147142.36,92,"B-847964,B-996179,B-811083,B-445649",2032.0,False,
W-872113,Smt. Laxmi Verma,Rajya Sabha,Chhattisgarh,Sitting Rajya Sabha,V-315729,Other,2024-09-10,2024-09-26,16424795.3,13480022.99,68,"B-95242,B-128701",2032.0,False,
W-358244,Smt. Laxmi Verma,Rajya Sabha,Chhattisgarh,Sitting Rajya Sabha,V-282905,Sanitation,2026-01-23,2026-02-05,8012489.3,5350984.14,41,"B-434455,B-664099,B-596438,B-883164,B-64477",2032.0,False,
W-702205,Smt. Mahua Maji,Rajya Sabha,Jharkhand,Sitting Rajya Sabha,V-856748,Other,2022-06-29,2022-07-14,19087400.45,14260207.77,52,"B-491163,B-149617",2028.0,False,
W-698253,Smt. Mahua Maji,Rajya Sabha,Jharkhand,Sitting Rajya Sabha,V-520244,Education,2022-07-25,2022-08-27,11088488.08,8731771.81,86,"B-460785,B-685326,B-698228",2028.0,False,
W-797990,Smt. Mahua Maji,Rajya Sabha,Jharkhand,Sitting Rajya Sabha,V-141686,Sanitation,2022-09-16,2022-09-29,34113973.06,33295221.53,71,"B-856141,B-555156,B-525057,B-822239,B-440323",2028.0,False,
W-336066,Smt. Mahua Maji,Rajya Sabha,Jharkhand,Sitting Rajya Sabha,V-221246,Sanitation,2025-01-24,2025-01-27,56521187.26,48082448.04,56,"B-329052,B-866802,B-371393",2028.0,False,
W-203010,Smt. Mahua Maji,Rajya Sabha,Jharkhand,Sitting Rajya Sabha,V-996617,Education,2023-06-27,2023-07-24,25393155.07,24862800.85,39,"B-493373,B-61868,B-7478,B-134434",2028.0,False,
W-584666,Smt. Mahua Maji,Rajya Sabha,Jharkhand,Sitting Rajya Sabha,V-114728,Sanitation,2023-01-26,2023-02-25,18689856.98,15248488.3,62,"B-584427,B-851109,B-915124",2028.0,False,
W-442442,Smt. Mahua Maji,Rajya Sabha,Jharkhand,Sitting Rajya Sabha,V-326163,Water,2023-12-01,2023-12-23,9409434.69,8443161.74,86,"B-567753,B-485018",2028.0,False,
W-740746,Smt. Mahua Maji,Rajya Sabha,Jharkhand,Sitting Rajya Sabha,V-788095,Water,2022-12-07,2022-12-24,57057885.6,39230207.77,61,"B-722861,B-197122",2028.0,False,
W-704077,Smt. Mamata Thakur,Rajya Sabha,West Bengal,Sitting Rajya Sabha,V-545185,Other,2024-10-28,2024-11-02,14790909.43,13296563.62,68,"B-30228,B-865588,B-357423,B-983958",2030.0,False,
W-366894,Smt. Mamata Thakur,Rajya Sabha,West Bengal,Sitting Rajya Sabha,V-713138,Health,2022-06-30,2022-07-11,1462491.1,1369912.49,91,"B-725492,B-664698,B-769335,B-696349,B-226943",2030.0,False,
W-744272,Smt. Mamata Thakur,Rajya Sabha,West Bengal,Sitting Rajya Sabha,V-879439,Water,2023-07-20,2023-08-06,28713703.39,21506936.78,88,"B-252799,B-948796",2030.0,False,
W-907251,Smt. Mamata Thakur,Rajya Sabha,West Bengal,Sitting Rajya Sabha,V-721074,Education,2021-11-03,2021-11-12,22353361.04,16919846.75,86,"B-849088,B-8536",2030.0,False,
W-911481,Smt. Mamata Thakur,Rajya Sabha,West Bengal,Sitting Rajya Sabha,V-475572,Water,2023-01-22,2023-02-05,2474366.66,2424615.06,75,"B-542662,B-35506,B-201065,B-952009",2030.0,False,
W-130624,Smt. Mamata Thakur,Rajya Sabha,West Bengal,Sitting Rajya Sabha,V-424734,Road,2024-11-24,2024-12-05,13067702.65,10766418.51,77,"B-828322,B-112259",2030.0,False,
W-714832,Smt. Mamata Thakur,Rajya Sabha,West Bengal,Sitting Rajya Sabha,V-545981,Education,2024-08-30,2024-09-20,42140589.3,35107155.91,80,"B-937323,B-187117",2030.0,False,
W-924841,Smt. Mamata Thakur,Rajya Sabha,West Bengal,Sitting Rajya Sabha,V-DUP-011,Sanitation,2021-09-08,2021-10-02,21261876.43,20732227.45,80,"B-353331,B-693307,B-932242,B-295686,B-620411",2030.0,True,duplicate_vendor
W-782536,Smt. Maya Chintaman Ivnate,Rajya Sabha,Maharashtra,Sitting Rajya Sabha,V-742149,Health,2025-12-02,2025-12-17,4015172.57,3324674.26,77,"B-756849,B-176605",2032.0,False,
W-357154,Smt. Maya Chintaman Ivnate,Rajya Sabha,Maharashtra,Sitting Rajya Sabha,V-459167,Sanitation,2024-10-31,2024-11-06,8860926.75,7314246.56,80,"B-625332,B-886902",2032.0,False,
W-219491,Smt. Maya Chintaman Ivnate,Rajya Sabha,Maharashtra,Sitting Rajya Sabha,V-691391,Education,2024-03-25,2024-04-22,1949361.6,1990467.47,81,"B-701517,B-658768",2032.0,True,cost_overrun
W-946294,Smt. Maya Chintaman Ivnate,Rajya Sabha,Maharashtra,Sitting Rajya Sabha,V-912432,Health,2026-01-13,2026-01-25,12115914.96,11307547.87,82,"B-799870,B-991105,B-803445",2032.0,False,
W-562877,Smt. Maya Chintaman Ivnate,Rajya Sabha,Maharashtra,Sitting Rajya Sabha,V-700187,Health,2024-06-13,2024-07-08,6394756.85,6604194.36,75,"B-283307,B-271978,B-812289,B-488566,B-86824",2032.0,False,
W-999841,Smt. Maya Chintaman Ivnate,Rajya Sabha,Maharashtra,Sitting Rajya Sabha,V-825915,Other,2025-04-28,2025-05-13,7472014.01,6068894.26,90,"B-357643,B-426096,B-561305,B-60895",2032.0,False,
W-308271,Smt. Maya Chintaman Ivnate,Rajya Sabha,Maharashtra,Sitting Rajya Sabha,V-929439,Other,2024-11-26,2024-12-08,7946853.26,7067487.45,81,"B-483593,B-149070",2032.0,False,
W-880868,Smt. Maya Naroliya,Rajya Sabha,Madhya Pradesh,Sitting Rajya Sabha,V-245764,Road,2022-05-16,2022-06-01,39904298.41,37414484.36,52,"B-38973,B-266826,B-57556",2030.0,False,
W-982013,Smt. Maya Naroliya,Rajya Sabha,Madhya Pradesh,Sitting Rajya Sabha,V-9573,Health,2022-09-02,2022-09-06,25961176.24,21499955.48,56,"B-783178,B-231015,B-205160,B-291292,B-263520",2030.0,False,
W-417473,Smt. Maya Naroliya,Rajya Sabha,Madhya Pradesh,Sitting Rajya Sabha,V-582908,Water,2025-03-28,2025-04-23,5640822.64,4477399.74,95,"B-829494,B-910339,B-465174,B-674105",2030.0,False,
W-351916,Smt. Maya Naroliya,Rajya Sabha,Madhya Pradesh,Sitting Rajya Sabha,V-102198,Other,2026-09-01,2026-09-29,10560619.78,8731642.01,94,"B-985165,B-865735,B-957181,B-203022,B-257558",2030.0,False,
W-121532,Smt. Maya Naroliya,Rajya Sabha,Madhya Pradesh,Sitting Rajya Sabha,V-387917,Sanitation,2025-10-10,2025-10-15,4835796.18,3289392.31,69,"B-863052,B-433670",2030.0,False,
W-212419,Smt. Maya Naroliya,Rajya Sabha,Madhya Pradesh,Sitting Rajya Sabha,V-897225,Other,2023-10-07,2023-10-16,23554685.63,34556384.64,79,"B-455105,B-982342,B-122791,B-220227,B-388522",2030.0,True,cost_overrun
W-939019,Smt. Maya Naroliya,Rajya Sabha,Madhya Pradesh,Sitting Rajya Sabha,V-319735,Health,2025-08-23,2025-09-21,35807601.12,28203050.65,41,"B-268935,B-159207,B-756876",2030.0,False,
W-334508,Smt. Nirmala Sitharaman,Rajya Sabha,Karnataka,Sitting Rajya Sabha,V-160368,Sanitation,2026-08-30,2026-09-19,72832708.68,55627363.95,49,"B-606148,B-134765,B-385605,B-739845",2028.0,False,
W-293152,Smt. Nirmala Sitharaman,Rajya Sabha,Karnataka,Sitting Rajya Sabha,V-612170,Health,2026-07-14,2026-08-02,31844136.79,22978110.68,84,"B-701655,B-640776,B-737395",2028.0,False,
W-306006,Smt. Nirmala Sitharaman,Rajya Sabha,Karnataka,Sitting Rajya Sabha,V-73019,Education,2023-07-02,2023-07-12,85929678.49,62652097.38,81,"B-140569,B-477633,B-927231,B-237838,B-741111",2028.0,False,
W-184587,Smt. Nirmala Sitharaman,Rajya Sabha,Karnataka,Sitting Rajya Sabha,V-195648,Water,2023-05-24,2023-05-24,24285667.22,17940583.57,80,"B-799491,B-645850,B-864999,B-670896",2028.0,False,
W-735749,Smt. P. T. Usha,Rajya Sabha,Kerala,Nominated Rajya Sabha,V-194285,Education,2022-09-21,2022-10-20,36498884.88,30024235.85,81,"B-759351,B-148614,B-758621,B-991942",2028.0,False,
W-364694,Smt. P. T. Usha,Rajya Sabha,Kerala,Nominated Rajya Sabha,V-139353,Road,2022-07-16,2022-07-21,58950616.02,40513240.91,91,"B-177984,B-482448,B-855957",2028.0,False,
W-336419,Smt. P. T. Usha,Rajya Sabha,Kerala,Nominated Rajya Sabha,V-897139,Other,2024-05-21,2024-05-21,34236564.6,32948778.62,61,"B-902341,B-561739,B-604355",2028.0,False,
W-203838,Smt. P. T. Usha,Rajya Sabha,Kerala,Nominated Rajya Sabha,V-444240,Other,2026-05-24,2026-06-18,34341834.03,31388722.92,59,"B-12851,B-629983,B-88673",2028.0,False,
W-525806,Smt. P. T. Usha,Rajya Sabha,Kerala,Nominated Rajya Sabha,V-3476,Road,2024-11-14,2024-12-11,31055737.79,23834212.9,40,"B-922473,B-622040,B-595534,B-439922",2028.0,False,
W-145846,Smt. Phulo Devi Netam,Rajya Sabha,Chhattisgarh,Sitting Rajya Sabha,V-428751,Water,2024-10-27,2024-11-09,9959038.71,7938674.61,76,"B-674836,B-157354",2032.0,False,
W-881344,Smt. Phulo Devi Netam,Rajya Sabha,Chhattisgarh,Sitting Rajya Sabha,V-760308,Other,2022-04-16,2022-04-21,13695826.37,10822346.1,74,"B-869576,B-146442",2032.0,False,
W-357557,Smt. Phulo Devi Netam,Rajya Sabha,Chhattisgarh,Sitting Rajya Sabha,V-865660,Road,2026-01-26,2026-02-24,1148149.51,1031050.16,48,"B-809068,B-910990,B-195827,B-113561",2032.0,False,
W-483840,Smt. Phulo Devi Netam,Rajya Sabha,Chhattisgarh,Sitting Rajya Sabha,V-33621,Sanitation,2024-12-07,2024-12-22,6197237.64,5727648.0,92,"B-229856,B-462419",2032.0,False,
W-493790,Smt. Phulo Devi Netam,Rajya Sabha,Chhattisgarh,Sitting Rajya Sabha,V-305606,Sanitation,2023-11-03,2023-12-04,15076650.94,10043997.56,77,"B-88626,B-329081,B-988748,B-24578,B-290196",2032.0,False,
W-785463,Smt. Phulo Devi Netam,Rajya Sabha,Chhattisgarh,Sitting Rajya Sabha,V-738967,Water,2024-03-27,2024-03-31,2678096.82,2458473.29,68,"B-901612,B-129267",2032.0,False,
W-722179,Smt. Rajathi,Rajya Sabha,Tamil Nadu,Sitting Rajya Sabha,V-61670,Sanitation,2023-04-26,2023-06-08,6249003.79,5017281.31,82,"B-832970,B-676009",2031.0,False,
W-256380,Smt. Rajathi,Rajya Sabha,Tamil Nadu,Sitting Rajya Sabha,V-714780,Water,2025-05-21,2025-06-19,14346858.95,10489617.8,62,"B-926209,B-43608,B-294911,B-637344,B-156943",2031.0,False,
W-196539,Smt. Rajathi,Rajya Sabha,Tamil Nadu,Sitting Rajya Sabha,V-186501,Sanitation,2025-11-23,2025-12-05,11913113.81,12974247.71,74,"B-183736,B-100408,B-753494,B-260506,B-557438",2031.0,True,cost_overrun
W-220453,Smt. Rajathi,Rajya Sabha,Tamil Nadu,Sitting Rajya Sabha,V-905352,Road,2024-11-15,2024-11-20,16223930.85,14770779.15,35,"B-185601,B-10892,B-824619,B-39620,B-208936",2031.0,False,
W-390652,Smt. Rajathi,Rajya Sabha,Tamil Nadu,Sitting Rajya Sabha,V-932553,Health,2022-10-15,2022-11-04,30621093.35,25332492.13,60,"B-491609,B-879229",2031.0,False,
W-914192,Smt. Rajathi,Rajya Sabha,Tamil Nadu,Sitting Rajya Sabha,V-430556,Water,2025-11-11,2025-12-05,9448043.24,11414162.47,96,"B-311384,B-722052,B-873076,B-738396",2031.0,True,cost_overrun
W-112752,Smt. Ranjeet Ranjan,Rajya Sabha,Chhattisgarh,Sitting Rajya Sabha,V-968519,Water,2023-03-13,2023-05-15,60209493.37,54883231.99,56,"B-874390,B-503670,B-250305,B-242632,B-392014",2028.0,False,
W-940250,Smt. Ranjeet Ranjan,Rajya Sabha,Chhattisgarh,Sitting Rajya Sabha,V-981027,Road,2024-05-12,2024-05-26,91374176.93,61450440.96,54,"B-124275,B-885158,B-874661",2028.0,False,
W-489636,Smt. Ranjeet Ranjan,Rajya Sabha,Chhattisgarh,Sitting Rajya Sabha,V-556896,Education,2022-03-26,2022-03-31,93962686.27,90806481.35,43,"B-776400,B-408832,B-841936,B-937162,B-218570",2028.0,False,
W-751476,Smt. Rekha Sharma,Rajya Sabha,Haryana,Sitting Rajya Sabha,V-531353,Road,2026-04-04,2026-04-23,17546604.87,16989760.95,60,"B-174600,B-69403",2028.0,False,
W-479635,Smt. Rekha Sharma,Rajya Sabha,Haryana,Sitting Rajya Sabha,V-264157,Road,2023-09-22,2023-10-01,24682060.56,17620611.06,70,"B-952496,B-327303,B-534608",2028.0,False,
W-847703,Smt. Rekha Sharma,Rajya Sabha,Haryana,Sitting Rajya Sabha,V-27978,Education,2025-04-25,2025-05-24,17838204.53,16067532.93,68,"B-690484,B-646221,B-729443",2028.0,False,
W-701865,Smt. Rekha Sharma,Rajya Sabha,Haryana,Sitting Rajya Sabha,V-521643,Other,2023-01-03,2023-02-01,6642164.17,4880682.88,65,"B-999393,B-94471",2028.0,False,
W-866031,Smt. Rekha Sharma,Rajya Sabha,Haryana,Sitting Rajya Sabha,V-898953,Sanitation,2022-12-29,2023-01-25,2171068.16,1775038.02,48,"B-406865,B-915510,B-406938,B-128217",2028.0,False,
W-853076,Smt. Rekha Sharma,Rajya Sabha,Haryana,Sitting Rajya Sabha,V-836329,Other,2022-09-02,2022-09-07,28629897.71,23871684.95,59,"B-336299,B-393218",2028.0,False,
W-175053,Smt. Renuka Chowdhury,Rajya Sabha,Telangana,Sitting Rajya Sabha,V-552424,Education,2024-04-18,2024-04-21,73395339.94,52476322.05,91,"B-321195,B-767945,B-586163",2030.0,False,
W-305230,Smt. Renuka Chowdhury,Rajya Sabha,Telangana,Sitting Rajya Sabha,V-896191,Health,2022-05-09,2022-05-24,26656641.43,24348282.07,77,"B-81220,B-741995,B-879209",2030.0,False,
W-118582,Smt. Renuka Chowdhury,Rajya Sabha,Telangana,Sitting Rajya Sabha,V-63231,Water,2022-10-13,2022-11-14,46213018.63,34351403.81,55,"B-482916,B-409801,B-802605",2030.0,False,
W-763659,Smt. S. Phangnon Konyak,Rajya Sabha,Nagaland,Sitting Rajya Sabha,V-963517,Other,2026-04-29,2026-05-03,9375082.88,7774002.23,79,"B-412079,B-234154,B-178683",2028.0,False,
W-710401,Smt. S. Phangnon Konyak,Rajya Sabha,Nagaland,Sitting Rajya Sabha,V-256569,Water,2023-04-11,2023-04-25,21123358.44,21968314.19,71,"B-818645,B-408379",2028.0,True,cost_overrun
W-584687,Smt. S. Phangnon Konyak,Rajya Sabha,Nagaland,Sitting Rajya Sabha,V-771967,Education,2023-11-23,2023-12-01,45948184.82,30724625.36,35,"B-875700,B-926570,B-103077",2028.0,False,
W-979586,Smt. S. Phangnon Konyak,Rajya Sabha,Nagaland,Sitting Rajya Sabha,V-315111,Health,2026-03-31,2026-04-13,19154600.97,14990117.06,76,"B-203794,B-629593,B-129227,B-428520,B-224522",2028.0,False,
W-568615,Smt. S. Phangnon Konyak,Rajya Sabha,Nagaland,Sitting Rajya Sabha,V-489776,Water,2022-12-03,2022-12-20,45532366.08,34166266.67,78,"B-12606,B-581667,B-427014,B-170390",2028.0,False,
W-395420,Smt. S. Phangnon Konyak,Rajya Sabha,Nagaland,Sitting Rajya Sabha,V-417971,Road,2024-03-22,2024-03-31,48452422.98,40114523.45,59,"B-143377,B-653687,B-835454,B-80391",2028.0,False,
W-223360,Smt. S. Phangnon Konyak,Rajya Sabha,Nagaland,Sitting Rajya Sabha,V-187555,Other,2026-07-19,2026-08-09,15945121.15,11460486.44,71,"B-289319,B-320441,B-171323",2028.0,False,
W-129219,Smt. Sadhna Singh,Rajya Sabha,Uttar Pradesh,Sitting Rajya Sabha,V-493508,Education,2025-11-23,2025-12-07,17543036.47,15139444.57,53,"B-215077,B-493430",2030.0,False,
W-887717,Smt. Sadhna Singh,Rajya Sabha,Uttar Pradesh,Sitting Rajya Sabha,V-425277,Road,2025-12-09,2025-12-23,12112464.89,11036023.35,86,"B-463026,B-972250,B-931283,B-778189",2030.0,False,
W-815502,Smt. Sadhna Singh,Rajya Sabha,Uttar Pradesh,Sitting Rajya Sabha,V-476442,Other,2022-11-18,2022-12-15,23117437.18,18915600.76,40,"B-745266,B-299435,B-709927",2030.0,False,
W-921631,Smt. Sadhna Singh,Rajya Sabha,Uttar Pradesh,Sitting Rajya Sabha,V-246375,Other,2024-02-18,2024-03-14,19336420.4,13166924.77,75,"B-208320,B-148751,B-980337,B-992547,B-784926",2030.0,False,
W-224073,Smt. Sadhna Singh,Rajya Sabha,Uttar Pradesh,Sitting Rajya Sabha,V-504686,Sanitation,2024-01-13,2024-02-15,54920250.8,51653684.35,42,"B-387860,B-221596,B-143350,B-220006,B-339554",2030.0,False,
W-529227,Smt. Sadhna Singh,Rajya Sabha,Uttar Pradesh,Sitting Rajya Sabha,V-57509,Other,2022-11-19,2022-12-06,4676380.41,4736827.58,68,"B-247030,B-521990,B-452365,B-446022,B-543841",2030.0,False,
W-345508,Smt. Sadhna Singh,Rajya Sabha,Uttar Pradesh,Sitting Rajya Sabha,V-125887,Water,2024-06-18,2021-02-02,14559009.84,13546744.41,21,"B-761004,B-610355",2030.0,True,delayed_completion
W-963503,Smt. Sagarika Ghose,Rajya Sabha,West Bengal,Sitting Rajya Sabha,V-543870,Other,2025-10-27,2025-11-02,19092303.54,13429770.97,39,"B-34535,B-74127,B-907822,B-3796,B-32488",2030.0,False,
W-642589,Smt. Sagarika Ghose,Rajya Sabha,West Bengal,Sitting Rajya Sabha,V-727961,Sanitation,2024-11-12,2024-11-24,19373056.71,16675466.13,79,"B-29597,B-948387",2030.0,False,
W-704527,Smt. Sagarika Ghose,Rajya Sabha,West Bengal,Sitting Rajya Sabha,V-545472,Health,2022-07-17,2022-07-29,14593238.35,11091465.07,87,"B-437655,B-122680",2030.0,False,
W-359188,Smt. Sagarika Ghose,Rajya Sabha,West Bengal,Sitting Rajya Sabha,V-144871,Water,2026-04-13,2026-04-22,2633701.53,2572054.7,60,"B-455928,B-294822",2030.0,False,
W-168492,Smt. Sagarika Ghose,Rajya Sabha,West Bengal,Sitting Rajya Sabha,V-477447,Health,2024-12-01,2024-12-07,42293477.35,38790137.31,68,"B-319156,B-725844,B-845892,B-337202",2030.0,False,
W-192264,Smt. Sagarika Ghose,Rajya Sabha,West Bengal,Sitting Rajya Sabha,V-987364,Water,2022-06-14,2022-07-15,18928593.53,16309814.93,59,"B-378246,B-494174,B-935021",2030.0,False,
W-619755,Smt. Sagarika Ghose,Rajya Sabha,West Bengal,Sitting Rajya Sabha,V-251231,Other,2025-10-07,2025-10-08,8470620.55,6769455.98,44,"B-118782,B-932128,B-643332,B-310397,B-15188",2030.0,False,
W-504815,Smt. Sagarika Ghose,Rajya Sabha,West Bengal,Sitting Rajya Sabha,V-198318,Other,2022-06-29,2022-08-02,20880008.44,17801198.54,79,"B-523163,B-370036,B-749553,B-190010",2030.0,False,
W-187045,Smt. Sangeeta Yadav,Rajya Sabha,Uttar Pradesh,Sitting Rajya Sabha,V-627844,Sanitation,2025-10-29,2025-11-24,46190511.19,32516779.31,63,"B-852218,B-189627",2028.0,False,
W-356481,Smt. Sangeeta Yadav,Rajya Sabha,Uttar Pradesh,Sitting Rajya Sabha,V-170225,Education,2022-10-30,2022-11-12,31286783.24,22261302.57,86,"B-263209,B-176432",2028.0,False,
W-296078,Smt. Sangeeta Yadav,Rajya Sabha,Uttar Pradesh,Sitting Rajya Sabha,V-828857,Other,2023-12-09,2023-12-19,68668475.45,64476116.7,74,"B-107967,B-508264",2028.0,False,
W-750670,Smt. Sangeeta Yadav,Rajya Sabha,Uttar Pradesh,Sitting Rajya Sabha,V-340535,Health,2025-12-15,2026-01-03,48937867.44,40901842.95,95,"B-685494,B-391428,B-938981,B-768218",2028.0,False,
W-347621,Smt. Seema Dwivedi,Rajya Sabha,Uttar Pradesh,Sitting Rajya Sabha,V-481793,Health,2025-09-12,2025-10-06,33353884.63,27235538.01,81,"B-625160,B-930652",2026.0,False,
W-533283,Smt. Seema Dwivedi,Rajya Sabha,Uttar Pradesh,Sitting Rajya Sabha,V-502242,Other,2026-05-14,2026-06-13,46840412.3,40597059.25,70,"B-645482,B-817873,B-94311",2026.0,False,
W-750845,Smt. Seema Dwivedi,Rajya Sabha,Uttar Pradesh,Sitting Rajya Sabha,V-402125,Sanitation,2026-01-10,2026-01-13,32957264.57,31789891.69,59,"B-389877,B-123100,B-641504",2026.0,False,
W-626239,Smt. Seema Dwivedi,Rajya Sabha,Uttar Pradesh,Sitting Rajya Sabha,V-223715,Other,2022-10-22,2022-11-23,59809446.81,43258873.68,70,"B-73328,B-376978",2026.0,False,
W-549934,Smt. Sonia Gandhi,Rajya Sabha,Rajasthan,Sitting Rajya Sabha,V-823696,Water,2024-12-11,2024-12-19,66680664.07,69612103.44,81,"B-779467,B-289161",2030.0,True,cost_overrun
W-672514,Smt. Sonia Gandhi,Rajya Sabha,Rajasthan,Sitting Rajya Sabha,V-439772,Road,2023-07-07,2023-07-29,11164679.21,7350336.07,37,"B-819539,B-752148,B-262085,B-528419,B-440356",2030.0,False,
W-797728,Smt. Sonia Gandhi,Rajya Sabha,Rajasthan,Sitting Rajya Sabha,V-747823,Sanitation,2022-12-22,2023-01-16,7527489.68,7042683.19,73,"B-936128,B-521196",2030.0,False,
W-728121,Smt. Sonia Gandhi,Rajya Sabha,Rajasthan,Sitting Rajya Sabha,V-445424,Road,2026-01-19,2026-02-09,7420889.59,6736231.66,70,"B-726258,B-520339,B-129171,B-877754",2030.0,False,
W-659535,Smt. Sonia Gandhi,Rajya Sabha,Rajasthan,Sitting Rajya Sabha,V-497878,Sanitation,2021-11-06,2021-11-10,11442968.78,7811490.61,86,"B-16740,B-810050,B-824181,B-738579,B-DUP-016",2030.0,True,duplicate_beneficiary
W-795735,Smt. Sonia Gandhi,Rajya Sabha,Rajasthan,Sitting Rajya Sabha,V-542502,Sanitation,2022-08-27,2019-08-04,35996696.04,34440013.34,26,"B-739510,B-390156,B-495614,B-736541,B-448636",2030.0,True,delayed_completion
W-843328,Smt. Sonia Gandhi,Rajya Sabha,Rajasthan,Sitting Rajya Sabha,V-340444,Health,2022-12-11,2023-01-05,6031612.62,5875942.31,46,"B-610476,B-953012,B-146246,B-926936",2030.0,False,
W-392615,Smt. Sudha Murty,Rajya Sabha,Karnataka,Nominated Rajya Sabha,V-208422,Road,2022-08-13,2022-09-14,46486450.53,32417854.71,71,"B-331804,B-615940,B-973458,B-662291",2030.0,False,
W-616116,Smt. Sudha Murty,Rajya Sabha,Karnataka,Nominated Rajya Sabha,V-971253,Sanitation,2023-07-10,2023-08-08,53305157.53,52238746.34,42,"B-825527,B-800041,B-122408,B-330192",2030.0,False,
W-139502,Smt. Sudha Murty,Rajya Sabha,Karnataka,Nominated Rajya Sabha,V-235450,Road,2024-03-10,2024-04-11,20285823.5,18387533.25,76,"B-934298,B-685507,B-272749,B-365991",2030.0,False,
W-904793,Smt. Sudha Murty,Rajya Sabha,Karnataka,Nominated Rajya Sabha,V-971653,Water,2025-09-21,2025-10-18,4273543.18,3618530.92,50,"B-58938,B-5407",2030.0,False,
W-137498,Smt. Sudha Murty,Rajya Sabha,Karnataka,Nominated Rajya Sabha,V-132946,Health,2023-06-22,2023-07-11,14652632.03,12330146.13,78,"B-145656,B-868539,B-92198",2030.0,False,
W-212155,Smt. Sudha Murty,Rajya Sabha,Karnataka,Nominated Rajya Sabha,V-699031,Water,2026-01-18,2026-02-02,7261393.23,5119150.21,91,"B-988209,B-653557,B-299712,B-331985,B-851570",2030.0,False,
W-763166,Smt. Sulata Deo,Rajya Sabha,Odisha,Sitting Rajya Sabha,V-631149,Health,2024-04-10,2024-04-22,18389396.53,12590211.63,65,"B-820509,B-681598,B-241858",2028.0,False,
W-358649,Smt. Sulata Deo,Rajya Sabha,Odisha,Sitting Rajya Sabha,V-217916,Sanitation,2025-09-09,2025-10-01,52827044.64,47583675.88,69,"B-465895,B-432016,B-168367,B-799457,B-968773",2028.0,False,
W-185673,Smt. Sulata Deo,Rajya Sabha,Odisha,Sitting Rajya Sabha,V-945980,Other,2023-11-04,2023-12-07,5816899.48,4797139.87,36,"B-83389,B-764999,B-967081,B-979602,B-935289",2028.0,False,
W-787195,Smt. Sulata Deo,Rajya Sabha,Odisha,Sitting Rajya Sabha,V-729236,Sanitation,2023-01-06,2023-01-15,71192930.46,59423675.84,68,"B-782340,B-392116,B-872993,B-379612",2028.0,False,
W-807964,Smt. Sulata Deo,Rajya Sabha,Odisha,Sitting Rajya Sabha,V-708761,Other,2023-03-18,2023-04-13,27323697.27,24731512.87,43,B-DUP-012,2028.0,True,duplicate_beneficiary
W-865243,Smt. Sulata Deo,Rajya Sabha,Odisha,Sitting Rajya Sabha,V-132651,Road,2021-10-03,2021-11-03,19554329.41,18463054.78,85,"B-234603,B-60861,B-925765,B-474054,B-484494,B-DUP-012",2028.0,True,duplicate_beneficiary
W-973586,Smt. Sumitra Balmik,Rajya Sabha,Madhya Pradesh,Sitting Rajya Sabha,V-492165,Education,2026-07-12,2026-07-24,7006719.06,6230545.18,37,"B-116984,B-371677",2028.0,False,
W-181946,Smt. Sumitra Balmik,Rajya Sabha,Madhya Pradesh,Sitting Rajya Sabha,V-842459,Water,2026-05-15,2026-06-07,25682583.09,17384252.38,36,"B-860445,B-405735",2028.0,False,
W-704597,Smt. Sumitra Balmik,Rajya Sabha,Madhya Pradesh,Sitting Rajya Sabha,V-697630,Water,2024-09-25,2024-10-25,78279283.25,75322563.37,37,"B-897956,B-952494,B-834034,B-393946",2028.0,False,
W-815569,Smt. Sumitra Balmik,Rajya Sabha,Madhya Pradesh,Sitting Rajya Sabha,V-359635,Health,2023-09-01,2023-09-02,9569424.41,7902383.19,59,"B-201894,B-354365,B-89271,B-940616",2028.0,False,
W-168156,Smt. Sumitra Balmik,Rajya Sabha,Madhya Pradesh,Sitting Rajya Sabha,V-106656,Road,2026-08-20,2026-09-23,6873692.38,6667240.09,77,"B-317674,B-657674,B-665313",2028.0,False,
W-328631,Smt. Sumitra Balmik,Rajya Sabha,Madhya Pradesh,Sitting Rajya Sabha,V-40633,Road,2023-06-04,2023-07-05,25418323.43,21795168.08,44,"B-504241,B-711667,B-157910",2028.0,False,
W-176546,Smt. Sumitra Balmik,Rajya Sabha,Madhya Pradesh,Sitting Rajya Sabha,V-977360,Road,2025-11-27,2025-11-30,42253611.7,43148260.58,70,"B-49147,B-171712,B-916626,B-397332,B-981832",2028.0,True,cost_overrun
